Compilación iniciada a las 06/03/2026 18:55:24.
El nivel de detalle de registro está establecido en Detailed.     0>Proceso: "C:\Program Files\dotnet\dotnet.exe"
       Ruta de acceso al ejecutable de MSBuild: "C:\Program Files\dotnet\sdk\7.0.410\MSBuild.dll"
       Argumentos de la línea de comandos: "C:\Program Files\dotnet\sdk\7.0.410\MSBuild.dll -maxcpucount -verbosity:m -restore -consoleloggerparameters:Summary c:\Users\Tosito\Desktop\Tosito\windows\Optimizacion\src\OptimizadorAdmin\OptimizadorAdmin.csproj -fl -flp:logfile=build_admin.log -distributedlogger:Microsoft.DotNet.Tools.MSBuild.MSBuildLogger,C:\Program Files\dotnet\sdk\7.0.410\dotnet.dll*Microsoft.DotNet.Tools.MSBuild.MSBuildForwardingLogger,C:\Program Files\dotnet\sdk\7.0.410\dotnet.dll"
       Directorio actual: "C:\Users\Tosito\Desktop\Tosito\windows\Optimizacion\src\OptimizadorAdmin"
       Versión de MSBuild: "17.7.6+77d58ec69"
       Ensamblado cargado durante Evaluation: Microsoft.Build.NuGetSdkResolver, Version=6.7.1.1, Culture=neutral, PublicKeyToken=31bf3856ad364e35 (ubicación: C:\Program Files\dotnet\sdk\7.0.410\Microsoft.Build.NuGetSdkResolver.dll, MVID: 1afef5db-572a-4848-a392-696aaf5fbd70, AppDomain: [Default])
       Ensamblado cargado durante Evaluation: System.IO.FileSystem, Version=7.0.0.0, Culture=neutral, PublicKeyToken=b03f5f7f11d50a3a (ubicación: C:\Program Files\dotnet\shared\Microsoft.NETCore.App\7.0.20\System.IO.FileSystem.dll, MVID: b5518524-64ed-4073-8fcb-39149a549865, AppDomain: [Default])
       Ensamblado cargado durante Evaluation: Microsoft.NET.Sdk.WorkloadMSBuildSdkResolver, Version=7.0.410.0, Culture=neutral, PublicKeyToken=31bf3856ad364e35 (ubicación: C:\Program Files\dotnet\sdk\7.0.410\Microsoft.NET.Sdk.WorkloadMSBuildSdkResolver.dll, MVID: b05c4819-8f95-4274-b982-3179d031ccda, AppDomain: [Default])
       Ensamblado cargado durante Evaluation: System.Net.Quic, Version=7.0.0.0, Culture=neutral, PublicKeyToken=b03f5f7f11d50a3a (ubicación: C:\Program Files\dotnet\shared\Microsoft.NETCore.App\7.0.20\System.Net.Quic.dll, MVID: d8f0fab4-35a4-45c3-9485-6b611b763335, AppDomain: [Default])
       Resolviendo SDK "Microsoft.NET.Sdk"...
       Ensamblado cargado durante Evaluation: System.Reflection.Metadata, Version=7.0.0.0, Culture=neutral, PublicKeyToken=b03f5f7f11d50a3a (ubicación: C:\Program Files\dotnet\shared\Microsoft.NETCore.App\7.0.20\System.Reflection.Metadata.dll, MVID: 63915d29-649a-455a-8a2d-9f97ceb682d7, AppDomain: [Default])
       Ensamblado cargado durante Evaluation: System.Threading.ThreadPool, Version=7.0.0.0, Culture=neutral, PublicKeyToken=b03f5f7f11d50a3a (ubicación: C:\Program Files\dotnet\shared\Microsoft.NETCore.App\7.0.20\System.Threading.ThreadPool.dll, MVID: 6ef32c93-9382-4707-83ea-cf9e1687f782, AppDomain: [Default])
       Ensamblado cargado durante Evaluation: Microsoft.DotNet.Cli.Utils, Version=7.0.410.0, Culture=neutral, PublicKeyToken=adb9793829ddae60 (ubicación: C:\Program Files\dotnet\sdk\7.0.410\Microsoft.DotNet.Cli.Utils.dll, MVID: 5e38755e-c2de-4b41-94e5-5e2118229249, AppDomain: [Default])
       Ensamblado cargado durante Evaluation: Microsoft.NET.Sdk.WorkloadManifestReader, Version=7.0.410.0, Culture=neutral, PublicKeyToken=adb9793829ddae60 (ubicación: C:\Program Files\dotnet\sdk\7.0.410\Microsoft.NET.Sdk.WorkloadManifestReader.dll, MVID: e5f57266-0e0e-4634-be51-9082ccccf2c3, AppDomain: [Default])
       Ensamblado cargado durante Evaluation: System.Net.Sockets, Version=7.0.0.0, Culture=neutral, PublicKeyToken=b03f5f7f11d50a3a (ubicación: C:\Program Files\dotnet\shared\Microsoft.NETCore.App\7.0.20\System.Net.Sockets.dll, MVID: 11a4d785-4a1e-443a-8be7-eb11e4f9d2e1, AppDomain: [Default])
       Ensamblado cargado durante Evaluation: Microsoft.Deployment.DotNet.Releases, Version=1.0.0.0, Culture=neutral, PublicKeyToken=31bf3856ad364e35 (ubicación: C:\Program Files\dotnet\sdk\7.0.410\Microsoft.Deployment.DotNet.Releases.dll, MVID: 750c7bd1-cef6-418d-97db-eefca19619f7, AppDomain: [Default])
       Ensamblado cargado durante Evaluation: System.Threading.Overlapped, Version=7.0.0.0, Culture=neutral, PublicKeyToken=b03f5f7f11d50a3a (ubicación: C:\Program Files\dotnet\shared\Microsoft.NETCore.App\7.0.20\System.Threading.Overlapped.dll, MVID: f62c44b2-f947-49e3-a6be-f6b1a7813811, AppDomain: [Default])
       Propiedad "MSBuildExtensionsPath" con el valor "C:\Program Files\dotnet\sdk\7.0.410\" expandido desde el entorno.
       Reasignación de propiedad: $(MSBuildProjectExtensionsPath)="c:\Users\Tosito\Desktop\Tosito\windows\Optimizacion\src\OptimizadorAdmin\obj\" (valor anterior: "obj\") en C:\Program Files\dotnet\sdk\7.0.410\Current\Microsoft.Common.props (60,5)
       Ensamblado cargado durante Evaluation: System.Threading.Tasks.Parallel, Version=7.0.0.0, Culture=neutral, PublicKeyToken=b03f5f7f11d50a3a (ubicación: C:\Program Files\dotnet\shared\Microsoft.NETCore.App\7.0.20\System.Threading.Tasks.Parallel.dll, MVID: 6ece2ce4-07aa-4833-8eeb-c139cae66268, AppDomain: [Default])
       Propiedad "USERPROFILE" con el valor "C:\Users\Tosito" expandido desde el entorno.
       Reasignación de propiedad: $(AssemblySearchPaths)="{CandidateAssemblyFiles};{HintPathFromItem}" (valor anterior: "{CandidateAssemblyFiles}") en C:\Program Files\dotnet\sdk\7.0.410\Sdks\Microsoft.NET.Sdk\targets\Microsoft.NET.Sdk.props (82,5)
       Reasignación de propiedad: $(AssemblySearchPaths)="{CandidateAssemblyFiles};{HintPathFromItem};{TargetFrameworkDirectory}" (valor anterior: "{CandidateAssemblyFiles};{HintPathFromItem}") en C:\Program Files\dotnet\sdk\7.0.410\Sdks\Microsoft.NET.Sdk\targets\Microsoft.NET.Sdk.props (83,5)
       Reasignación de propiedad: $(AssemblySearchPaths)="{CandidateAssemblyFiles};{HintPathFromItem};{TargetFrameworkDirectory};{RawFileName}" (valor anterior: "{CandidateAssemblyFiles};{HintPathFromItem};{TargetFrameworkDirectory}") en C:\Program Files\dotnet\sdk\7.0.410\Sdks\Microsoft.NET.Sdk\targets\Microsoft.NET.Sdk.props (84,5)
       Reasignación de propiedad: $(PublishAotSupported)="true" (valor anterior: "false") en C:\Program Files\dotnet\sdk\7.0.410\Sdks\Microsoft.NET.Sdk\targets\Microsoft.NET.Sdk.props (120,5)
       Resolviendo SDK "Microsoft.NET.SDK.WorkloadAutoImportPropsLocator"...
       Resolviendo SDK "Microsoft.DotNet.ILCompiler"...
       Resolviendo SDK "Microsoft.NET.ILLink.Tasks"...
       Reasignación de propiedad: $(TargetsForTfmSpecificContentInPackage)=";PackTool;_PackProjectToolValidation" (valor anterior: ";PackTool") en C:\Program Files\dotnet\sdk\7.0.410\Sdks\Microsoft.NET.Sdk\targets\Microsoft.NET.PackProjectTool.props (15,5)
       Reasignación de propiedad: $(OutputType)="WinExe" (valor anterior: "Library") en c:\Users\Tosito\Desktop\Tosito\windows\Optimizacion\src\OptimizadorAdmin\OptimizadorAdmin.csproj (3,5)
       Reasignación de propiedad: $(PublishProfileImported)="false" (valor anterior: "true") en C:\Program Files\dotnet\sdk\7.0.410\Sdks\Microsoft.NET.Sdk\targets\Microsoft.NET.Sdk.ImportPublishProfile.targets (28,5)
       Ensamblado cargado durante Evaluation: NuGet.Frameworks, Version=6.7.1.1, Culture=neutral, PublicKeyToken=31bf3856ad364e35 (ubicación: C:\Program Files\dotnet\sdk\7.0.410\NuGet.Frameworks.dll, MVID: ce924f8b-47e2-476a-ace4-89f2ee4de2ae, AppDomain: [Default])
       Reasignación de propiedad: $(TargetPlatformVersion)="0.0" (valor anterior: "0.0.0.0") en C:\Program Files\dotnet\sdk\7.0.410\Sdks\Microsoft.NET.Sdk\targets\Microsoft.NET.TargetFrameworkInference.targets (64,5)
       Reasignación de propiedad: $(TargetPlatformVersion)="" (valor anterior: "0.0") en C:\Program Files\dotnet\sdk\7.0.410\Sdks\Microsoft.NET.Sdk\targets\Microsoft.NET.TargetFrameworkInference.targets (65,5)
       Reasignación de propiedad: $(TargetPlatformIdentifier)="Windows" (valor anterior: "windows") en C:\Program Files\dotnet\sdk\7.0.410\Sdks\Microsoft.NET.Sdk\targets\Microsoft.NET.TargetFrameworkInference.targets (67,5)
       Reasignación de propiedad: $(DefaultItemExcludes)=";bin\Debug\/**;obj\Debug\/**" (valor anterior: ";bin\Debug\/**") en C:\Program Files\dotnet\sdk\7.0.410\Sdks\Microsoft.NET.Sdk\targets\Microsoft.NET.TargetFrameworkInference.targets (247,5)
       Reasignación de propiedad: $(IntermediateOutputPath)="obj\Debug\net7.0-windows\" (valor anterior: "obj\Debug\") en C:\Program Files\dotnet\sdk\7.0.410\Sdks\Microsoft.NET.Sdk\targets\Microsoft.NET.TargetFrameworkInference.targets (266,5)
       Reasignación de propiedad: $(OutputPath)="bin\Debug\net7.0-windows\" (valor anterior: "bin\Debug\") en C:\Program Files\dotnet\sdk\7.0.410\Sdks\Microsoft.NET.Sdk\targets\Microsoft.NET.TargetFrameworkInference.targets (267,5)
       Resolviendo SDK "Microsoft.NET.SDK.WorkloadManifestTargetsLocator"...
       Reasignación de propiedad: $(_FrameworkIdentifierForImplicitDefine)="NET" (valor anterior: "NETCOREAPP") en C:\Program Files\dotnet\sdk\7.0.410\Sdks\Microsoft.NET.Sdk\targets\Microsoft.NET.Sdk.BeforeCommon.targets (180,5)
       Reasignación de propiedad: $(_FrameworkVersionForImplicitDefine)="7_0" (valor anterior: "7.0") en C:\Program Files\dotnet\sdk\7.0.410\Sdks\Microsoft.NET.Sdk\targets\Microsoft.NET.Sdk.BeforeCommon.targets (185,5)
       Reasignación de propiedad: $(CommandLineArgsForDesignTimeEvaluation)="-langversion:11.0 -define:TRACE" (valor anterior: "-langversion:11.0") en C:\Program Files\dotnet\sdk\7.0.410\Roslyn\Microsoft.CSharp.Core.targets (192,5)
       Ensamblado cargado durante Evaluation: Microsoft.Build.Utilities.Core, Version=15.1.0.0, Culture=neutral, PublicKeyToken=b03f5f7f11d50a3a (ubicación: C:\Program Files\dotnet\sdk\7.0.410\Microsoft.Build.Utilities.Core.dll, MVID: 27519bc3-078e-48d0-86f4-549f7b3fed1c, AppDomain: [Default])
       Reasignación de propiedad: $(_DebugSymbolsProduced)="true" (valor anterior: "false") en C:\Program Files\dotnet\sdk\7.0.410\Microsoft.Common.CurrentVersion.targets (175,5)
       Reasignación de propiedad: $(_DocumentationFileProduced)="false" (valor anterior: "true") en C:\Program Files\dotnet\sdk\7.0.410\Microsoft.Common.CurrentVersion.targets (185,5)
       Reasignación de propiedad: $(ProcessorArchitecture)="msil" (valor anterior: "") en C:\Program Files\dotnet\sdk\7.0.410\Microsoft.Common.CurrentVersion.targets (529,5)
       Reasignación de propiedad: $(DelaySign)="" (valor anterior: "false") en C:\Program Files\dotnet\sdk\7.0.410\Microsoft.Common.CurrentVersion.targets (568,5)
       Propiedad "LOCALAPPDATA" con el valor "C:\Users\Tosito\AppData\Local" expandido desde el entorno.
       Reasignación de propiedad: $(_SGenGenerateSerializationAssembliesConfig)="Auto" (valor anterior: "") en C:\Program Files\dotnet\sdk\7.0.410\Microsoft.Common.CurrentVersion.targets (3806,5)
       Reasignación de propiedad: $(_SGenGenerateSerializationAssembliesConfig)="Off" (valor anterior: "Auto") en C:\Program Files\dotnet\sdk\7.0.410\Microsoft.Common.CurrentVersion.targets (3807,5)
       Reasignación de propiedad: $(_TargetsThatPrepareProjectReferences)="
             AssignProjectConfiguration;
             _SplitProjectReferencesByFileExistence
           " (valor anterior: "_SplitProjectReferencesByFileExistence") en C:\Program Files\dotnet\sdk\7.0.410\Microsoft.Common.CurrentVersion.targets (4944,5)
       Propiedad "MSBuildExtensionsPath32" con el valor "C:\Program Files\dotnet\sdk\7.0.410" expandido desde el entorno.
       Reasignación de propiedad: $(ProjectAssetsCacheFile)="c:\Users\Tosito\Desktop\Tosito\windows\Optimizacion\src\OptimizadorAdmin\obj\Debug\net7.0-windows\OptimizadorAdmin.assets.cache" (valor anterior: "obj\Debug\net7.0-windows\OptimizadorAdmin.assets.cache") en C:\Program Files\dotnet\sdk\7.0.410\Sdks\Microsoft.NET.Sdk\targets\Microsoft.PackageDependencyResolution.targets (29,5)
       Reasignación de propiedad: $(ResolveAssemblyReferencesDependsOn)="
             
             ResolveProjectReferences;
             FindInvalidProjectReferences;
             GetFrameworkPaths;
             GetReferenceAssemblyPaths;
             PrepareForBuild;
             ResolveSDKReferences;
             ExpandSDKReferences;
           ;
             ResolvePackageDependenciesForBuild;
             _HandlePackageFileConflicts;
           " (valor anterior: "
             ResolveProjectReferences;
             FindInvalidProjectReferences;
             GetFrameworkPaths;
             GetReferenceAssemblyPaths;
             PrepareForBuild;
             ResolveSDKReferences;
             ExpandSDKReferences;
           ") en C:\Program Files\dotnet\sdk\7.0.410\Sdks\Microsoft.NET.Sdk\targets\Microsoft.PackageDependencyResolution.targets (80,5)
       Reasignación de propiedad: $(PrepareResourcesDependsOn)="
             ResolvePackageDependenciesForBuild;
             _HandlePackageFileConflicts;
             
             ;
             PrepareResourceNames;
             ResGen;
             CompileLicxFiles
           
           " (valor anterior: "
             ;
             PrepareResourceNames;
             ResGen;
             CompileLicxFiles
           ") en C:\Program Files\dotnet\sdk\7.0.410\Sdks\Microsoft.NET.Sdk\targets\Microsoft.PackageDependencyResolution.targets (86,5)
       Reasignación de propiedad: $(DefaultItemExcludes)=";bin\Debug\/**;obj\Debug\/**;bin\/**" (valor anterior: ";bin\Debug\/**;obj\Debug\/**") en C:\Program Files\dotnet\sdk\7.0.410\Sdks\Microsoft.NET.Sdk\targets\Microsoft.NET.Sdk.DefaultItems.targets (27,5)
       Reasignación de propiedad: $(DefaultItemExcludes)=";bin\Debug\/**;obj\Debug\/**;bin\/**;obj\/**" (valor anterior: ";bin\Debug\/**;obj\Debug\/**;bin\/**") en C:\Program Files\dotnet\sdk\7.0.410\Sdks\Microsoft.NET.Sdk\targets\Microsoft.NET.Sdk.DefaultItems.targets (29,5)
       Reasignación de propiedad: $(DefaultItemExcludes)=";bin\Debug\/**;obj\Debug\/**;bin\/**;obj\/**;**/*.user" (valor anterior: ";bin\Debug\/**;obj\Debug\/**;bin\/**;obj\/**") en C:\Program Files\dotnet\sdk\7.0.410\Sdks\Microsoft.NET.Sdk\targets\Microsoft.NET.Sdk.DefaultItems.targets (32,5)
       Reasignación de propiedad: $(DefaultItemExcludes)=";bin\Debug\/**;obj\Debug\/**;bin\/**;obj\/**;**/*.user;**/*.*proj" (valor anterior: ";bin\Debug\/**;obj\Debug\/**;bin\/**;obj\/**;**/*.user") en C:\Program Files\dotnet\sdk\7.0.410\Sdks\Microsoft.NET.Sdk\targets\Microsoft.NET.Sdk.DefaultItems.targets (33,5)
       Reasignación de propiedad: $(DefaultItemExcludes)=";bin\Debug\/**;obj\Debug\/**;bin\/**;obj\/**;**/*.user;**/*.*proj;**/*.sln" (valor anterior: ";bin\Debug\/**;obj\Debug\/**;bin\/**;obj\/**;**/*.user;**/*.*proj") en C:\Program Files\dotnet\sdk\7.0.410\Sdks\Microsoft.NET.Sdk\targets\Microsoft.NET.Sdk.DefaultItems.targets (34,5)
       Reasignación de propiedad: $(DefaultItemExcludes)=";bin\Debug\/**;obj\Debug\/**;bin\/**;obj\/**;**/*.user;**/*.*proj;**/*.sln;**/*.vssscc" (valor anterior: ";bin\Debug\/**;obj\Debug\/**;bin\/**;obj\/**;**/*.user;**/*.*proj;**/*.sln") en C:\Program Files\dotnet\sdk\7.0.410\Sdks\Microsoft.NET.Sdk\targets\Microsoft.NET.Sdk.DefaultItems.targets (35,5)
       Reasignación de propiedad: $(ResolveAssemblyReferencesDependsOn)="
             
             
             ResolveProjectReferences;
             FindInvalidProjectReferences;
             GetFrameworkPaths;
             GetReferenceAssemblyPaths;
             PrepareForBuild;
             ResolveSDKReferences;
             ExpandSDKReferences;
           ;
             ResolvePackageDependenciesForBuild;
             _HandlePackageFileConflicts;
           ;
             ResolveTargetingPackAssets;
           " (valor anterior: "
             
             ResolveProjectReferences;
             FindInvalidProjectReferences;
             GetFrameworkPaths;
             GetReferenceAssemblyPaths;
             PrepareForBuild;
             ResolveSDKReferences;
             ExpandSDKReferences;
           ;
             ResolvePackageDependenciesForBuild;
             _HandlePackageFileConflicts;
           ") en C:\Program Files\dotnet\sdk\7.0.410\Sdks\Microsoft.NET.Sdk\targets\Microsoft.NET.Sdk.FrameworkReferenceResolution.targets (14,5)
       Reasignación de propiedad: $(_GenerateRuntimeConfigurationPropertyInputsCache)="c:\Users\Tosito\Desktop\Tosito\windows\Optimizacion\src\OptimizadorAdmin\obj\Debug\net7.0-windows\OptimizadorAdmin.genruntimeconfig.cache" (valor anterior: "obj\Debug\net7.0-windows\OptimizadorAdmin.genruntimeconfig.cache") en C:\Program Files\dotnet\sdk\7.0.410\Sdks\Microsoft.NET.Sdk\targets\Microsoft.NET.Sdk.targets (44,5)
       Reasignación de propiedad: $(GenerateRuntimeConfigDevFile)="false" (valor anterior: "true") en C:\Program Files\dotnet\sdk\7.0.410\Sdks\Microsoft.NET.Sdk\targets\Microsoft.NET.Sdk.targets (61,5)
       Reasignación de propiedad: $(_DefaultUserProfileRuntimeStorePath)="C:\Users\Tosito" (valor anterior: "") en C:\Program Files\dotnet\sdk\7.0.410\Sdks\Microsoft.NET.Sdk\targets\Microsoft.NET.Sdk.targets (77,5)
       Reasignación de propiedad: $(_DefaultUserProfileRuntimeStorePath)="C:\Users\Tosito\.dotnet\store" (valor anterior: "C:\Users\Tosito") en C:\Program Files\dotnet\sdk\7.0.410\Sdks\Microsoft.NET.Sdk\targets\Microsoft.NET.Sdk.targets (78,5)
       Reasignación de propiedad: $(AvailablePlatforms)="Any CPU,x86,x64,ARM32" (valor anterior: "Any CPU,x86,x64") en C:\Program Files\dotnet\sdk\7.0.410\Sdks\Microsoft.NET.Sdk\targets\Microsoft.NET.Sdk.targets (112,5)
       Reasignación de propiedad: $(AvailablePlatforms)="Any CPU,x86,x64,ARM32,ARM64" (valor anterior: "Any CPU,x86,x64,ARM32") en C:\Program Files\dotnet\sdk\7.0.410\Sdks\Microsoft.NET.Sdk\targets\Microsoft.NET.Sdk.targets (116,5)
       Reasignación de propiedad: $(CoreBuildDependsOn)="
             _CheckForBuildWithNoBuild;
             
             BuildOnlySettings;
             PrepareForBuild;
             PreBuildEvent;
             ResolveReferences;
             PrepareResources;
             ResolveKeySource;
             Compile;
             ExportWindowsMDFile;
             UnmanagedUnregistration;
             GenerateSerializationAssemblies;
             CreateSatelliteAssemblies;
             GenerateManifests;
             GetTargetPath;
             PrepareForRun;
             UnmanagedRegistration;
             IncrementalClean;
             PostBuildEvent
           ;
             GenerateBuildDependencyFile;
             GenerateBuildRuntimeConfigurationFiles
           " (valor anterior: "
             BuildOnlySettings;
             PrepareForBuild;
             PreBuildEvent;
             ResolveReferences;
             PrepareResources;
             ResolveKeySource;
             Compile;
             ExportWindowsMDFile;
             UnmanagedUnregistration;
             GenerateSerializationAssemblies;
             CreateSatelliteAssemblies;
             GenerateManifests;
             GetTargetPath;
             PrepareForRun;
             UnmanagedRegistration;
             IncrementalClean;
             PostBuildEvent
           ") en C:\Program Files\dotnet\sdk\7.0.410\Sdks\Microsoft.NET.Sdk\targets\Microsoft.NET.Sdk.targets (134,5)
       Reasignación de propiedad: $(CoreCleanDependsOn)="
             _SdkBeforeClean;
             
           " (valor anterior: "") en C:\Program Files\dotnet\sdk\7.0.410\Sdks\Microsoft.NET.Sdk\targets\Microsoft.NET.Sdk.targets (143,5)
       Reasignación de propiedad: $(RebuildDependsOn)="
             _SdkBeforeRebuild;
             
             BeforeRebuild;
             Clean;
             Build;
             AfterRebuild;
           
           " (valor anterior: "
             BeforeRebuild;
             Clean;
             Build;
             AfterRebuild;
           ") en C:\Program Files\dotnet\sdk\7.0.410\Sdks\Microsoft.NET.Sdk\targets\Microsoft.NET.Sdk.targets (150,5)
       Reasignación de propiedad: $(CompileDependsOn)="
             
             ResolveReferences;
             ResolveKeySource;
             SetWin32ManifestProperties;
             FindReferenceAssembliesForReferences;
             _GenerateCompileInputs;
             BeforeCompile;
             _TimeStampBeforeCompile;
             _GenerateCompileDependencyCache;
             CoreCompile;
             _TimeStampAfterCompile;
             AfterCompile;
           ;
             _CreateAppHost;
             _CreateComHost;
             _GetIjwHostPaths;
           " (valor anterior: "
             ResolveReferences;
             ResolveKeySource;
             SetWin32ManifestProperties;
             FindReferenceAssembliesForReferences;
             _GenerateCompileInputs;
             BeforeCompile;
             _TimeStampBeforeCompile;
             _GenerateCompileDependencyCache;
             CoreCompile;
             _TimeStampAfterCompile;
             AfterCompile;
           ") en C:\Program Files\dotnet\sdk\7.0.410\Sdks\Microsoft.NET.Sdk\targets\Microsoft.NET.Sdk.targets (564,5)
       Reasignación de propiedad: $(CreateSatelliteAssembliesDependsOn)="
             
             _GenerateSatelliteAssemblyInputs;
             ComputeIntermediateSatelliteAssemblies;
             GenerateSatelliteAssemblies
           ;
             CoreGenerateSatelliteAssemblies
           " (valor anterior: "
             _GenerateSatelliteAssemblyInputs;
             ComputeIntermediateSatelliteAssemblies;
             GenerateSatelliteAssemblies
           ") en C:\Program Files\dotnet\sdk\7.0.410\Sdks\Microsoft.NET.Sdk\targets\Microsoft.NET.Sdk.targets (950,5)
       Reasignación de propiedad: $(DesignerRuntimeImplementationProjectOutputGroupDependsOn)="
             
             ;
             
             ;
             BuildOnlySettings;
             PrepareForBuild;
             AssignTargetPaths;
             ResolveReferences
           
           ;
             _GenerateDesignerDepsFile;
             _GenerateDesignerRuntimeConfigFile;
             GetCopyToOutputDirectoryItems;
             _GatherDesignerShadowCopyFiles;
           " (valor anterior: "
             ;
             
             ;
             BuildOnlySettings;
             PrepareForBuild;
             AssignTargetPaths;
             ResolveReferences
           
           ") en C:\Program Files\dotnet\sdk\7.0.410\Sdks\Microsoft.NET.Sdk\targets\Microsoft.NET.DesignerSupport.targets (21,5)
       Reasignación de propiedad: $(_ShimInputCacheFile)="c:\Users\Tosito\Desktop\Tosito\windows\Optimizacion\src\OptimizadorAdmin\obj\Debug\net7.0-windows\OptimizadorAdmin.shiminput.cache" (valor anterior: "obj\Debug\net7.0-windows\OptimizadorAdmin.shiminput.cache") en C:\Program Files\dotnet\sdk\7.0.410\Sdks\Microsoft.NET.Sdk\targets\Microsoft.NET.PackTool.targets (115,5)
       Reasignación de propiedad: $(_ShimCreatedSentinelFile)="c:\Users\Tosito\Desktop\Tosito\windows\Optimizacion\src\OptimizadorAdmin\obj\Debug\net7.0-windows\OptimizadorAdmin.shimcreated.sentinel" (valor anterior: "obj\Debug\net7.0-windows\OptimizadorAdmin.shimcreated.sentinel") en C:\Program Files\dotnet\sdk\7.0.410\Sdks\Microsoft.NET.Sdk\targets\Microsoft.NET.PackTool.targets (117,5)
       Reasignación de propiedad: $(DefineConstants)="TRACE;DEBUG" (valor anterior: "TRACE") en C:\Program Files\dotnet\sdk\7.0.410\Sdks\Microsoft.NET.Sdk\targets\Microsoft.NET.Sdk.CSharp.targets (31,5)
       Reasignación de propiedad: $(DefineConstants)="TRACE;DEBUG;NET;NET7_0;NETCOREAPP" (valor anterior: "TRACE;DEBUG") en C:\Program Files\dotnet\sdk\7.0.410\Sdks\Microsoft.NET.Sdk\targets\Microsoft.NET.Sdk.CSharp.targets (34,5)
       Reasignación de propiedad: $(WarningsAsErrors)=";NU1605;SYSLIB0011" (valor anterior: ";NU1605") en C:\Program Files\dotnet\sdk\7.0.410\Sdks\Microsoft.NET.Sdk\targets\Microsoft.NET.Sdk.CSharp.targets (48,5)
       Reasignación de propiedad: $(TargetPlatformVersion)="7.0" (valor anterior: "") en C:\Program Files\dotnet\sdk\7.0.410\Sdks\Microsoft.NET.Sdk\targets\Microsoft.NET.Windows.targets (34,5)
       Reasignación de propiedad: $(SupportedOSPlatformVersion)="7.0" (valor anterior: "") en C:\Program Files\dotnet\sdk\7.0.410\Sdks\Microsoft.NET.Sdk\targets\Microsoft.NET.Windows.targets (44,5)
       Reasignación de propiedad: $(TargetPlatformMinVersion)="7.0" (valor anterior: "") en C:\Program Files\dotnet\sdk\7.0.410\Sdks\Microsoft.NET.Sdk\targets\Microsoft.NET.Windows.targets (45,5)
       Reasignación de propiedad: $(TargetPlatformDisplayName)="Windows 7.0" (valor anterior: "Windows ") en C:\Program Files\dotnet\sdk\7.0.410\Sdks\Microsoft.NET.Sdk\targets\Microsoft.NET.Sdk.targets (1232,5)
       Reasignación de propiedad: $(_TargetFrameworkVersionValue)="7.0" (valor anterior: "0.0") en C:\Program Files\dotnet\sdk\7.0.410\Sdks\Microsoft.NET.Sdk.WindowsDesktop\targets\Microsoft.NET.Sdk.WindowsDesktop.targets (51,5)
       Reasignación de propiedad: $(PrepareResourceNamesDependsOn)="
                           AssignWinFXEmbeddedResource;
                           
             AssignTargetPaths;
             SplitResourcesByCulture;
             CreateManifestResourceNames;
             CreateCustomManifestResourceNames
           
             " (valor anterior: "
             AssignTargetPaths;
             SplitResourcesByCulture;
             CreateManifestResourceNames;
             CreateCustomManifestResourceNames
           ") en C:\Program Files\dotnet\sdk\7.0.410\Sdks\Microsoft.NET.Sdk.WindowsDesktop\targets\Microsoft.WinFX.targets (61,7)
       Reasignación de propiedad: $(PrepareResourcesDependsOn)="
                       MarkupCompilePass1;
                       AfterMarkupCompilePass1;
                       MarkupCompilePass2ForMainAssembly;
                       FileClassification;
                       MainResourcesGeneration;
                       
             ResolvePackageDependenciesForBuild;
             _HandlePackageFileConflicts;
             
             ;
             PrepareResourceNames;
             ResGen;
             CompileLicxFiles
           
           
             " (valor anterior: "
             ResolvePackageDependenciesForBuild;
             _HandlePackageFileConflicts;
             
             ;
             PrepareResourceNames;
             ResGen;
             CompileLicxFiles
           
           ") en C:\Program Files\dotnet\sdk\7.0.410\Sdks\Microsoft.NET.Sdk.WindowsDesktop\targets\Microsoft.WinFX.targets (69,7)
       Reasignación de propiedad: $(CompileDependsOn)="
               
             
             ResolveReferences;
             ResolveKeySource;
             SetWin32ManifestProperties;
             FindReferenceAssembliesForReferences;
             _GenerateCompileInputs;
             BeforeCompile;
             _TimeStampBeforeCompile;
             _GenerateCompileDependencyCache;
             CoreCompile;
             _TimeStampAfterCompile;
             AfterCompile;
           ;
             _CreateAppHost;
             _CreateComHost;
             _GetIjwHostPaths;
           ;
               _AfterCompileWinFXInternal
           " (valor anterior: "
             
             ResolveReferences;
             ResolveKeySource;
             SetWin32ManifestProperties;
             FindReferenceAssembliesForReferences;
             _GenerateCompileInputs;
             BeforeCompile;
             _TimeStampBeforeCompile;
             _GenerateCompileDependencyCache;
             CoreCompile;
             _TimeStampAfterCompile;
             AfterCompile;
           ;
             _CreateAppHost;
             _CreateComHost;
             _GetIjwHostPaths;
           ") en C:\Program Files\dotnet\sdk\7.0.410\Sdks\Microsoft.NET.Sdk.WindowsDesktop\targets\Microsoft.WinFX.targets (136,5)
       Reasignación de propiedad: $(PublishBuildDependsOn)="
                   BuildOnlySettings;
                   PrepareForBuild;
                   ResolveReferences;
                   PrepareResources;
                   ResolveKeySource;
                   PrepareResourcesForSatelliteAssemblies;
                   GenerateSerializationAssemblies;
                   CreateSatelliteAssemblies;
               " (valor anterior: "
             BuildOnlySettings;
             PrepareForBuild;
             ResolveReferences;
             PrepareResources;
             ResolveKeySource;
             GenerateSerializationAssemblies;
             CreateSatelliteAssemblies;
           ") en C:\Program Files\dotnet\sdk\7.0.410\Sdks\Microsoft.NET.Sdk.WindowsDesktop\targets\Microsoft.WinFX.targets (801,9)
       Reasignación de propiedad: $(PackageDescription)="Package Description" (valor anterior: "") en C:\Program Files\dotnet\sdk\7.0.410\Sdks\NuGet.Build.Tasks.Pack\build\NuGet.Build.Tasks.Pack.targets (34,5)
       Reasignación de propiedad: $(GenerateNuspecDependsOn)="Build;_LoadPackInputItems; _GetTargetFrameworksOutput; _WalkEachTargetPerFramework; _GetPackageFiles; " (valor anterior: "_LoadPackInputItems; _GetTargetFrameworksOutput; _WalkEachTargetPerFramework; _GetPackageFiles; ") en C:\Program Files\dotnet\sdk\7.0.410\Sdks\NuGet.Build.Tasks.Pack\build\NuGet.Build.Tasks.Pack.targets (59,5)
       Ensamblado cargado durante Evaluation: System.Reflection.Emit.Lightweight, Version=7.0.0.0, Culture=neutral, PublicKeyToken=b03f5f7f11d50a3a (ubicación: C:\Program Files\dotnet\shared\Microsoft.NETCore.App\7.0.20\System.Reflection.Emit.Lightweight.dll, MVID: 9704c58a-7439-4155-8060-9aba9d1b0583, AppDomain: [Default])
       Ensamblado cargado durante Evaluation: System.Reflection.Emit.ILGeneration, Version=7.0.0.0, Culture=neutral, PublicKeyToken=b03f5f7f11d50a3a (ubicación: C:\Program Files\dotnet\shared\Microsoft.NETCore.App\7.0.20\System.Reflection.Emit.ILGeneration.dll, MVID: 8510e524-2731-4ee7-8096-a7858e9f4d9a, AppDomain: [Default])
       Ensamblado cargado durante Evaluation: System.Reflection.Primitives, Version=7.0.0.0, Culture=neutral, PublicKeyToken=b03f5f7f11d50a3a (ubicación: C:\Program Files\dotnet\shared\Microsoft.NETCore.App\7.0.20\System.Reflection.Primitives.dll, MVID: 1690581c-1f9e-47c8-bc19-cd88621f7fb0, AppDomain: [Default])
       Invalidando el destino "_CheckBrowserWorkloadNeededButNotAvailable" del proyecto"C:\Program Files\dotnet\sdk-manifests\7.0.100\microsoft.net.workload.mono.toolchain.net6\WorkloadManifest.targets" con el destino "_CheckBrowserWorkloadNeededButNotAvailable" del proyecto "C:\Program Files\dotnet\sdk-manifests\7.0.100\microsoft.net.workload.mono.toolchain.net7\WorkloadManifest.targets".
       Invalidando el destino "_ErrorDisabledWorkload" del proyecto"C:\Program Files\dotnet\sdk-manifests\7.0.100\microsoft.net.workload.mono.toolchain.net6\WorkloadManifest.targets" con el destino "_ErrorDisabledWorkload" del proyecto "C:\Program Files\dotnet\sdk-manifests\7.0.100\microsoft.net.workload.mono.toolchain.net7\WorkloadManifest.targets".
       Invalidando el destino "ResolveFrameworkReferences" del proyecto"C:\Program Files\dotnet\sdk\7.0.410\Microsoft.Common.CurrentVersion.targets" con el destino "ResolveFrameworkReferences" del proyecto "C:\Program Files\dotnet\sdk\7.0.410\Sdks\Microsoft.NET.Sdk\targets\Microsoft.NET.Sdk.FrameworkReferenceResolution.targets".
       Invalidando el destino "Run" del proyecto"C:\Program Files\dotnet\sdk\7.0.410\Microsoft.Common.CurrentVersion.targets" con el destino "Run" del proyecto "C:\Program Files\dotnet\sdk\7.0.410\Sdks\Microsoft.NET.Sdk\targets\Microsoft.NET.Sdk.targets".
       Invalidando el destino "GenerateSupportedTargetFrameworkAlias" del proyecto"C:\Program Files\dotnet\sdk\7.0.410\Microsoft.Common.CurrentVersion.targets" con el destino "GenerateSupportedTargetFrameworkAlias" del proyecto "C:\Program Files\dotnet\sdk\7.0.410\Sdks\Microsoft.NET.Sdk\targets\Microsoft.NET.Sdk.targets".
       Invalidando el destino "GetReferenceAssemblyPaths" del proyecto"C:\Program Files\dotnet\sdk\7.0.410\Microsoft.Common.CurrentVersion.targets" con el destino "GetReferenceAssemblyPaths" del proyecto "C:\Program Files\dotnet\sdk\7.0.410\Sdks\Microsoft.NET.Sdk\targets\Microsoft.NET.DisableStandardFrameworkResolution.targets".
       Invalidando el destino "GetFrameworkPaths" del proyecto"C:\Program Files\dotnet\sdk\7.0.410\Microsoft.Common.CurrentVersion.targets" con el destino "GetFrameworkPaths" del proyecto "C:\Program Files\dotnet\sdk\7.0.410\Sdks\Microsoft.NET.Sdk\targets\Microsoft.NET.DisableStandardFrameworkResolution.targets".
       Invalidando el destino "DesignerRuntimeImplementationProjectOutputGroup" del proyecto"C:\Program Files\dotnet\sdk\7.0.410\Microsoft.Common.CurrentVersion.targets" con el destino "DesignerRuntimeImplementationProjectOutputGroup" del proyecto "C:\Program Files\dotnet\sdk\7.0.410\Sdks\Microsoft.NET.Sdk\targets\Microsoft.NET.DesignerSupport.targets".
       Invalidando el destino "Publish" del proyecto"C:\Program Files\dotnet\sdk\7.0.410\Microsoft.Common.CurrentVersion.targets" con el destino "Publish" del proyecto "C:\Program Files\dotnet\sdk\7.0.410\Sdks\Microsoft.NET.Sdk\targets\Microsoft.NET.Publish.targets".
       Invalidando el destino "ResolveReadyToRunCompilers" del proyecto"C:\Program Files\dotnet\sdk\7.0.410\Sdks\Microsoft.NET.Sdk\targets\Microsoft.NET.CrossGen.targets" con el destino "ResolveReadyToRunCompilers" del proyecto "C:\Program Files\dotnet\sdk\7.0.410\Sdks\Microsoft.NET.Sdk\targets\Microsoft.NET.Publish.targets".
       Invalidando el destino "GetCopyToPublishDirectoryItems" del proyecto"C:\Program Files\dotnet\sdk\7.0.410\Microsoft.Common.CurrentVersion.targets" con el destino "GetCopyToPublishDirectoryItems" del proyecto "C:\Program Files\dotnet\sdk\7.0.410\Sdks\Microsoft.NET.Sdk\targets\Microsoft.NET.Publish.targets".
       Invalidando el destino "SatelliteDllsProjectOutputGroup" del proyecto"C:\Program Files\dotnet\sdk\7.0.410\Microsoft.Common.CurrentVersion.targets" con el destino "SatelliteDllsProjectOutputGroup" del proyecto "C:\Program Files\dotnet\sdk\7.0.410\Sdks\Microsoft.NET.Sdk.WindowsDesktop\targets\Microsoft.WinFX.targets".
     1>Proyecto "c:\Users\Tosito\Desktop\Tosito\windows\Optimizacion\src\OptimizadorAdmin\OptimizadorAdmin.csproj" en el nodo 1 (Restore destinos).
     1>Destino "_LoadRestoreGraphEntryPoints" en el archivo "C:\Program Files\dotnet\sdk\7.0.410\NuGet.targets" del proyecto "c:\Users\Tosito\Desktop\Tosito\windows\Optimizacion\src\OptimizadorAdmin\OptimizadorAdmin.csproj" (el destino "_FilterRestoreGraphProjectInputItems" depende de él):
     1>Se omitió la tarea "GetRestoreSolutionProjectsTask" debido a una condición falsa (False); ( $(MSBuildProjectFullPath.EndsWith('.metaproj')) == 'true' AND @(RestoreGraphProjectInputItems) == '' ) se evaluó como ( False == 'true' AND c:\Users\Tosito\Desktop\Tosito\windows\Optimizacion\src\OptimizadorAdmin\OptimizadorAdmin.csproj == '' ).
     1>Compilación terminada del destino "_LoadRestoreGraphEntryPoints" en el proyecto "OptimizadorAdmin.csproj".
     1>Destino "_FilterRestoreGraphProjectInputItems" en el archivo "C:\Program Files\dotnet\sdk\7.0.410\NuGet.targets" del proyecto "c:\Users\Tosito\Desktop\Tosito\windows\Optimizacion\src\OptimizadorAdmin\OptimizadorAdmin.csproj" (el destino "_GenerateRestoreGraph" depende de él):
       Usando la tarea "RemoveDuplicates" del ensamblado "Microsoft.Build.Tasks.Core, Version=15.1.0.0, Culture=neutral, PublicKeyToken=b03f5f7f11d50a3a".
       Tarea "RemoveDuplicates"
       Ejecución de la tarea "RemoveDuplicates" terminada.
       Usando la tarea "MSBuild" del ensamblado "Microsoft.Build.Tasks.Core, Version=15.1.0.0, Culture=neutral, PublicKeyToken=b03f5f7f11d50a3a".
       Tarea "MSBuild"
         Propiedades globales:
           ExcludeRestorePackageImports=true
     0>Propiedad "MSBuildExtensionsPath" con el valor "C:\Program Files\dotnet\sdk\7.0.410\" expandido desde el entorno.
       Reasignación de propiedad: $(MSBuildProjectExtensionsPath)="c:\Users\Tosito\Desktop\Tosito\windows\Optimizacion\src\OptimizadorAdmin\obj\" (valor anterior: "obj\") en C:\Program Files\dotnet\sdk\7.0.410\Current\Microsoft.Common.props (60,5)
       Reasignación de propiedad: $(AssemblySearchPaths)="{CandidateAssemblyFiles};{HintPathFromItem}" (valor anterior: "{CandidateAssemblyFiles}") en C:\Program Files\dotnet\sdk\7.0.410\Sdks\Microsoft.NET.Sdk\targets\Microsoft.NET.Sdk.props (82,5)
       Reasignación de propiedad: $(AssemblySearchPaths)="{CandidateAssemblyFiles};{HintPathFromItem};{TargetFrameworkDirectory}" (valor anterior: "{CandidateAssemblyFiles};{HintPathFromItem}") en C:\Program Files\dotnet\sdk\7.0.410\Sdks\Microsoft.NET.Sdk\targets\Microsoft.NET.Sdk.props (83,5)
       Reasignación de propiedad: $(AssemblySearchPaths)="{CandidateAssemblyFiles};{HintPathFromItem};{TargetFrameworkDirectory};{RawFileName}" (valor anterior: "{CandidateAssemblyFiles};{HintPathFromItem};{TargetFrameworkDirectory}") en C:\Program Files\dotnet\sdk\7.0.410\Sdks\Microsoft.NET.Sdk\targets\Microsoft.NET.Sdk.props (84,5)
       Reasignación de propiedad: $(PublishAotSupported)="true" (valor anterior: "false") en C:\Program Files\dotnet\sdk\7.0.410\Sdks\Microsoft.NET.Sdk\targets\Microsoft.NET.Sdk.props (120,5)
       Reasignación de propiedad: $(TargetsForTfmSpecificContentInPackage)=";PackTool;_PackProjectToolValidation" (valor anterior: ";PackTool") en C:\Program Files\dotnet\sdk\7.0.410\Sdks\Microsoft.NET.Sdk\targets\Microsoft.NET.PackProjectTool.props (15,5)
       Reasignación de propiedad: $(OutputType)="WinExe" (valor anterior: "Library") en c:\Users\Tosito\Desktop\Tosito\windows\Optimizacion\src\OptimizadorAdmin\OptimizadorAdmin.csproj (3,5)
       Reasignación de propiedad: $(PublishProfileImported)="false" (valor anterior: "true") en C:\Program Files\dotnet\sdk\7.0.410\Sdks\Microsoft.NET.Sdk\targets\Microsoft.NET.Sdk.ImportPublishProfile.targets (28,5)
       Reasignación de propiedad: $(TargetPlatformVersion)="0.0" (valor anterior: "0.0.0.0") en C:\Program Files\dotnet\sdk\7.0.410\Sdks\Microsoft.NET.Sdk\targets\Microsoft.NET.TargetFrameworkInference.targets (64,5)
       Reasignación de propiedad: $(TargetPlatformVersion)="" (valor anterior: "0.0") en C:\Program Files\dotnet\sdk\7.0.410\Sdks\Microsoft.NET.Sdk\targets\Microsoft.NET.TargetFrameworkInference.targets (65,5)
       Reasignación de propiedad: $(TargetPlatformIdentifier)="Windows" (valor anterior: "windows") en C:\Program Files\dotnet\sdk\7.0.410\Sdks\Microsoft.NET.Sdk\targets\Microsoft.NET.TargetFrameworkInference.targets (67,5)
       Reasignación de propiedad: $(DefaultItemExcludes)=";bin\Debug\/**;obj\Debug\/**" (valor anterior: ";bin\Debug\/**") en C:\Program Files\dotnet\sdk\7.0.410\Sdks\Microsoft.NET.Sdk\targets\Microsoft.NET.TargetFrameworkInference.targets (247,5)
       Reasignación de propiedad: $(IntermediateOutputPath)="obj\Debug\net7.0-windows\" (valor anterior: "obj\Debug\") en C:\Program Files\dotnet\sdk\7.0.410\Sdks\Microsoft.NET.Sdk\targets\Microsoft.NET.TargetFrameworkInference.targets (266,5)
       Reasignación de propiedad: $(OutputPath)="bin\Debug\net7.0-windows\" (valor anterior: "bin\Debug\") en C:\Program Files\dotnet\sdk\7.0.410\Sdks\Microsoft.NET.Sdk\targets\Microsoft.NET.TargetFrameworkInference.targets (267,5)
       Reasignación de propiedad: $(_FrameworkIdentifierForImplicitDefine)="NET" (valor anterior: "NETCOREAPP") en C:\Program Files\dotnet\sdk\7.0.410\Sdks\Microsoft.NET.Sdk\targets\Microsoft.NET.Sdk.BeforeCommon.targets (180,5)
       Reasignación de propiedad: $(_FrameworkVersionForImplicitDefine)="7_0" (valor anterior: "7.0") en C:\Program Files\dotnet\sdk\7.0.410\Sdks\Microsoft.NET.Sdk\targets\Microsoft.NET.Sdk.BeforeCommon.targets (185,5)
       Reasignación de propiedad: $(CommandLineArgsForDesignTimeEvaluation)="-langversion:11.0 -define:TRACE" (valor anterior: "-langversion:11.0") en C:\Program Files\dotnet\sdk\7.0.410\Roslyn\Microsoft.CSharp.Core.targets (192,5)
       Reasignación de propiedad: $(_DebugSymbolsProduced)="true" (valor anterior: "false") en C:\Program Files\dotnet\sdk\7.0.410\Microsoft.Common.CurrentVersion.targets (175,5)
       Reasignación de propiedad: $(_DocumentationFileProduced)="false" (valor anterior: "true") en C:\Program Files\dotnet\sdk\7.0.410\Microsoft.Common.CurrentVersion.targets (185,5)
       Reasignación de propiedad: $(ProcessorArchitecture)="msil" (valor anterior: "") en C:\Program Files\dotnet\sdk\7.0.410\Microsoft.Common.CurrentVersion.targets (529,5)
       Reasignación de propiedad: $(DelaySign)="" (valor anterior: "false") en C:\Program Files\dotnet\sdk\7.0.410\Microsoft.Common.CurrentVersion.targets (568,5)
       Propiedad "LOCALAPPDATA" con el valor "C:\Users\Tosito\AppData\Local" expandido desde el entorno.
       Reasignación de propiedad: $(_SGenGenerateSerializationAssembliesConfig)="Auto" (valor anterior: "") en C:\Program Files\dotnet\sdk\7.0.410\Microsoft.Common.CurrentVersion.targets (3806,5)
       Reasignación de propiedad: $(_SGenGenerateSerializationAssembliesConfig)="Off" (valor anterior: "Auto") en C:\Program Files\dotnet\sdk\7.0.410\Microsoft.Common.CurrentVersion.targets (3807,5)
       Reasignación de propiedad: $(_TargetsThatPrepareProjectReferences)="
             AssignProjectConfiguration;
             _SplitProjectReferencesByFileExistence
           " (valor anterior: "_SplitProjectReferencesByFileExistence") en C:\Program Files\dotnet\sdk\7.0.410\Microsoft.Common.CurrentVersion.targets (4944,5)
       Propiedad "MSBuildExtensionsPath32" con el valor "C:\Program Files\dotnet\sdk\7.0.410" expandido desde el entorno.
       Reasignación de propiedad: $(ProjectAssetsFile)="c:\Users\Tosito\Desktop\Tosito\windows\Optimizacion\src\OptimizadorAdmin\obj\project.assets.json" (valor anterior: "c:\Users\Tosito\Desktop\Tosito\windows\Optimizacion\src\OptimizadorAdmin\obj\/project.assets.json") en C:\Program Files\dotnet\sdk\7.0.410\Sdks\Microsoft.NET.Sdk\targets\Microsoft.PackageDependencyResolution.targets (24,5)
       Reasignación de propiedad: $(ProjectAssetsCacheFile)="c:\Users\Tosito\Desktop\Tosito\windows\Optimizacion\src\OptimizadorAdmin\obj\Debug\net7.0-windows\OptimizadorAdmin.assets.cache" (valor anterior: "obj\Debug\net7.0-windows\OptimizadorAdmin.assets.cache") en C:\Program Files\dotnet\sdk\7.0.410\Sdks\Microsoft.NET.Sdk\targets\Microsoft.PackageDependencyResolution.targets (29,5)
       Reasignación de propiedad: $(ResolveAssemblyReferencesDependsOn)="
             
             ResolveProjectReferences;
             FindInvalidProjectReferences;
             GetFrameworkPaths;
             GetReferenceAssemblyPaths;
             PrepareForBuild;
             ResolveSDKReferences;
             ExpandSDKReferences;
           ;
             ResolvePackageDependenciesForBuild;
             _HandlePackageFileConflicts;
           " (valor anterior: "
             ResolveProjectReferences;
             FindInvalidProjectReferences;
             GetFrameworkPaths;
             GetReferenceAssemblyPaths;
             PrepareForBuild;
             ResolveSDKReferences;
             ExpandSDKReferences;
           ") en C:\Program Files\dotnet\sdk\7.0.410\Sdks\Microsoft.NET.Sdk\targets\Microsoft.PackageDependencyResolution.targets (80,5)
       Reasignación de propiedad: $(PrepareResourcesDependsOn)="
             ResolvePackageDependenciesForBuild;
             _HandlePackageFileConflicts;
             
             ;
             PrepareResourceNames;
             ResGen;
             CompileLicxFiles
           
           " (valor anterior: "
             ;
             PrepareResourceNames;
             ResGen;
             CompileLicxFiles
           ") en C:\Program Files\dotnet\sdk\7.0.410\Sdks\Microsoft.NET.Sdk\targets\Microsoft.PackageDependencyResolution.targets (86,5)
       Reasignación de propiedad: $(DefaultItemExcludes)=";bin\Debug\/**;obj\Debug\/**;bin\/**" (valor anterior: ";bin\Debug\/**;obj\Debug\/**") en C:\Program Files\dotnet\sdk\7.0.410\Sdks\Microsoft.NET.Sdk\targets\Microsoft.NET.Sdk.DefaultItems.targets (27,5)
       Reasignación de propiedad: $(DefaultItemExcludes)=";bin\Debug\/**;obj\Debug\/**;bin\/**;obj\/**" (valor anterior: ";bin\Debug\/**;obj\Debug\/**;bin\/**") en C:\Program Files\dotnet\sdk\7.0.410\Sdks\Microsoft.NET.Sdk\targets\Microsoft.NET.Sdk.DefaultItems.targets (29,5)
       Reasignación de propiedad: $(DefaultItemExcludes)=";bin\Debug\/**;obj\Debug\/**;bin\/**;obj\/**;**/*.user" (valor anterior: ";bin\Debug\/**;obj\Debug\/**;bin\/**;obj\/**") en C:\Program Files\dotnet\sdk\7.0.410\Sdks\Microsoft.NET.Sdk\targets\Microsoft.NET.Sdk.DefaultItems.targets (32,5)
       Reasignación de propiedad: $(DefaultItemExcludes)=";bin\Debug\/**;obj\Debug\/**;bin\/**;obj\/**;**/*.user;**/*.*proj" (valor anterior: ";bin\Debug\/**;obj\Debug\/**;bin\/**;obj\/**;**/*.user") en C:\Program Files\dotnet\sdk\7.0.410\Sdks\Microsoft.NET.Sdk\targets\Microsoft.NET.Sdk.DefaultItems.targets (33,5)
       Reasignación de propiedad: $(DefaultItemExcludes)=";bin\Debug\/**;obj\Debug\/**;bin\/**;obj\/**;**/*.user;**/*.*proj;**/*.sln" (valor anterior: ";bin\Debug\/**;obj\Debug\/**;bin\/**;obj\/**;**/*.user;**/*.*proj") en C:\Program Files\dotnet\sdk\7.0.410\Sdks\Microsoft.NET.Sdk\targets\Microsoft.NET.Sdk.DefaultItems.targets (34,5)
       Reasignación de propiedad: $(DefaultItemExcludes)=";bin\Debug\/**;obj\Debug\/**;bin\/**;obj\/**;**/*.user;**/*.*proj;**/*.sln;**/*.vssscc" (valor anterior: ";bin\Debug\/**;obj\Debug\/**;bin\/**;obj\/**;**/*.user;**/*.*proj;**/*.sln") en C:\Program Files\dotnet\sdk\7.0.410\Sdks\Microsoft.NET.Sdk\targets\Microsoft.NET.Sdk.DefaultItems.targets (35,5)
       Reasignación de propiedad: $(ResolveAssemblyReferencesDependsOn)="
             
             
             ResolveProjectReferences;
             FindInvalidProjectReferences;
             GetFrameworkPaths;
             GetReferenceAssemblyPaths;
             PrepareForBuild;
             ResolveSDKReferences;
             ExpandSDKReferences;
           ;
             ResolvePackageDependenciesForBuild;
             _HandlePackageFileConflicts;
           ;
             ResolveTargetingPackAssets;
           " (valor anterior: "
             
             ResolveProjectReferences;
             FindInvalidProjectReferences;
             GetFrameworkPaths;
             GetReferenceAssemblyPaths;
             PrepareForBuild;
             ResolveSDKReferences;
             ExpandSDKReferences;
           ;
             ResolvePackageDependenciesForBuild;
             _HandlePackageFileConflicts;
           ") en C:\Program Files\dotnet\sdk\7.0.410\Sdks\Microsoft.NET.Sdk\targets\Microsoft.NET.Sdk.FrameworkReferenceResolution.targets (14,5)
       Reasignación de propiedad: $(_GenerateRuntimeConfigurationPropertyInputsCache)="c:\Users\Tosito\Desktop\Tosito\windows\Optimizacion\src\OptimizadorAdmin\obj\Debug\net7.0-windows\OptimizadorAdmin.genruntimeconfig.cache" (valor anterior: "obj\Debug\net7.0-windows\OptimizadorAdmin.genruntimeconfig.cache") en C:\Program Files\dotnet\sdk\7.0.410\Sdks\Microsoft.NET.Sdk\targets\Microsoft.NET.Sdk.targets (44,5)
       Reasignación de propiedad: $(GenerateRuntimeConfigDevFile)="false" (valor anterior: "true") en C:\Program Files\dotnet\sdk\7.0.410\Sdks\Microsoft.NET.Sdk\targets\Microsoft.NET.Sdk.targets (61,5)
       Propiedad "USERPROFILE" con el valor "C:\Users\Tosito" expandido desde el entorno.
       Reasignación de propiedad: $(_DefaultUserProfileRuntimeStorePath)="C:\Users\Tosito" (valor anterior: "") en C:\Program Files\dotnet\sdk\7.0.410\Sdks\Microsoft.NET.Sdk\targets\Microsoft.NET.Sdk.targets (77,5)
       Reasignación de propiedad: $(_DefaultUserProfileRuntimeStorePath)="C:\Users\Tosito\.dotnet\store" (valor anterior: "C:\Users\Tosito") en C:\Program Files\dotnet\sdk\7.0.410\Sdks\Microsoft.NET.Sdk\targets\Microsoft.NET.Sdk.targets (78,5)
       Reasignación de propiedad: $(AvailablePlatforms)="Any CPU,x86,x64,ARM32" (valor anterior: "Any CPU,x86,x64") en C:\Program Files\dotnet\sdk\7.0.410\Sdks\Microsoft.NET.Sdk\targets\Microsoft.NET.Sdk.targets (112,5)
       Reasignación de propiedad: $(AvailablePlatforms)="Any CPU,x86,x64,ARM32,ARM64" (valor anterior: "Any CPU,x86,x64,ARM32") en C:\Program Files\dotnet\sdk\7.0.410\Sdks\Microsoft.NET.Sdk\targets\Microsoft.NET.Sdk.targets (116,5)
       Reasignación de propiedad: $(CoreBuildDependsOn)="
             _CheckForBuildWithNoBuild;
             
             BuildOnlySettings;
             PrepareForBuild;
             PreBuildEvent;
             ResolveReferences;
             PrepareResources;
             ResolveKeySource;
             Compile;
             ExportWindowsMDFile;
             UnmanagedUnregistration;
             GenerateSerializationAssemblies;
             CreateSatelliteAssemblies;
             GenerateManifests;
             GetTargetPath;
             PrepareForRun;
             UnmanagedRegistration;
             IncrementalClean;
             PostBuildEvent
           ;
             GenerateBuildDependencyFile;
             GenerateBuildRuntimeConfigurationFiles
           " (valor anterior: "
             BuildOnlySettings;
             PrepareForBuild;
             PreBuildEvent;
             ResolveReferences;
             PrepareResources;
             ResolveKeySource;
             Compile;
             ExportWindowsMDFile;
             UnmanagedUnregistration;
             GenerateSerializationAssemblies;
             CreateSatelliteAssemblies;
             GenerateManifests;
             GetTargetPath;
             PrepareForRun;
             UnmanagedRegistration;
             IncrementalClean;
             PostBuildEvent
           ") en C:\Program Files\dotnet\sdk\7.0.410\Sdks\Microsoft.NET.Sdk\targets\Microsoft.NET.Sdk.targets (134,5)
       Reasignación de propiedad: $(CoreCleanDependsOn)="
             _SdkBeforeClean;
             
           " (valor anterior: "") en C:\Program Files\dotnet\sdk\7.0.410\Sdks\Microsoft.NET.Sdk\targets\Microsoft.NET.Sdk.targets (143,5)
       Reasignación de propiedad: $(RebuildDependsOn)="
             _SdkBeforeRebuild;
             
             BeforeRebuild;
             Clean;
             Build;
             AfterRebuild;
           
           " (valor anterior: "
             BeforeRebuild;
             Clean;
             Build;
             AfterRebuild;
           ") en C:\Program Files\dotnet\sdk\7.0.410\Sdks\Microsoft.NET.Sdk\targets\Microsoft.NET.Sdk.targets (150,5)
       Reasignación de propiedad: $(CompileDependsOn)="
             
             ResolveReferences;
             ResolveKeySource;
             SetWin32ManifestProperties;
             FindReferenceAssembliesForReferences;
             _GenerateCompileInputs;
             BeforeCompile;
             _TimeStampBeforeCompile;
             _GenerateCompileDependencyCache;
             CoreCompile;
             _TimeStampAfterCompile;
             AfterCompile;
           ;
             _CreateAppHost;
             _CreateComHost;
             _GetIjwHostPaths;
           " (valor anterior: "
             ResolveReferences;
             ResolveKeySource;
             SetWin32ManifestProperties;
             FindReferenceAssembliesForReferences;
             _GenerateCompileInputs;
             BeforeCompile;
             _TimeStampBeforeCompile;
             _GenerateCompileDependencyCache;
             CoreCompile;
             _TimeStampAfterCompile;
             AfterCompile;
           ") en C:\Program Files\dotnet\sdk\7.0.410\Sdks\Microsoft.NET.Sdk\targets\Microsoft.NET.Sdk.targets (564,5)
       Reasignación de propiedad: $(CreateSatelliteAssembliesDependsOn)="
             
             _GenerateSatelliteAssemblyInputs;
             ComputeIntermediateSatelliteAssemblies;
             GenerateSatelliteAssemblies
           ;
             CoreGenerateSatelliteAssemblies
           " (valor anterior: "
             _GenerateSatelliteAssemblyInputs;
             ComputeIntermediateSatelliteAssemblies;
             GenerateSatelliteAssemblies
           ") en C:\Program Files\dotnet\sdk\7.0.410\Sdks\Microsoft.NET.Sdk\targets\Microsoft.NET.Sdk.targets (950,5)
       Reasignación de propiedad: $(DesignerRuntimeImplementationProjectOutputGroupDependsOn)="
             
             ;
             
             ;
             BuildOnlySettings;
             PrepareForBuild;
             AssignTargetPaths;
             ResolveReferences
           
           ;
             _GenerateDesignerDepsFile;
             _GenerateDesignerRuntimeConfigFile;
             GetCopyToOutputDirectoryItems;
             _GatherDesignerShadowCopyFiles;
           " (valor anterior: "
             ;
             
             ;
             BuildOnlySettings;
             PrepareForBuild;
             AssignTargetPaths;
             ResolveReferences
           
           ") en C:\Program Files\dotnet\sdk\7.0.410\Sdks\Microsoft.NET.Sdk\targets\Microsoft.NET.DesignerSupport.targets (21,5)
       Reasignación de propiedad: $(_ShimInputCacheFile)="c:\Users\Tosito\Desktop\Tosito\windows\Optimizacion\src\OptimizadorAdmin\obj\Debug\net7.0-windows\OptimizadorAdmin.shiminput.cache" (valor anterior: "obj\Debug\net7.0-windows\OptimizadorAdmin.shiminput.cache") en C:\Program Files\dotnet\sdk\7.0.410\Sdks\Microsoft.NET.Sdk\targets\Microsoft.NET.PackTool.targets (115,5)
       Reasignación de propiedad: $(_ShimCreatedSentinelFile)="c:\Users\Tosito\Desktop\Tosito\windows\Optimizacion\src\OptimizadorAdmin\obj\Debug\net7.0-windows\OptimizadorAdmin.shimcreated.sentinel" (valor anterior: "obj\Debug\net7.0-windows\OptimizadorAdmin.shimcreated.sentinel") en C:\Program Files\dotnet\sdk\7.0.410\Sdks\Microsoft.NET.Sdk\targets\Microsoft.NET.PackTool.targets (117,5)
       Reasignación de propiedad: $(DefineConstants)="TRACE;DEBUG" (valor anterior: "TRACE") en C:\Program Files\dotnet\sdk\7.0.410\Sdks\Microsoft.NET.Sdk\targets\Microsoft.NET.Sdk.CSharp.targets (31,5)
       Reasignación de propiedad: $(DefineConstants)="TRACE;DEBUG;NET;NET7_0;NETCOREAPP" (valor anterior: "TRACE;DEBUG") en C:\Program Files\dotnet\sdk\7.0.410\Sdks\Microsoft.NET.Sdk\targets\Microsoft.NET.Sdk.CSharp.targets (34,5)
       Reasignación de propiedad: $(WarningsAsErrors)=";NU1605;SYSLIB0011" (valor anterior: ";NU1605") en C:\Program Files\dotnet\sdk\7.0.410\Sdks\Microsoft.NET.Sdk\targets\Microsoft.NET.Sdk.CSharp.targets (48,5)
       Reasignación de propiedad: $(TargetPlatformVersion)="7.0" (valor anterior: "") en C:\Program Files\dotnet\sdk\7.0.410\Sdks\Microsoft.NET.Sdk\targets\Microsoft.NET.Windows.targets (34,5)
       Reasignación de propiedad: $(SupportedOSPlatformVersion)="7.0" (valor anterior: "") en C:\Program Files\dotnet\sdk\7.0.410\Sdks\Microsoft.NET.Sdk\targets\Microsoft.NET.Windows.targets (44,5)
       Reasignación de propiedad: $(TargetPlatformMinVersion)="7.0" (valor anterior: "") en C:\Program Files\dotnet\sdk\7.0.410\Sdks\Microsoft.NET.Sdk\targets\Microsoft.NET.Windows.targets (45,5)
       Reasignación de propiedad: $(TargetPlatformDisplayName)="Windows 7.0" (valor anterior: "Windows ") en C:\Program Files\dotnet\sdk\7.0.410\Sdks\Microsoft.NET.Sdk\targets\Microsoft.NET.Sdk.targets (1232,5)
       Reasignación de propiedad: $(_TargetFrameworkVersionValue)="7.0" (valor anterior: "0.0") en C:\Program Files\dotnet\sdk\7.0.410\Sdks\Microsoft.NET.Sdk.WindowsDesktop\targets\Microsoft.NET.Sdk.WindowsDesktop.targets (51,5)
       Reasignación de propiedad: $(PrepareResourceNamesDependsOn)="
                           AssignWinFXEmbeddedResource;
                           
             AssignTargetPaths;
             SplitResourcesByCulture;
             CreateManifestResourceNames;
             CreateCustomManifestResourceNames
           
             " (valor anterior: "
             AssignTargetPaths;
             SplitResourcesByCulture;
             CreateManifestResourceNames;
             CreateCustomManifestResourceNames
           ") en C:\Program Files\dotnet\sdk\7.0.410\Sdks\Microsoft.NET.Sdk.WindowsDesktop\targets\Microsoft.WinFX.targets (61,7)
       Reasignación de propiedad: $(PrepareResourcesDependsOn)="
                       MarkupCompilePass1;
                       AfterMarkupCompilePass1;
                       MarkupCompilePass2ForMainAssembly;
                       FileClassification;
                       MainResourcesGeneration;
                       
             ResolvePackageDependenciesForBuild;
             _HandlePackageFileConflicts;
             
             ;
             PrepareResourceNames;
             ResGen;
             CompileLicxFiles
           
           
             " (valor anterior: "
             ResolvePackageDependenciesForBuild;
             _HandlePackageFileConflicts;
             
             ;
             PrepareResourceNames;
             ResGen;
             CompileLicxFiles
           
           ") en C:\Program Files\dotnet\sdk\7.0.410\Sdks\Microsoft.NET.Sdk.WindowsDesktop\targets\Microsoft.WinFX.targets (69,7)
       Reasignación de propiedad: $(CompileDependsOn)="
               
             
             ResolveReferences;
             ResolveKeySource;
             SetWin32ManifestProperties;
             FindReferenceAssembliesForReferences;
             _GenerateCompileInputs;
             BeforeCompile;
             _TimeStampBeforeCompile;
             _GenerateCompileDependencyCache;
             CoreCompile;
             _TimeStampAfterCompile;
             AfterCompile;
           ;
             _CreateAppHost;
             _CreateComHost;
             _GetIjwHostPaths;
           ;
               _AfterCompileWinFXInternal
           " (valor anterior: "
             
             ResolveReferences;
             ResolveKeySource;
             SetWin32ManifestProperties;
             FindReferenceAssembliesForReferences;
             _GenerateCompileInputs;
             BeforeCompile;
             _TimeStampBeforeCompile;
             _GenerateCompileDependencyCache;
             CoreCompile;
             _TimeStampAfterCompile;
             AfterCompile;
           ;
             _CreateAppHost;
             _CreateComHost;
             _GetIjwHostPaths;
           ") en C:\Program Files\dotnet\sdk\7.0.410\Sdks\Microsoft.NET.Sdk.WindowsDesktop\targets\Microsoft.WinFX.targets (136,5)
       Reasignación de propiedad: $(PublishBuildDependsOn)="
                   BuildOnlySettings;
                   PrepareForBuild;
                   ResolveReferences;
                   PrepareResources;
                   ResolveKeySource;
                   PrepareResourcesForSatelliteAssemblies;
                   GenerateSerializationAssemblies;
                   CreateSatelliteAssemblies;
               " (valor anterior: "
             BuildOnlySettings;
             PrepareForBuild;
             ResolveReferences;
             PrepareResources;
             ResolveKeySource;
             GenerateSerializationAssemblies;
             CreateSatelliteAssemblies;
           ") en C:\Program Files\dotnet\sdk\7.0.410\Sdks\Microsoft.NET.Sdk.WindowsDesktop\targets\Microsoft.WinFX.targets (801,9)
       Reasignación de propiedad: $(PackageDescription)="Package Description" (valor anterior: "") en C:\Program Files\dotnet\sdk\7.0.410\Sdks\NuGet.Build.Tasks.Pack\build\NuGet.Build.Tasks.Pack.targets (34,5)
       Reasignación de propiedad: $(GenerateNuspecDependsOn)="Build;_LoadPackInputItems; _GetTargetFrameworksOutput; _WalkEachTargetPerFramework; _GetPackageFiles; " (valor anterior: "_LoadPackInputItems; _GetTargetFrameworksOutput; _WalkEachTargetPerFramework; _GetPackageFiles; ") en C:\Program Files\dotnet\sdk\7.0.410\Sdks\NuGet.Build.Tasks.Pack\build\NuGet.Build.Tasks.Pack.targets (59,5)
       Invalidando el destino "_CheckBrowserWorkloadNeededButNotAvailable" del proyecto"C:\Program Files\dotnet\sdk-manifests\7.0.100\microsoft.net.workload.mono.toolchain.net6\WorkloadManifest.targets" con el destino "_CheckBrowserWorkloadNeededButNotAvailable" del proyecto "C:\Program Files\dotnet\sdk-manifests\7.0.100\microsoft.net.workload.mono.toolchain.net7\WorkloadManifest.targets".
       Invalidando el destino "_ErrorDisabledWorkload" del proyecto"C:\Program Files\dotnet\sdk-manifests\7.0.100\microsoft.net.workload.mono.toolchain.net6\WorkloadManifest.targets" con el destino "_ErrorDisabledWorkload" del proyecto "C:\Program Files\dotnet\sdk-manifests\7.0.100\microsoft.net.workload.mono.toolchain.net7\WorkloadManifest.targets".
       Invalidando el destino "ResolveFrameworkReferences" del proyecto"C:\Program Files\dotnet\sdk\7.0.410\Microsoft.Common.CurrentVersion.targets" con el destino "ResolveFrameworkReferences" del proyecto "C:\Program Files\dotnet\sdk\7.0.410\Sdks\Microsoft.NET.Sdk\targets\Microsoft.NET.Sdk.FrameworkReferenceResolution.targets".
       Invalidando el destino "Run" del proyecto"C:\Program Files\dotnet\sdk\7.0.410\Microsoft.Common.CurrentVersion.targets" con el destino "Run" del proyecto "C:\Program Files\dotnet\sdk\7.0.410\Sdks\Microsoft.NET.Sdk\targets\Microsoft.NET.Sdk.targets".
       Invalidando el destino "GenerateSupportedTargetFrameworkAlias" del proyecto"C:\Program Files\dotnet\sdk\7.0.410\Microsoft.Common.CurrentVersion.targets" con el destino "GenerateSupportedTargetFrameworkAlias" del proyecto "C:\Program Files\dotnet\sdk\7.0.410\Sdks\Microsoft.NET.Sdk\targets\Microsoft.NET.Sdk.targets".
       Invalidando el destino "GetReferenceAssemblyPaths" del proyecto"C:\Program Files\dotnet\sdk\7.0.410\Microsoft.Common.CurrentVersion.targets" con el destino "GetReferenceAssemblyPaths" del proyecto "C:\Program Files\dotnet\sdk\7.0.410\Sdks\Microsoft.NET.Sdk\targets\Microsoft.NET.DisableStandardFrameworkResolution.targets".
       Invalidando el destino "GetFrameworkPaths" del proyecto"C:\Program Files\dotnet\sdk\7.0.410\Microsoft.Common.CurrentVersion.targets" con el destino "GetFrameworkPaths" del proyecto "C:\Program Files\dotnet\sdk\7.0.410\Sdks\Microsoft.NET.Sdk\targets\Microsoft.NET.DisableStandardFrameworkResolution.targets".
       Invalidando el destino "DesignerRuntimeImplementationProjectOutputGroup" del proyecto"C:\Program Files\dotnet\sdk\7.0.410\Microsoft.Common.CurrentVersion.targets" con el destino "DesignerRuntimeImplementationProjectOutputGroup" del proyecto "C:\Program Files\dotnet\sdk\7.0.410\Sdks\Microsoft.NET.Sdk\targets\Microsoft.NET.DesignerSupport.targets".
       Invalidando el destino "Publish" del proyecto"C:\Program Files\dotnet\sdk\7.0.410\Microsoft.Common.CurrentVersion.targets" con el destino "Publish" del proyecto "C:\Program Files\dotnet\sdk\7.0.410\Sdks\Microsoft.NET.Sdk\targets\Microsoft.NET.Publish.targets".
       Invalidando el destino "ResolveReadyToRunCompilers" del proyecto"C:\Program Files\dotnet\sdk\7.0.410\Sdks\Microsoft.NET.Sdk\targets\Microsoft.NET.CrossGen.targets" con el destino "ResolveReadyToRunCompilers" del proyecto "C:\Program Files\dotnet\sdk\7.0.410\Sdks\Microsoft.NET.Sdk\targets\Microsoft.NET.Publish.targets".
       Invalidando el destino "GetCopyToPublishDirectoryItems" del proyecto"C:\Program Files\dotnet\sdk\7.0.410\Microsoft.Common.CurrentVersion.targets" con el destino "GetCopyToPublishDirectoryItems" del proyecto "C:\Program Files\dotnet\sdk\7.0.410\Sdks\Microsoft.NET.Sdk\targets\Microsoft.NET.Publish.targets".
       Invalidando el destino "SatelliteDllsProjectOutputGroup" del proyecto"C:\Program Files\dotnet\sdk\7.0.410\Microsoft.Common.CurrentVersion.targets" con el destino "SatelliteDllsProjectOutputGroup" del proyecto "C:\Program Files\dotnet\sdk\7.0.410\Sdks\Microsoft.NET.Sdk.WindowsDesktop\targets\Microsoft.WinFX.targets".
     1>El proyecto "c:\Users\Tosito\Desktop\Tosito\windows\Optimizacion\src\OptimizadorAdmin\OptimizadorAdmin.csproj" (1) está compilando "c:\Users\Tosito\Desktop\Tosito\windows\Optimizacion\src\OptimizadorAdmin\OptimizadorAdmin.csproj" (1:2) en el nodo 1 (_IsProjectRestoreSupported destinos).
   1:2>Destino "_IsProjectRestoreSupported" en el archivo "C:\Program Files\dotnet\sdk\7.0.410\NuGet.targets" del proyecto "c:\Users\Tosito\Desktop\Tosito\windows\Optimizacion\src\OptimizadorAdmin\OptimizadorAdmin.csproj" (punto de entrada):
   1:2>Compilación terminada del destino "_IsProjectRestoreSupported" en el proyecto "OptimizadorAdmin.csproj".
   1:2>Compilación del proyecto terminada "c:\Users\Tosito\Desktop\Tosito\windows\Optimizacion\src\OptimizadorAdmin\OptimizadorAdmin.csproj" (_IsProjectRestoreSupported destinos).
     1>Ejecución de la tarea "MSBuild" terminada.
       Se omitió la tarea "MSBuild" debido a una condición falsa (False); ( '$(RestoreUseSkipNonexistentTargets)' != 'true' ) se evaluó como ( 'true' != 'true' ).
       Ensamblado cargado durante TaskRun: NuGet.Build.Tasks, Version=6.7.1.1, Culture=neutral, PublicKeyToken=31bf3856ad364e35 (ubicación: C:\Program Files\dotnet\sdk\7.0.410\NuGet.Build.Tasks.dll, MVID: 8908ca15-238a-43bf-979f-94c7e8b148a7, AppDomain: [Default])
       Ensamblado cargado durante TaskRun: NuGet.Common, Version=6.7.1.1, Culture=neutral, PublicKeyToken=31bf3856ad364e35 (ubicación: C:\Program Files\dotnet\sdk\7.0.410\NuGet.Common.dll, MVID: f57279c4-2544-4503-baf2-fdc292ab4ac3, AppDomain: [Default])
       Ensamblado cargado durante TaskRun: NuGet.Commands, Version=6.7.1.1, Culture=neutral, PublicKeyToken=31bf3856ad364e35 (ubicación: C:\Program Files\dotnet\sdk\7.0.410\NuGet.Commands.dll, MVID: ffee9586-9c1a-40c5-8813-e419b0d909a5, AppDomain: [Default])
       Ensamblado cargado durante TaskRun: NuGet.ProjectModel, Version=6.7.1.1, Culture=neutral, PublicKeyToken=31bf3856ad364e35 (ubicación: C:\Program Files\dotnet\sdk\7.0.410\NuGet.ProjectModel.dll, MVID: e58ce210-2010-4b78-9373-9e94550c10ca, AppDomain: [Default])
       Usando la tarea "WarnForInvalidProjectsTask" del ensamblado "C:\Program Files\dotnet\sdk\7.0.410\NuGet.Build.Tasks.dll".
       Tarea "WarnForInvalidProjectsTask"
         (in) AllProjects 'c:\Users\Tosito\Desktop\Tosito\windows\Optimizacion\src\OptimizadorAdmin\OptimizadorAdmin.csproj'
         (in) ValidProjects 'c:\Users\Tosito\Desktop\Tosito\windows\Optimizacion\src\OptimizadorAdmin\OptimizadorAdmin.csproj'
       Ejecución de la tarea "WarnForInvalidProjectsTask" terminada.
     1>Compilación terminada del destino "_FilterRestoreGraphProjectInputItems" en el proyecto "OptimizadorAdmin.csproj".
       Se omitió el destino "_FilterRestoreGraphProjectInputItems". Compilado previamente de forma correcta.
     1>Destino "_GetAllRestoreProjectPathItems" en el archivo "C:\Program Files\dotnet\sdk\7.0.410\NuGet.targets" del proyecto "c:\Users\Tosito\Desktop\Tosito\windows\Optimizacion\src\OptimizadorAdmin\OptimizadorAdmin.csproj" (el destino "_GenerateRestoreGraph" depende de él):
       Usando la tarea "NuGetMessageTask" del ensamblado "C:\Program Files\dotnet\sdk\7.0.410\NuGet.Build.Tasks.dll".
       Tarea "NuGetMessageTask"
         Determining projects to restore...
       Ejecución de la tarea "NuGetMessageTask" terminada.
       Tarea "MSBuild"
         Propiedades globales:
           ExcludeRestorePackageImports=true
     1>El proyecto "c:\Users\Tosito\Desktop\Tosito\windows\Optimizacion\src\OptimizadorAdmin\OptimizadorAdmin.csproj" (1) está compilando "c:\Users\Tosito\Desktop\Tosito\windows\Optimizacion\src\OptimizadorAdmin\OptimizadorAdmin.csproj" (1:3) en el nodo 1 (_GenerateRestoreProjectPathWalk destinos).
   1:3>Se omitió el destino "_GenerateRestoreProjectPathItemsAllFrameworks" debido a una condición falsa (False); ( '$(TargetFrameworks)' != '' ) se evaluó como ( '' != '' ).
   1:3>Destino "_GenerateRestoreProjectPathItemsPerFramework" en el archivo "C:\Program Files\dotnet\sdk\7.0.410\NuGet.targets" del proyecto "c:\Users\Tosito\Desktop\Tosito\windows\Optimizacion\src\OptimizadorAdmin\OptimizadorAdmin.csproj" (el destino "_GenerateRestoreProjectPathItemsCurrentProject" depende de él):
       Usando la tarea "ConvertToAbsolutePath" del ensamblado "Microsoft.Build.Tasks.Core, Version=15.1.0.0, Culture=neutral, PublicKeyToken=b03f5f7f11d50a3a".
       Tarea "ConvertToAbsolutePath"
       Ejecución de la tarea "ConvertToAbsolutePath" terminada.
   1:3>Compilación terminada del destino "_GenerateRestoreProjectPathItemsPerFramework" en el proyecto "OptimizadorAdmin.csproj".
   1:3>Destino "_GenerateRestoreProjectPathItemsCurrentProject" en el archivo "C:\Program Files\dotnet\sdk\7.0.410\NuGet.targets" del proyecto "c:\Users\Tosito\Desktop\Tosito\windows\Optimizacion\src\OptimizadorAdmin\OptimizadorAdmin.csproj" (el destino "_GenerateRestoreProjectPathItems" depende de él):
   1:3>Compilación terminada del destino "_GenerateRestoreProjectPathItemsCurrentProject" en el proyecto "OptimizadorAdmin.csproj".
   1:3>Destino "_GenerateRestoreProjectPathItems" en el archivo "C:\Program Files\dotnet\sdk\7.0.410\NuGet.targets" del proyecto "c:\Users\Tosito\Desktop\Tosito\windows\Optimizacion\src\OptimizadorAdmin\OptimizadorAdmin.csproj" (el destino "_GenerateRestoreProjectPathWalk" depende de él):
       Tarea "RemoveDuplicates"
       Ejecución de la tarea "RemoveDuplicates" terminada.
   1:3>Compilación terminada del destino "_GenerateRestoreProjectPathItems" en el proyecto "OptimizadorAdmin.csproj".
   1:3>Destino "_GenerateRestoreProjectPathWalk" en el archivo "C:\Program Files\dotnet\sdk\7.0.410\NuGet.targets" del proyecto "c:\Users\Tosito\Desktop\Tosito\windows\Optimizacion\src\OptimizadorAdmin\OptimizadorAdmin.csproj" (punto de entrada):
       Tarea "MSBuild"
       Ejecución de la tarea "MSBuild" terminada.
       Se omitió la tarea "MSBuild" debido a una condición falsa (False); ( '$(RestoreUseSkipNonexistentTargets)' != 'true' ) se evaluó como ( 'true' != 'true' ).
       Tarea "RemoveDuplicates"
       Ejecución de la tarea "RemoveDuplicates" terminada.
   1:3>Compilación terminada del destino "_GenerateRestoreProjectPathWalk" en el proyecto "OptimizadorAdmin.csproj".
   1:3>Compilación del proyecto terminada "c:\Users\Tosito\Desktop\Tosito\windows\Optimizacion\src\OptimizadorAdmin\OptimizadorAdmin.csproj" (_GenerateRestoreProjectPathWalk destinos).
     1>Ejecución de la tarea "MSBuild" terminada.
       Se omitió la tarea "MSBuild" debido a una condición falsa (False); ( '$(RestoreUseSkipNonexistentTargets)' != 'true' ) se evaluó como ( 'true' != 'true' ).
       Tarea "RemoveDuplicates"
       Ejecución de la tarea "RemoveDuplicates" terminada.
       Tarea "MSBuild"
         Propiedades globales:
           ExcludeRestorePackageImports=true
     1>El proyecto "c:\Users\Tosito\Desktop\Tosito\windows\Optimizacion\src\OptimizadorAdmin\OptimizadorAdmin.csproj" (1) está compilando "c:\Users\Tosito\Desktop\Tosito\windows\Optimizacion\src\OptimizadorAdmin\OptimizadorAdmin.csproj" (1:4) en el nodo 1 (_IsProjectRestoreSupported destinos).
   1:4>Se omitió el destino "_IsProjectRestoreSupported". Compilado previamente de forma correcta.
   1:4>Compilación del proyecto terminada "c:\Users\Tosito\Desktop\Tosito\windows\Optimizacion\src\OptimizadorAdmin\OptimizadorAdmin.csproj" (_IsProjectRestoreSupported destinos).
     1>Ejecución de la tarea "MSBuild" terminada.
       Se omitió la tarea "MSBuild" debido a una condición falsa (False); ( '$(RestoreUseSkipNonexistentTargets)' != 'true' ) se evaluó como ( 'true' != 'true' ).
     1>Compilación terminada del destino "_GetAllRestoreProjectPathItems" en el proyecto "OptimizadorAdmin.csproj".
     1>Destino "_GenerateRestoreGraph" en el archivo "C:\Program Files\dotnet\sdk\7.0.410\NuGet.targets" del proyecto "c:\Users\Tosito\Desktop\Tosito\windows\Optimizacion\src\OptimizadorAdmin\OptimizadorAdmin.csproj" (el destino "Restore" depende de él):
       Usando la tarea "Message" del ensamblado "Microsoft.Build.Tasks.Core, Version=15.1.0.0, Culture=neutral, PublicKeyToken=b03f5f7f11d50a3a".
       Tarea "Message"
         Generating dg file
       Ejecución de la tarea "Message" terminada.
       Tarea "Message"
         c:\Users\Tosito\Desktop\Tosito\windows\Optimizacion\src\OptimizadorAdmin\OptimizadorAdmin.csproj
       Ejecución de la tarea "Message" terminada.
       Tarea "MSBuild"
         Propiedades globales:
           ExcludeRestorePackageImports=true
     1>El proyecto "c:\Users\Tosito\Desktop\Tosito\windows\Optimizacion\src\OptimizadorAdmin\OptimizadorAdmin.csproj" (1) está compilando "c:\Users\Tosito\Desktop\Tosito\windows\Optimizacion\src\OptimizadorAdmin\OptimizadorAdmin.csproj" (1:5) en el nodo 1 (_GenerateRestoreGraphProjectEntry destinos).
   1:5>Destino "_GetProjectJsonPath" en el archivo "C:\Program Files\dotnet\sdk\7.0.410\NuGet.targets" del proyecto "c:\Users\Tosito\Desktop\Tosito\windows\Optimizacion\src\OptimizadorAdmin\OptimizadorAdmin.csproj" (el destino "_GetRestoreProjectStyle" depende de él):
   1:5>Se omitió la tarea "GetRestoreProjectJsonPathTask" debido a una condición falsa (False); ( '$(RestoreProjectStyle)' == 'ProjectJson' OR '$(RestoreProjectStyle)' == '' ) se evaluó como ( 'PackageReference' == 'ProjectJson' OR 'PackageReference' == '' ).
   1:5>Compilación terminada del destino "_GetProjectJsonPath" en el proyecto "OptimizadorAdmin.csproj".
       Se omitió el destino "_CheckForMissingWorkload" debido a una condición falsa (False); ('@(MissingWorkloadPack)' != '' And '$(DesignTimeBuild)' != 'true') se evaluó como ('' != '' And '' != 'true').
   1:5>Destino "_CheckForUnsupportedTargetPlatformIdentifier" en el archivo "C:\Program Files\dotnet\sdk\7.0.410\Sdks\Microsoft.NET.Sdk\targets\Microsoft.NET.TargetFrameworkInference.targets" del proyecto "c:\Users\Tosito\Desktop\Tosito\windows\Optimizacion\src\OptimizadorAdmin\OptimizadorAdmin.csproj" (el destino "CollectPackageReferences" depende de él):
       Se omitió la tarea "NETSdkError" debido a una condición falsa (False); ('$(TargetPlatformSupported)' != 'true' and '$(UseWorkloadsSpecificError)' != 'true') se evaluó como ('true' != 'true' and '' != 'true').
       Se omitió la tarea "NETSdkError" debido a una condición falsa (False); ('$(TargetPlatformSupported)' != 'true' and '$(UseWorkloadsSpecificError)' == 'true') se evaluó como ('true' != 'true' and '' == 'true').
   1:5>Compilación terminada del destino "_CheckForUnsupportedTargetPlatformIdentifier" en el proyecto "OptimizadorAdmin.csproj".
   1:5>Destino "_CheckForUnsupportedNETCoreVersion" en el archivo "C:\Program Files\dotnet\sdk\7.0.410\Sdks\Microsoft.NET.Sdk\targets\Microsoft.NET.TargetFrameworkInference.targets" del proyecto "c:\Users\Tosito\Desktop\Tosito\windows\Optimizacion\src\OptimizadorAdmin\OptimizadorAdmin.csproj" (el destino "CollectPackageReferences" depende de él):
       Se omitió la tarea "NETSdkError" debido a una condición falsa (False); ('$(_TargetFrameworkVersionWithoutV)' > '$(NETCoreAppMaximumVersion)' and '$(DisplayVSMessage)' != 'true') se evaluó como ('7.0' > '7.0' and '' != 'true').
       Se omitió la tarea "NETSdkError" debido a una condición falsa (False); ('$(DisplayVSMessage)' == 'true') se evaluó como ('' == 'true').
   1:5>Compilación terminada del destino "_CheckForUnsupportedNETCoreVersion" en el proyecto "OptimizadorAdmin.csproj".
       Se omitió el destino "_CheckForEolTargetFrameworks" debido a una condición falsa (False); ('@(_EolNetCoreTargetFrameworkVersions->AnyHaveMetadataValue('Identity', '$(_TargetFrameworkVersionWithoutV)'))' and '$(TargetFrameworkIdentifier)' == '.NETCoreApp' and '$(CheckEolTargetFramework)' == 'true') se evaluó como ('false' and '.NETCoreApp' == '.NETCoreApp' and 'true' == 'true').
       Se omitió el destino "_CheckForEolWorkloads" debido a una condición falsa (False); ('@(EolWorkload)' != '' and '$(CheckEolWorkloads)' == 'true') se evaluó como ('' != '' and 'true' == 'true').
   1:5>Destino "_CheckForUnsupportedCppNETCoreVersion" en el archivo "C:\Program Files\dotnet\sdk\7.0.410\Sdks\Microsoft.NET.Sdk\targets\Microsoft.NET.TargetFrameworkInference.targets" del proyecto "c:\Users\Tosito\Desktop\Tosito\windows\Optimizacion\src\OptimizadorAdmin\OptimizadorAdmin.csproj" (el destino "CollectPackageReferences" depende de él):
       Se omitió la tarea "NETSdkError" debido a una condición falsa (False); ('$(TargetFrameworkIdentifier)' == '.NETCoreApp' and '$(_TargetFrameworkVersionWithoutV)' < '3.1' and ('$(Language)' == 'C++' and '$(_EnablePackageReferencesInVCProjects)' != 'true')) se evaluó como ('.NETCoreApp' == '.NETCoreApp' and '7.0' < '3.1' and ('C#' == 'C++' and '' != 'true')).
   1:5>Compilación terminada del destino "_CheckForUnsupportedCppNETCoreVersion" en el proyecto "OptimizadorAdmin.csproj".
       Se omitió el destino "_CheckForUnsupportedNETStandardVersion" debido a una condición falsa (False); ('$(TargetFrameworkIdentifier)' == '.NETStandard' And '$(NETStandardMaximumVersion)' != '') se evaluó como ('.NETCoreApp' == '.NETStandard' And '' != '').
       Se omitió el destino "_CheckForUnsupportedTargetFrameworkAndFeatureCombination" debido a una condición falsa (False); ('$(TargetFrameworkIdentifier)' == '.NETFramework') se evaluó como ('.NETCoreApp' == '.NETFramework').
       Se omitió el destino "ApplyImplicitVersions" debido a una condición falsa (False); ('@(PackageReference)' != '') se evaluó como ('' != '').
       Se omitió el destino "IncludeTargetingPackReference" debido a una condición falsa (False); ('$(TargetFrameworkMoniker)' != '' and '$(TargetFrameworkIdentifier)' == '.NETFramework' and '$(AutomaticallyUseReferenceAssemblyPackages)' == 'true') se evaluó como ('.NETCoreApp,Version=v7.0' != '' and '.NETCoreApp' == '.NETFramework' and 'true' == 'true').
   1:5>Destino "CheckForImplicitPackageReferenceOverrides" en el archivo "C:\Program Files\dotnet\sdk\7.0.410\Sdks\Microsoft.NET.Sdk\targets\Microsoft.NET.Sdk.DefaultItems.Shared.targets" del proyecto "c:\Users\Tosito\Desktop\Tosito\windows\Optimizacion\src\OptimizadorAdmin\OptimizadorAdmin.csproj" (el destino "CollectPackageReferences" depende de él):
       Usando la tarea "CheckForImplicitPackageReferenceOverrides" del ensamblado "C:\Program Files\dotnet\sdk\7.0.410\Sdks\Microsoft.NET.Sdk\targets\..\tools\net7.0\Microsoft.NET.Build.Tasks.dll".
       Tarea "CheckForImplicitPackageReferenceOverrides"
       Ejecución de la tarea "CheckForImplicitPackageReferenceOverrides" terminada.
   1:5>Compilación terminada del destino "CheckForImplicitPackageReferenceOverrides" en el proyecto "OptimizadorAdmin.csproj".
   1:5>Destino "AddWindowsSdkKnownFrameworkReferences" en el archivo "C:\Program Files\dotnet\sdk\7.0.410\Sdks\Microsoft.NET.Sdk\targets\Microsoft.NET.Sdk.FrameworkReferenceResolution.targets" del proyecto "c:\Users\Tosito\Desktop\Tosito\windows\Optimizacion\src\OptimizadorAdmin\OptimizadorAdmin.csproj" (el destino "ProcessFrameworkReferences" depende de él):
       Usando la tarea "CreateWindowsSdkKnownFrameworkReferences" del ensamblado "C:\Program Files\dotnet\sdk\7.0.410\Sdks\Microsoft.NET.Sdk\targets\..\tools\net7.0\Microsoft.NET.Build.Tasks.dll".
       Tarea "CreateWindowsSdkKnownFrameworkReferences"
       Ejecución de la tarea "CreateWindowsSdkKnownFrameworkReferences" terminada.
   1:5>Compilación terminada del destino "AddWindowsSdkKnownFrameworkReferences" en el proyecto "OptimizadorAdmin.csproj".
   1:5>Destino "_NormalizeTargetPlatformVersion" en el archivo "C:\Program Files\dotnet\sdk\7.0.410\Sdks\Microsoft.NET.Sdk\targets\Microsoft.NET.TargetFrameworkInference.targets" del proyecto "c:\Users\Tosito\Desktop\Tosito\windows\Optimizacion\src\OptimizadorAdmin\OptimizadorAdmin.csproj" (el destino "ProcessFrameworkReferences" depende de él):
   1:5>Compilación terminada del destino "_NormalizeTargetPlatformVersion" en el proyecto "OptimizadorAdmin.csproj".
   1:5>Destino "_CheckForLanguageAndFeatureCombinationSupport" en el archivo "C:\Program Files\dotnet\sdk\7.0.410\Sdks\Microsoft.NET.Sdk\targets\Microsoft.NET.RuntimeIdentifierInference.targets" del proyecto "c:\Users\Tosito\Desktop\Tosito\windows\Optimizacion\src\OptimizadorAdmin\OptimizadorAdmin.csproj" (el destino "ProcessFrameworkReferences" depende de él):
       Se omitió la tarea "NETSdkError" debido a una condición falsa (False); (('$(Language)' == 'C++' and '$(_EnablePackageReferencesInVCProjects)' != 'true') and $(OutputType) != 'library' and '$(TargetFrameworkIdentifier)' == '.NETCoreApp') se evaluó como (('C#' == 'C++' and '' != 'true') and WinExe != 'library' and '.NETCoreApp' == '.NETCoreApp').
       Se omitió la tarea "NETSdkError" debido a una condición falsa (False); (('$(Language)' == 'C++' and '$(_EnablePackageReferencesInVCProjects)' != 'true') and $(EnableComHosting) == 'true') se evaluó como (('C#' == 'C++' and '' != 'true') and  == 'true').
       Se omitió la tarea "NETSdkError" debido a una condición falsa (False); (('$(Language)' == 'C++' and '$(_EnablePackageReferencesInVCProjects)' != 'true') and $(SelfContained) == 'true') se evaluó como (('C#' == 'C++' and '' != 'true') and false == 'true').
   1:5>Compilación terminada del destino "_CheckForLanguageAndFeatureCombinationSupport" en el proyecto "OptimizadorAdmin.csproj".
       Se omitió el destino "ApplyImplicitVersions" debido a una condición falsa (False); ('@(PackageReference)' != '') se evaluó como ('' != '').
   1:5>Destino "ProcessFrameworkReferences" en el archivo "C:\Program Files\dotnet\sdk\7.0.410\Sdks\Microsoft.NET.Sdk\targets\Microsoft.NET.Sdk.FrameworkReferenceResolution.targets" del proyecto "c:\Users\Tosito\Desktop\Tosito\windows\Optimizacion\src\OptimizadorAdmin\OptimizadorAdmin.csproj" (el destino "CollectPackageReferences" depende de él):
       Usando la tarea "CheckForDuplicateFrameworkReferences" del ensamblado "C:\Program Files\dotnet\sdk\7.0.410\Sdks\Microsoft.NET.Sdk\targets\..\tools\net7.0\Microsoft.NET.Build.Tasks.dll".
       Tarea "CheckForDuplicateFrameworkReferences"
       Ejecución de la tarea "CheckForDuplicateFrameworkReferences" terminada.
       Usando la tarea "ProcessFrameworkReferences" del ensamblado "C:\Program Files\dotnet\sdk\7.0.410\Sdks\Microsoft.NET.Sdk\targets\..\tools\net7.0\Microsoft.NET.Build.Tasks.dll".
       Tarea "ProcessFrameworkReferences"
       Ejecución de la tarea "ProcessFrameworkReferences" terminada.
       Usando la tarea "ResolveAppHosts" del ensamblado "C:\Program Files\dotnet\sdk\7.0.410\Sdks\Microsoft.NET.Sdk\targets\..\tools\net7.0\Microsoft.NET.Build.Tasks.dll".
       Tarea "ResolveAppHosts"
       Ejecución de la tarea "ResolveAppHosts" terminada.
   1:5>Compilación terminada del destino "ProcessFrameworkReferences" en el proyecto "OptimizadorAdmin.csproj".
       Se omitió el destino "IncludeTargetingPackReference" debido a una condición falsa (False); ('$(TargetFrameworkMoniker)' != '' and '$(TargetFrameworkIdentifier)' == '.NETFramework' and '$(AutomaticallyUseReferenceAssemblyPackages)' == 'true') se evaluó como ('.NETCoreApp,Version=v7.0' != '' and '.NETCoreApp' == '.NETFramework' and 'true' == 'true').
   1:5>Destino "_AddMicrosoftNetCompilerToolsetFrameworkPackage" en el archivo "C:\Program Files\dotnet\sdk\7.0.410\Sdks\Microsoft.NET.Sdk\targets\Microsoft.NET.Sdk.targets" del proyecto "c:\Users\Tosito\Desktop\Tosito\windows\Optimizacion\src\OptimizadorAdmin\OptimizadorAdmin.csproj" (el destino "CollectPackageReferences" depende de él):
       Se omitió la tarea "NETSdkWarning" debido a una condición falsa (False); ('@(PackageReference->AnyHaveMetadataValue('Identity', 'Microsoft.Net.Compilers.Toolset.Framework'))' == 'true') se evaluó como ('false' == 'true').
   1:5>Compilación terminada del destino "_AddMicrosoftNetCompilerToolsetFrameworkPackage" en el proyecto "OptimizadorAdmin.csproj".
   1:5>Destino "_CheckForObsoleteDotNetCliToolReferences" en el archivo "C:\Program Files\dotnet\sdk\7.0.410\Sdks\Microsoft.NET.Sdk\targets\Microsoft.NET.ObsoleteReferences.targets" del proyecto "c:\Users\Tosito\Desktop\Tosito\windows\Optimizacion\src\OptimizadorAdmin\OptimizadorAdmin.csproj" (el destino "CollectPackageReferences" depende de él):
       Se omitió la tarea "NETSdkWarning" debido a una condición falsa (False); ( '%(_ReferenceToObsoleteDotNetCliTool.Identity)' != '' ) se evaluó como ( '' != '' ).
   1:5>Compilación terminada del destino "_CheckForObsoleteDotNetCliToolReferences" en el proyecto "OptimizadorAdmin.csproj".
   1:5>Destino "CollectPackageReferences" en el archivo "C:\Program Files\dotnet\sdk\7.0.410\NuGet.targets" del proyecto "c:\Users\Tosito\Desktop\Tosito\windows\Optimizacion\src\OptimizadorAdmin\OptimizadorAdmin.csproj" (el destino "_GetRestoreProjectStyle" depende de él):
       Usando la tarea "CheckForDuplicateNuGetItemsTask" del ensamblado "C:\Program Files\dotnet\sdk\7.0.410\NuGet.Build.Tasks.dll".
       Tarea "CheckForDuplicateNuGetItemsTask"
       Ejecución de la tarea "CheckForDuplicateNuGetItemsTask" terminada.
   1:5>Compilación terminada del destino "CollectPackageReferences" en el proyecto "OptimizadorAdmin.csproj".
   1:5>Destino "_GetRestoreProjectStyle" en el archivo "C:\Program Files\dotnet\sdk\7.0.410\NuGet.targets" del proyecto "c:\Users\Tosito\Desktop\Tosito\windows\Optimizacion\src\OptimizadorAdmin\OptimizadorAdmin.csproj" (el destino "_GenerateRestoreSpecs" depende de él):
       Usando la tarea "GetRestoreProjectStyleTask" del ensamblado "C:\Program Files\dotnet\sdk\7.0.410\NuGet.Build.Tasks.dll".
       Tarea "GetRestoreProjectStyleTask"
         (in) HasPackageReferenceItems 'False'
         (in) MSBuildProjectDirectory 'c:\Users\Tosito\Desktop\Tosito\windows\Optimizacion\src\OptimizadorAdmin'
         (in) MSBuildProjectName 'OptimizadorAdmin'
         (in) ProjectJsonPath ''
         (in) RestoreProjectStyle 'PackageReference'
         (out) IsPackageReferenceCompatibleProjectStyle 'True'
         (out) ProjectStyle 'PackageReference'
       Ejecución de la tarea "GetRestoreProjectStyleTask" terminada.
   1:5>Compilación terminada del destino "_GetRestoreProjectStyle" en el proyecto "OptimizadorAdmin.csproj".
   1:5>Destino "_GenerateRestoreSpecs" en el archivo "C:\Program Files\dotnet\sdk\7.0.410\NuGet.targets" del proyecto "c:\Users\Tosito\Desktop\Tosito\windows\Optimizacion\src\OptimizadorAdmin\OptimizadorAdmin.csproj" (el destino "_GenerateRestoreGraphProjectEntry" depende de él):
       Tarea "Message"
         Restore entry point c:\Users\Tosito\Desktop\Tosito\windows\Optimizacion\src\OptimizadorAdmin\OptimizadorAdmin.csproj
       Ejecución de la tarea "Message" terminada.
   1:5>Compilación terminada del destino "_GenerateRestoreSpecs" en el proyecto "OptimizadorAdmin.csproj".
   1:5>Destino "_GetRestoreSettingsOverrides" en el archivo "C:\Program Files\dotnet\sdk\7.0.410\NuGet.targets" del proyecto "c:\Users\Tosito\Desktop\Tosito\windows\Optimizacion\src\OptimizadorAdmin\OptimizadorAdmin.csproj" (el destino "_GetRestoreSettings" depende de él):
       Se omitió la tarea "MSBuild" debido a una condición falsa (False); ( '$(RestorePackagesPath)' != '' ) se evaluó como ( '' != '' ).
       Se omitió la tarea "MSBuild" debido a una condición falsa (False); ( '$(RestoreRepositoryPathOverride)' != '' ) se evaluó como ( '' != '' ).
       Se omitió la tarea "MSBuild" debido a una condición falsa (False); ( '$(RestoreSources)' != '' ) se evaluó como ( '' != '' ).
       Se omitió la tarea "MSBuild" debido a una condición falsa (False); ( '$(RestoreFallbackFolders)' != '' ) se evaluó como ( '' != '' ).
   1:5>Compilación terminada del destino "_GetRestoreSettingsOverrides" en el proyecto "OptimizadorAdmin.csproj".
   1:5>Destino "_GetRestoreSettingsPerFramework" en el archivo "C:\Program Files\dotnet\sdk\7.0.410\NuGet.targets" del proyecto "c:\Users\Tosito\Desktop\Tosito\windows\Optimizacion\src\OptimizadorAdmin\OptimizadorAdmin.csproj" (el destino "_GetRestoreSettingsCurrentProject" depende de él):
   1:5>Compilación terminada del destino "_GetRestoreSettingsPerFramework" en el proyecto "OptimizadorAdmin.csproj".
   1:5>Destino "_GetRestoreSettingsCurrentProject" en el archivo "C:\Program Files\dotnet\sdk\7.0.410\NuGet.targets" del proyecto "c:\Users\Tosito\Desktop\Tosito\windows\Optimizacion\src\OptimizadorAdmin\OptimizadorAdmin.csproj" (el destino "_GetRestoreSettings" depende de él):
   1:5>Compilación terminada del destino "_GetRestoreSettingsCurrentProject" en el proyecto "OptimizadorAdmin.csproj".
       Se omitió el destino "_GetRestoreSettingsAllFrameworks" debido a una condición falsa (False); ( '$(TargetFrameworks)' != '' AND '$(PackageReferenceCompatibleProjectStyle)' == 'true' ) se evaluó como ( '' != '' AND 'True' == 'true' ).
   1:5>Destino "_GetRestoreSettings" en el archivo "C:\Program Files\dotnet\sdk\7.0.410\NuGet.targets" del proyecto "c:\Users\Tosito\Desktop\Tosito\windows\Optimizacion\src\OptimizadorAdmin\OptimizadorAdmin.csproj" (el destino "_GenerateDotnetCliToolReferenceSpecs" depende de él):
       Usando la tarea "GetRestoreSettingsTask" del ensamblado "C:\Program Files\dotnet\sdk\7.0.410\NuGet.Build.Tasks.dll".
       Tarea "GetRestoreSettingsTask"
         (in) ProjectUniqueName 'c:\Users\Tosito\Desktop\Tosito\windows\Optimizacion\src\OptimizadorAdmin\OptimizadorAdmin.csproj'
         (in) RestoreSources ''
         (in) RestorePackagesPath ''
         (in) RestoreRepositoryPath ''
         (in) RestoreFallbackFolders ''
         (in) RestoreConfigFile ''
         (in) RestoreSolutionDirectory ''
         (in) RestoreRootConfigDirectory ''
         (in) RestorePackagesPathOverride ''
         (in) RestoreSourcesOverride ''
         (in) RestoreFallbackFoldersOverride ''
         (in) RestoreProjectStyle 'PackageReference'
         (in) MSBuildStartupDirectory 'C:\Users\Tosito\Desktop\Tosito\windows\Optimizacion\src\OptimizadorAdmin'
         Ensamblado cargado durante TaskRun (NuGet.Build.Tasks.GetRestoreSettingsTask): NuGet.Configuration, Version=6.7.1.1, Culture=neutral, PublicKeyToken=31bf3856ad364e35 (ubicación: C:\Program Files\dotnet\sdk\7.0.410\NuGet.Configuration.dll, MVID: 6ccd3275-431c-4e17-8ee6-25ff4a8be457, AppDomain: [Default])
         (out) OutputPackagesPath 'C:\Users\Tosito\.nuget\packages\'
         (out) OutputRepositoryPath ''
         (out) OutputSources 'https://api.nuget.org/v3/index.json'
         (out) OutputFallbackFolders ''
         (out) OutputConfigFilePaths 'C:\Users\Tosito\AppData\Roaming\NuGet\NuGet.Config'
       Ejecución de la tarea "GetRestoreSettingsTask" terminada.
   1:5>Compilación terminada del destino "_GetRestoreSettings" en el proyecto "OptimizadorAdmin.csproj".
   1:5>Destino "_GenerateDotnetCliToolReferenceSpecs" en el archivo "C:\Program Files\dotnet\sdk\7.0.410\NuGet.targets" del proyecto "c:\Users\Tosito\Desktop\Tosito\windows\Optimizacion\src\OptimizadorAdmin\OptimizadorAdmin.csproj" (el destino "_GenerateRestoreGraphProjectEntry" depende de él):
       Usando la tarea "GetRestoreDotnetCliToolsTask" del ensamblado "C:\Program Files\dotnet\sdk\7.0.410\NuGet.Build.Tasks.dll".
       Tarea "GetRestoreDotnetCliToolsTask"
         (in) ProjectPath 'c:\Users\Tosito\Desktop\Tosito\windows\Optimizacion\src\OptimizadorAdmin\OptimizadorAdmin.csproj'
         (in) DotnetCliToolReferences ''
         (in) RestoreSources 'https://api.nuget.org/v3/index.json'
         (in) RestorePackagesPath 'C:\Users\Tosito\.nuget\packages\'
         (in) RestoreConfigFilePaths 'C:\Users\Tosito\AppData\Roaming\NuGet\NuGet.Config'
       Ejecución de la tarea "GetRestoreDotnetCliToolsTask" terminada.
   1:5>Compilación terminada del destino "_GenerateDotnetCliToolReferenceSpecs" en el proyecto "OptimizadorAdmin.csproj".
   1:5>Destino "_GenerateRestoreGraphProjectEntry" en el archivo "C:\Program Files\dotnet\sdk\7.0.410\NuGet.targets" del proyecto "c:\Users\Tosito\Desktop\Tosito\windows\Optimizacion\src\OptimizadorAdmin\OptimizadorAdmin.csproj" (punto de entrada):
   1:5>Compilación terminada del destino "_GenerateRestoreGraphProjectEntry" en el proyecto "OptimizadorAdmin.csproj".
   1:5>Compilación del proyecto terminada "c:\Users\Tosito\Desktop\Tosito\windows\Optimizacion\src\OptimizadorAdmin\OptimizadorAdmin.csproj" (_GenerateRestoreGraphProjectEntry destinos).
     1>Ejecución de la tarea "MSBuild" terminada.
       Tarea "MSBuild"
         Propiedades globales:
           ExcludeRestorePackageImports=true
     1>El proyecto "c:\Users\Tosito\Desktop\Tosito\windows\Optimizacion\src\OptimizadorAdmin\OptimizadorAdmin.csproj" (1) está compilando "c:\Users\Tosito\Desktop\Tosito\windows\Optimizacion\src\OptimizadorAdmin\OptimizadorAdmin.csproj" (1:6) en el nodo 1 (_GenerateProjectRestoreGraph destinos).
   1:6>Se omitió el destino "_GetRestoreProjectStyle". Compilado previamente de forma correcta.
       Se omitió el destino "_GetRestoreProjectStyle". Compilado previamente de forma correcta.
       Se omitió el destino "_GetRestoreProjectStyle". Compilado previamente de forma correcta.
   1:6>Destino "_GetRestoreTargetFrameworkOverride" en el archivo "C:\Program Files\dotnet\sdk\7.0.410\NuGet.targets" del proyecto "c:\Users\Tosito\Desktop\Tosito\windows\Optimizacion\src\OptimizadorAdmin\OptimizadorAdmin.csproj" (el destino "_GetRestoreTargetFrameworksOutput" depende de él):
       Se omitió la tarea "GetGlobalPropertyValueTask" debido a una condición falsa (False); ( '$(TargetFrameworks)' != '' ) se evaluó como ( '' != '' ).
   1:6>Compilación terminada del destino "_GetRestoreTargetFrameworkOverride" en el proyecto "OptimizadorAdmin.csproj".
   1:6>Destino "_GetRestoreTargetFrameworksOutput" en el archivo "C:\Program Files\dotnet\sdk\7.0.410\NuGet.targets" del proyecto "c:\Users\Tosito\Desktop\Tosito\windows\Optimizacion\src\OptimizadorAdmin\OptimizadorAdmin.csproj" (el destino "_GenerateRestoreProjectSpec" depende de él):
       Usando la tarea "GetProjectTargetFrameworksTask" del ensamblado "C:\Program Files\dotnet\sdk\7.0.410\NuGet.Build.Tasks.dll".
       Tarea "GetProjectTargetFrameworksTask"
         (in) ProjectPath 'c:\Users\Tosito\Desktop\Tosito\windows\Optimizacion\src\OptimizadorAdmin\OptimizadorAdmin.csproj'
         (in) TargetFrameworkMoniker '.NETCoreApp,Version=v7.0'
         (in) TargetPlatformIdentifier 'Windows'
         (in) TargetPlatformVersion '7.0'
         (in) TargetPlatformMinVersion '7.0'
         (in) TargetFrameworks ''
         (in) TargetFramework 'net7.0-windows'
         (out) ProjectTargetFrameworks 'net7.0-windows'
       Ejecución de la tarea "GetProjectTargetFrameworksTask" terminada.
   1:6>Compilación terminada del destino "_GetRestoreTargetFrameworksOutput" en el proyecto "OptimizadorAdmin.csproj".
       Se omitió el destino "_GetRestoreSettings". Compilado previamente de forma correcta.
   1:6>Destino "_GenerateRestoreProjectSpec" en el archivo "C:\Program Files\dotnet\sdk\7.0.410\NuGet.targets" del proyecto "c:\Users\Tosito\Desktop\Tosito\windows\Optimizacion\src\OptimizadorAdmin\OptimizadorAdmin.csproj" (el destino "_GenerateProjectRestoreGraph" depende de él):
       Tarea "ConvertToAbsolutePath"
       Ejecución de la tarea "ConvertToAbsolutePath" terminada.
   1:6>Compilación terminada del destino "_GenerateRestoreProjectSpec" en el proyecto "OptimizadorAdmin.csproj".
       Se omitió el destino "_GenerateProjectRestoreGraphAllFrameworks" debido a una condición falsa (False); ( '$(TargetFrameworks)' != '' ) se evaluó como ( '' != '' ).
       Se omitió el destino "_GetRestoreProjectStyle". Compilado previamente de forma correcta.
       Se omitió el destino "CollectPackageReferences". Compilado previamente de forma correcta.
   1:6>Destino "CollectPackageDownloads" en el archivo "C:\Program Files\dotnet\sdk\7.0.410\NuGet.targets" del proyecto "c:\Users\Tosito\Desktop\Tosito\windows\Optimizacion\src\OptimizadorAdmin\OptimizadorAdmin.csproj" (el destino "_GenerateProjectRestoreGraphPerFramework" depende de él):
       Tarea "CheckForDuplicateNuGetItemsTask"
       Ejecución de la tarea "CheckForDuplicateNuGetItemsTask" terminada.
   1:6>Compilación terminada del destino "CollectPackageDownloads" en el proyecto "OptimizadorAdmin.csproj".
   1:6>Destino "CollectFrameworkReferences" en el archivo "C:\Program Files\dotnet\sdk\7.0.410\NuGet.targets" del proyecto "c:\Users\Tosito\Desktop\Tosito\windows\Optimizacion\src\OptimizadorAdmin\OptimizadorAdmin.csproj" (el destino "_GenerateProjectRestoreGraphPerFramework" depende de él):
   1:6>Compilación terminada del destino "CollectFrameworkReferences" en el proyecto "OptimizadorAdmin.csproj".
   1:6>Destino "CollectCentralPackageVersions" en el archivo "C:\Program Files\dotnet\sdk\7.0.410\NuGet.targets" del proyecto "c:\Users\Tosito\Desktop\Tosito\windows\Optimizacion\src\OptimizadorAdmin\OptimizadorAdmin.csproj" (el destino "_GenerateProjectRestoreGraphPerFramework" depende de él):
       Tarea "CheckForDuplicateNuGetItemsTask"
       Ejecución de la tarea "CheckForDuplicateNuGetItemsTask" terminada.
   1:6>Compilación terminada del destino "CollectCentralPackageVersions" en el proyecto "OptimizadorAdmin.csproj".
       Se omitió el destino "PrepRestoreForStoreProjects" debido a una condición falsa (False); ('$(StorePackageName)' != '') se evaluó como ('' != '').
   1:6>Destino "_GenerateProjectRestoreGraphPerFramework" en el archivo "C:\Program Files\dotnet\sdk\7.0.410\NuGet.targets" del proyecto "c:\Users\Tosito\Desktop\Tosito\windows\Optimizacion\src\OptimizadorAdmin\OptimizadorAdmin.csproj" (el destino "_GenerateProjectRestoreGraphCurrentProject" depende de él):
       Usando la tarea "GetRestoreProjectReferencesTask" del ensamblado "C:\Program Files\dotnet\sdk\7.0.410\NuGet.Build.Tasks.dll".
       Tarea "GetRestoreProjectReferencesTask"
         (in) ProjectUniqueName 'c:\Users\Tosito\Desktop\Tosito\windows\Optimizacion\src\OptimizadorAdmin\OptimizadorAdmin.csproj'
         (in) TargetFrameworks 'net7.0-windows'
         (in) ProjectReferences ''
         (in) ParentProjectPath 'c:\Users\Tosito\Desktop\Tosito\windows\Optimizacion\src\OptimizadorAdmin\OptimizadorAdmin.csproj'
       Ejecución de la tarea "GetRestoreProjectReferencesTask" terminada.
       Usando la tarea "GetRestorePackageReferencesTask" del ensamblado "C:\Program Files\dotnet\sdk\7.0.410\NuGet.Build.Tasks.dll".
       Tarea "GetRestorePackageReferencesTask"
         (in) ProjectUniqueName 'c:\Users\Tosito\Desktop\Tosito\windows\Optimizacion\src\OptimizadorAdmin\OptimizadorAdmin.csproj'
         (in) TargetFrameworks 'net7.0-windows'
         (in) PackageReferences ''
       Ejecución de la tarea "GetRestorePackageReferencesTask" terminada.
       Se omitió la tarea "GetCentralPackageVersionsTask" debido a una condición falsa (False); ( '$(PackageReferenceCompatibleProjectStyle)' == 'true' AND '$(_CentralPackageVersionsEnabled)' == 'true' ) se evaluó como ( 'True' == 'true' AND '' == 'true' ).
       Usando la tarea "GetRestorePackageDownloadsTask" del ensamblado "C:\Program Files\dotnet\sdk\7.0.410\NuGet.Build.Tasks.dll".
       Tarea "GetRestorePackageDownloadsTask"
         (in) ProjectUniqueName 'c:\Users\Tosito\Desktop\Tosito\windows\Optimizacion\src\OptimizadorAdmin\OptimizadorAdmin.csproj'
         (in) TargetFrameworks 'net7.0-windows'
         (in) PackageDownloads ''
       Ejecución de la tarea "GetRestorePackageDownloadsTask" terminada.
       Usando la tarea "GetRestoreFrameworkReferencesTask" del ensamblado "C:\Program Files\dotnet\sdk\7.0.410\NuGet.Build.Tasks.dll".
       Tarea "GetRestoreFrameworkReferencesTask"
         (in) ProjectUniqueName 'c:\Users\Tosito\Desktop\Tosito\windows\Optimizacion\src\OptimizadorAdmin\OptimizadorAdmin.csproj'
         (in) TargetFrameworks 'net7.0-windows'
         (in) FrameworkReferences 'Microsoft.NETCore.App;Microsoft.WindowsDesktop.App.WPF'
       Ejecución de la tarea "GetRestoreFrameworkReferencesTask" terminada.
   1:6>Compilación terminada del destino "_GenerateProjectRestoreGraphPerFramework" en el proyecto "OptimizadorAdmin.csproj".
   1:6>Destino "_GenerateProjectRestoreGraphCurrentProject" en el archivo "C:\Program Files\dotnet\sdk\7.0.410\NuGet.targets" del proyecto "c:\Users\Tosito\Desktop\Tosito\windows\Optimizacion\src\OptimizadorAdmin\OptimizadorAdmin.csproj" (el destino "_GenerateRestoreDependencies" depende de él):
   1:6>Compilación terminada del destino "_GenerateProjectRestoreGraphCurrentProject" en el proyecto "OptimizadorAdmin.csproj".
   1:6>Destino "_GenerateRestoreDependencies" en el archivo "C:\Program Files\dotnet\sdk\7.0.410\NuGet.targets" del proyecto "c:\Users\Tosito\Desktop\Tosito\windows\Optimizacion\src\OptimizadorAdmin\OptimizadorAdmin.csproj" (el destino "_GenerateProjectRestoreGraph" depende de él):
   1:6>Compilación terminada del destino "_GenerateRestoreDependencies" en el proyecto "OptimizadorAdmin.csproj".
   1:6>Destino "_GenerateProjectRestoreGraph" en el archivo "C:\Program Files\dotnet\sdk\7.0.410\NuGet.targets" del proyecto "c:\Users\Tosito\Desktop\Tosito\windows\Optimizacion\src\OptimizadorAdmin\OptimizadorAdmin.csproj" (punto de entrada):
   1:6>Compilación terminada del destino "_GenerateProjectRestoreGraph" en el proyecto "OptimizadorAdmin.csproj".
   1:6>Compilación del proyecto terminada "c:\Users\Tosito\Desktop\Tosito\windows\Optimizacion\src\OptimizadorAdmin\OptimizadorAdmin.csproj" (_GenerateProjectRestoreGraph destinos).
     1>Ejecución de la tarea "MSBuild" terminada.
     1>Compilación terminada del destino "_GenerateRestoreGraph" en el proyecto "OptimizadorAdmin.csproj".
       Se omitió el destino "_CheckForUnsupportedTargetFramework" debido a una condición falsa (False); ('$(_UnsupportedTargetFrameworkError)' == 'true') se evaluó como ('' == 'true').
     1>Destino "_CollectTargetFrameworkForTelemetry" en el archivo "C:\Program Files\dotnet\sdk\7.0.410\Sdks\Microsoft.NET.Sdk\targets\Microsoft.NET.TargetFrameworkInference.targets" del proyecto "c:\Users\Tosito\Desktop\Tosito\windows\Optimizacion\src\OptimizadorAdmin\OptimizadorAdmin.csproj" (el destino "Restore" depende de él):
       Usando la tarea "AllowEmptyTelemetry" del ensamblado "C:\Program Files\dotnet\sdk\7.0.410\Sdks\Microsoft.NET.Sdk\targets\..\tools\net7.0\Microsoft.NET.Build.Tasks.dll".
       Tarea "AllowEmptyTelemetry"
       Ejecución de la tarea "AllowEmptyTelemetry" terminada.
     1>Compilación terminada del destino "_CollectTargetFrameworkForTelemetry" en el proyecto "OptimizadorAdmin.csproj".
     1>Destino "_CheckForUnsupportedNETCoreVersion" en el archivo "C:\Program Files\dotnet\sdk\7.0.410\Sdks\Microsoft.NET.Sdk\targets\Microsoft.NET.TargetFrameworkInference.targets" del proyecto "c:\Users\Tosito\Desktop\Tosito\windows\Optimizacion\src\OptimizadorAdmin\OptimizadorAdmin.csproj" (el destino "Restore" depende de él):
       Se omitió la tarea "NETSdkError" debido a una condición falsa (False); ('$(_TargetFrameworkVersionWithoutV)' > '$(NETCoreAppMaximumVersion)' and '$(DisplayVSMessage)' != 'true') se evaluó como ('7.0' > '7.0' and '' != 'true').
       Se omitió la tarea "NETSdkError" debido a una condición falsa (False); ('$(DisplayVSMessage)' == 'true') se evaluó como ('' == 'true').
     1>Compilación terminada del destino "_CheckForUnsupportedNETCoreVersion" en el proyecto "OptimizadorAdmin.csproj".
       Se omitió el destino "_CheckForEolTargetFrameworks" debido a una condición falsa (False); ('@(_EolNetCoreTargetFrameworkVersions->AnyHaveMetadataValue('Identity', '$(_TargetFrameworkVersionWithoutV)'))' and '$(TargetFrameworkIdentifier)' == '.NETCoreApp' and '$(CheckEolTargetFramework)' == 'true') se evaluó como ('false' and '.NETCoreApp' == '.NETCoreApp' and 'true' == 'true').
       Se omitió el destino "_CheckForEolWorkloads" debido a una condición falsa (False); ('@(EolWorkload)' != '' and '$(CheckEolWorkloads)' == 'true') se evaluó como ('' != '' and 'true' == 'true').
     1>Destino "_CheckForUnsupportedCppNETCoreVersion" en el archivo "C:\Program Files\dotnet\sdk\7.0.410\Sdks\Microsoft.NET.Sdk\targets\Microsoft.NET.TargetFrameworkInference.targets" del proyecto "c:\Users\Tosito\Desktop\Tosito\windows\Optimizacion\src\OptimizadorAdmin\OptimizadorAdmin.csproj" (el destino "Restore" depende de él):
       Se omitió la tarea "NETSdkError" debido a una condición falsa (False); ('$(TargetFrameworkIdentifier)' == '.NETCoreApp' and '$(_TargetFrameworkVersionWithoutV)' < '3.1' and ('$(Language)' == 'C++' and '$(_EnablePackageReferencesInVCProjects)' != 'true')) se evaluó como ('.NETCoreApp' == '.NETCoreApp' and '7.0' < '3.1' and ('C#' == 'C++' and '' != 'true')).
     1>Compilación terminada del destino "_CheckForUnsupportedCppNETCoreVersion" en el proyecto "OptimizadorAdmin.csproj".
       Se omitió el destino "_CheckForUnsupportedNETStandardVersion" debido a una condición falsa (False); ('$(TargetFrameworkIdentifier)' == '.NETStandard' And '$(NETStandardMaximumVersion)' != '') se evaluó como ('.NETCoreApp' == '.NETStandard' And '' != '').
       Se omitió el destino "_CheckForUnsupportedTargetFrameworkAndFeatureCombination" debido a una condición falsa (False); ('$(TargetFrameworkIdentifier)' == '.NETFramework') se evaluó como ('.NETCoreApp' == '.NETFramework').
     1>Destino "Restore" en el archivo "C:\Program Files\dotnet\sdk\7.0.410\NuGet.targets" del proyecto "c:\Users\Tosito\Desktop\Tosito\windows\Optimizacion\src\OptimizadorAdmin\OptimizadorAdmin.csproj" (punto de entrada):
       Tarea "RemoveDuplicates"
       Ejecución de la tarea "RemoveDuplicates" terminada.
       Usando la tarea "RestoreTask" del ensamblado "C:\Program Files\dotnet\sdk\7.0.410\NuGet.Build.Tasks.dll".
       Tarea "RestoreTask"
         (in) RestoreGraphItems Count '5'
         (in) RestoreDisableParallel 'False'
         (in) RestoreNoCache 'False'
         (in) RestoreIgnoreFailedSources 'False'
         (in) RestoreRecursive 'True'
         (in) RestoreForce 'False'
         (in) HideWarningsAndErrors 'False'
         (in) RestoreForceEvaluate 'False'
         (in) RestorePackagesConfig 'False'
         Ensamblado cargado durante TaskRun (NuGet.Build.Tasks.RestoreTask): NuGet.Packaging, Version=6.7.1.1, Culture=neutral, PublicKeyToken=31bf3856ad364e35 (ubicación: C:\Program Files\dotnet\sdk\7.0.410\NuGet.Packaging.dll, MVID: 333e8716-c5e7-4c9d-8dd1-7adff00fb3c1, AppDomain: [Default])
         Ensamblado cargado durante TaskRun (NuGet.Build.Tasks.RestoreTask): NuGet.LibraryModel, Version=6.7.1.1, Culture=neutral, PublicKeyToken=31bf3856ad364e35 (ubicación: C:\Program Files\dotnet\sdk\7.0.410\NuGet.LibraryModel.dll, MVID: dfe777c6-8fa5-443a-aeda-f79048098b9c, AppDomain: [Default])
         Ensamblado cargado durante TaskRun (NuGet.Build.Tasks.RestoreTask): NuGet.Versioning, Version=6.7.1.1, Culture=neutral, PublicKeyToken=31bf3856ad364e35 (ubicación: C:\Program Files\dotnet\sdk\7.0.410\NuGet.Versioning.dll, MVID: 1537365d-243b-42f8-8ede-cf495112009b, AppDomain: [Default])
         Ensamblado cargado durante TaskRun (NuGet.Build.Tasks.RestoreTask): NuGet.Frameworks, Version=6.7.1.1, Culture=neutral, PublicKeyToken=31bf3856ad364e35 (ubicación: C:\Program Files\dotnet\sdk\7.0.410\NuGet.Frameworks.dll, MVID: ce924f8b-47e2-476a-ace4-89f2ee4de2ae, AppDomain: [Default])
         Ensamblado cargado durante TaskRun (NuGet.Build.Tasks.RestoreTask): NuGet.Protocol, Version=6.7.1.1, Culture=neutral, PublicKeyToken=31bf3856ad364e35 (ubicación: C:\Program Files\dotnet\sdk\7.0.410\NuGet.Protocol.dll, MVID: 3b0f8ad1-7629-43f3-989c-857aba25ad25, AppDomain: [Default])
         Ensamblado cargado durante TaskRun (NuGet.Build.Tasks.RestoreTask): NuGet.Credentials, Version=6.7.1.1, Culture=neutral, PublicKeyToken=31bf3856ad364e35 (ubicación: C:\Program Files\dotnet\sdk\7.0.410\NuGet.Credentials.dll, MVID: 9a398f02-c463-49f0-be21-cbd5e39f9b3e, AppDomain: [Default])
         Ensamblado cargado durante TaskRun (NuGet.Build.Tasks.RestoreTask): System.Runtime.InteropServices.RuntimeInformation, Version=7.0.0.0, Culture=neutral, PublicKeyToken=b03f5f7f11d50a3a (ubicación: C:\Program Files\dotnet\shared\Microsoft.NETCore.App\7.0.20\System.Runtime.InteropServices.RuntimeInformation.dll, MVID: 143b51be-ea57-4c86-b3b2-252ac888b120, AppDomain: [Default])
         Ensamblado cargado durante TaskRun (NuGet.Build.Tasks.RestoreTask): NuGet.Packaging.resources, Version=6.7.1.1, Culture=es, PublicKeyToken=31bf3856ad364e35, processorArchitecture=MSIL (ubicación: C:\Program Files\dotnet\sdk\7.0.410\es\NuGet.Packaging.resources.dll, MVID: 084d7386-6396-43ba-a16d-235fb1cb0ecb, AppDomain: [Default])
         La validación de la cadena de certificados X.509 utilizará el almacén de confianza predeterminado seleccionado por .NET para la firma de código.
         La validación de la cadena de certificados X.509 utilizará el almacén de confianza predeterminado seleccionado por .NET para la marca de tiempo.
         Ensamblado cargado durante TaskRun (NuGet.Build.Tasks.RestoreTask): NuGet.DependencyResolver.Core, Version=6.7.1.1, Culture=neutral, PublicKeyToken=31bf3856ad364e35 (ubicación: C:\Program Files\dotnet\sdk\7.0.410\NuGet.DependencyResolver.Core.dll, MVID: 35d53e2f-0188-43b3-a7a3-b068cd50b5bf, AppDomain: [Default])
         Ensamblado cargado durante TaskRun (NuGet.Build.Tasks.RestoreTask): NuGet.Commands.resources, Version=6.7.1.1, Culture=es, PublicKeyToken=31bf3856ad364e35, processorArchitecture=MSIL (ubicación: C:\Program Files\dotnet\sdk\7.0.410\es\NuGet.Commands.resources.dll, MVID: f8f4f4fa-0c31-446f-a751-150a27678f3f, AppDomain: [Default])
         Ejecutando restauración con 12 trabajos simultáneos.
         Leyendo el archivo del proyecto c:\Users\Tosito\Desktop\Tosito\windows\Optimizacion\src\OptimizadorAdmin\OptimizadorAdmin.csproj.
         Ensamblado cargado durante TaskRun (NuGet.Build.Tasks.RestoreTask): System.Security.Cryptography.Primitives, Version=7.0.0.0, Culture=neutral, PublicKeyToken=b03f5f7f11d50a3a (ubicación: C:\Program Files\dotnet\shared\Microsoft.NETCore.App\7.0.20\System.Security.Cryptography.Primitives.dll, MVID: 15029f02-6078-48f8-b1e2-156fced5d205, AppDomain: [Default])
         Ensamblado cargado durante TaskRun (NuGet.Build.Tasks.RestoreTask): System.Security.Cryptography.Algorithms, Version=7.0.0.0, Culture=neutral, PublicKeyToken=b03f5f7f11d50a3a (ubicación: C:\Program Files\dotnet\shared\Microsoft.NETCore.App\7.0.20\System.Security.Cryptography.Algorithms.dll, MVID: 3a194504-8da8-4a4f-86fb-aca419c5f276, AppDomain: [Default])
         Ensamblado cargado durante TaskRun (NuGet.Build.Tasks.RestoreTask): Newtonsoft.Json, Version=13.0.0.0, Culture=neutral, PublicKeyToken=30ad4fe6b2a6aeed (ubicación: C:\Program Files\dotnet\sdk\7.0.410\Newtonsoft.Json.dll, MVID: 7ca8898b-690a-4181-a32a-9cf767cedb1e, AppDomain: [Default])
         Ensamblado cargado durante TaskRun (NuGet.Build.Tasks.RestoreTask): System.Runtime.Serialization.Primitives, Version=7.0.0.0, Culture=neutral, PublicKeyToken=b03f5f7f11d50a3a (ubicación: C:\Program Files\dotnet\shared\Microsoft.NETCore.App\7.0.20\System.Runtime.Serialization.Primitives.dll, MVID: 6ef2a2b4-c793-4d84-82b3-e4c0780aee0e, AppDomain: [Default])
         Las entradas de restauración de "OptimizadorAdmin" han cambiado. Se continuará la restauración.
         Restaurando paquetes para c:\Users\Tosito\Desktop\Tosito\windows\Optimizacion\src\OptimizadorAdmin\OptimizadorAdmin.csproj...
         Restaurando paquetes para .NETCoreApp,Version=v7.0...
         Resolviendo conflictos para net7.0-windows7.0...
         Comprobación de compatibilidad de paquetes en net7.0-windows7.0.
         Comprobación de compatibilidad de OptimizadorAdmin 1.0.0 con net7.0-windows7.0.
         Todos los paquetes y proyectos son compatibles con net7.0-windows7.0.
         Ejecutando restauración...
         Escribiendo el archivo de recursos en el disco. Ruta de acceso: c:\Users\Tosito\Desktop\Tosito\windows\Optimizacion\src\OptimizadorAdmin\obj\project.assets.json
         Se escribirá el archivo de caché en el disco. Ruta de acceso: c:\Users\Tosito\Desktop\Tosito\windows\Optimizacion\src\OptimizadorAdmin\obj\project.nuget.cache
         Persisting dg to c:\Users\Tosito\Desktop\Tosito\windows\Optimizacion\src\OptimizadorAdmin\obj\OptimizadorAdmin.csproj.nuget.dgspec.json
         Ensamblado cargado durante TaskRun (NuGet.Build.Tasks.RestoreTask): NuGet.Common.resources, Version=6.7.1.1, Culture=es, PublicKeyToken=31bf3856ad364e35, processorArchitecture=MSIL (ubicación: C:\Program Files\dotnet\sdk\7.0.410\es\NuGet.Common.resources.dll, MVID: 20c53cb3-8a10-4d4a-9840-f8d1950e6cb0, AppDomain: [Default])
         Se ha restaurado c:\Users\Tosito\Desktop\Tosito\windows\Optimizacion\src\OptimizadorAdmin\OptimizadorAdmin.csproj (en 60 ms).
         
         Archivos de NuGet Config usados:
             C:\Users\Tosito\AppData\Roaming\NuGet\NuGet.Config
         
         Fuentes usadas:
             https://api.nuget.org/v3/index.json
       Ejecución de la tarea "RestoreTask" terminada.
     1>Compilación terminada del destino "Restore" en el proyecto "OptimizadorAdmin.csproj".
     1>Compilación del proyecto terminada "c:\Users\Tosito\Desktop\Tosito\windows\Optimizacion\src\OptimizadorAdmin\OptimizadorAdmin.csproj" (Restore destinos).
     0>Resolviendo SDK "Microsoft.NET.Sdk"...
       Propiedad "MSBuildExtensionsPath" con el valor "C:\Program Files\dotnet\sdk\7.0.410\" expandido desde el entorno.
       Reasignación de propiedad: $(MSBuildProjectExtensionsPath)="c:\Users\Tosito\Desktop\Tosito\windows\Optimizacion\src\OptimizadorAdmin\obj\" (valor anterior: "obj\") en C:\Program Files\dotnet\sdk\7.0.410\Current\Microsoft.Common.props (60,5)
       Propiedad "USERPROFILE" con el valor "C:\Users\Tosito" expandido desde el entorno.
       Reasignación de propiedad: $(AssemblySearchPaths)="{CandidateAssemblyFiles};{HintPathFromItem}" (valor anterior: "{CandidateAssemblyFiles}") en C:\Program Files\dotnet\sdk\7.0.410\Sdks\Microsoft.NET.Sdk\targets\Microsoft.NET.Sdk.props (82,5)
       Reasignación de propiedad: $(AssemblySearchPaths)="{CandidateAssemblyFiles};{HintPathFromItem};{TargetFrameworkDirectory}" (valor anterior: "{CandidateAssemblyFiles};{HintPathFromItem}") en C:\Program Files\dotnet\sdk\7.0.410\Sdks\Microsoft.NET.Sdk\targets\Microsoft.NET.Sdk.props (83,5)
       Reasignación de propiedad: $(AssemblySearchPaths)="{CandidateAssemblyFiles};{HintPathFromItem};{TargetFrameworkDirectory};{RawFileName}" (valor anterior: "{CandidateAssemblyFiles};{HintPathFromItem};{TargetFrameworkDirectory}") en C:\Program Files\dotnet\sdk\7.0.410\Sdks\Microsoft.NET.Sdk\targets\Microsoft.NET.Sdk.props (84,5)
       Reasignación de propiedad: $(PublishAotSupported)="true" (valor anterior: "false") en C:\Program Files\dotnet\sdk\7.0.410\Sdks\Microsoft.NET.Sdk\targets\Microsoft.NET.Sdk.props (120,5)
       Resolviendo SDK "Microsoft.NET.SDK.WorkloadAutoImportPropsLocator"...
       Resolviendo SDK "Microsoft.DotNet.ILCompiler"...
       Resolviendo SDK "Microsoft.NET.ILLink.Tasks"...
       Reasignación de propiedad: $(TargetsForTfmSpecificContentInPackage)=";PackTool;_PackProjectToolValidation" (valor anterior: ";PackTool") en C:\Program Files\dotnet\sdk\7.0.410\Sdks\Microsoft.NET.Sdk\targets\Microsoft.NET.PackProjectTool.props (15,5)
       Reasignación de propiedad: $(OutputType)="WinExe" (valor anterior: "Library") en c:\Users\Tosito\Desktop\Tosito\windows\Optimizacion\src\OptimizadorAdmin\OptimizadorAdmin.csproj (3,5)
       Reasignación de propiedad: $(PublishProfileImported)="false" (valor anterior: "true") en C:\Program Files\dotnet\sdk\7.0.410\Sdks\Microsoft.NET.Sdk\targets\Microsoft.NET.Sdk.ImportPublishProfile.targets (28,5)
       Reasignación de propiedad: $(TargetPlatformVersion)="0.0" (valor anterior: "0.0.0.0") en C:\Program Files\dotnet\sdk\7.0.410\Sdks\Microsoft.NET.Sdk\targets\Microsoft.NET.TargetFrameworkInference.targets (64,5)
       Reasignación de propiedad: $(TargetPlatformVersion)="" (valor anterior: "0.0") en C:\Program Files\dotnet\sdk\7.0.410\Sdks\Microsoft.NET.Sdk\targets\Microsoft.NET.TargetFrameworkInference.targets (65,5)
       Reasignación de propiedad: $(TargetPlatformIdentifier)="Windows" (valor anterior: "windows") en C:\Program Files\dotnet\sdk\7.0.410\Sdks\Microsoft.NET.Sdk\targets\Microsoft.NET.TargetFrameworkInference.targets (67,5)
       Reasignación de propiedad: $(DefaultItemExcludes)=";bin\Debug\/**;obj\Debug\/**" (valor anterior: ";bin\Debug\/**") en C:\Program Files\dotnet\sdk\7.0.410\Sdks\Microsoft.NET.Sdk\targets\Microsoft.NET.TargetFrameworkInference.targets (247,5)
       Reasignación de propiedad: $(IntermediateOutputPath)="obj\Debug\net7.0-windows\" (valor anterior: "obj\Debug\") en C:\Program Files\dotnet\sdk\7.0.410\Sdks\Microsoft.NET.Sdk\targets\Microsoft.NET.TargetFrameworkInference.targets (266,5)
       Reasignación de propiedad: $(OutputPath)="bin\Debug\net7.0-windows\" (valor anterior: "bin\Debug\") en C:\Program Files\dotnet\sdk\7.0.410\Sdks\Microsoft.NET.Sdk\targets\Microsoft.NET.TargetFrameworkInference.targets (267,5)
       Resolviendo SDK "Microsoft.NET.SDK.WorkloadManifestTargetsLocator"...
       Reasignación de propiedad: $(_FrameworkIdentifierForImplicitDefine)="NET" (valor anterior: "NETCOREAPP") en C:\Program Files\dotnet\sdk\7.0.410\Sdks\Microsoft.NET.Sdk\targets\Microsoft.NET.Sdk.BeforeCommon.targets (180,5)
       Reasignación de propiedad: $(_FrameworkVersionForImplicitDefine)="7_0" (valor anterior: "7.0") en C:\Program Files\dotnet\sdk\7.0.410\Sdks\Microsoft.NET.Sdk\targets\Microsoft.NET.Sdk.BeforeCommon.targets (185,5)
       Reasignación de propiedad: $(CommandLineArgsForDesignTimeEvaluation)="-langversion:11.0 -define:TRACE" (valor anterior: "-langversion:11.0") en C:\Program Files\dotnet\sdk\7.0.410\Roslyn\Microsoft.CSharp.Core.targets (192,5)
       Reasignación de propiedad: $(_DebugSymbolsProduced)="true" (valor anterior: "false") en C:\Program Files\dotnet\sdk\7.0.410\Microsoft.Common.CurrentVersion.targets (175,5)
       Reasignación de propiedad: $(_DocumentationFileProduced)="false" (valor anterior: "true") en C:\Program Files\dotnet\sdk\7.0.410\Microsoft.Common.CurrentVersion.targets (185,5)
       Reasignación de propiedad: $(ProcessorArchitecture)="msil" (valor anterior: "") en C:\Program Files\dotnet\sdk\7.0.410\Microsoft.Common.CurrentVersion.targets (529,5)
       Reasignación de propiedad: $(DelaySign)="" (valor anterior: "false") en C:\Program Files\dotnet\sdk\7.0.410\Microsoft.Common.CurrentVersion.targets (568,5)
       Propiedad "LOCALAPPDATA" con el valor "C:\Users\Tosito\AppData\Local" expandido desde el entorno.
       Reasignación de propiedad: $(_SGenGenerateSerializationAssembliesConfig)="Auto" (valor anterior: "") en C:\Program Files\dotnet\sdk\7.0.410\Microsoft.Common.CurrentVersion.targets (3806,5)
       Reasignación de propiedad: $(_SGenGenerateSerializationAssembliesConfig)="Off" (valor anterior: "Auto") en C:\Program Files\dotnet\sdk\7.0.410\Microsoft.Common.CurrentVersion.targets (3807,5)
       Reasignación de propiedad: $(_TargetsThatPrepareProjectReferences)="
             AssignProjectConfiguration;
             _SplitProjectReferencesByFileExistence
           " (valor anterior: "_SplitProjectReferencesByFileExistence") en C:\Program Files\dotnet\sdk\7.0.410\Microsoft.Common.CurrentVersion.targets (4944,5)
       Propiedad "MSBuildExtensionsPath32" con el valor "C:\Program Files\dotnet\sdk\7.0.410" expandido desde el entorno.
       Reasignación de propiedad: $(ProjectAssetsCacheFile)="c:\Users\Tosito\Desktop\Tosito\windows\Optimizacion\src\OptimizadorAdmin\obj\Debug\net7.0-windows\OptimizadorAdmin.assets.cache" (valor anterior: "obj\Debug\net7.0-windows\OptimizadorAdmin.assets.cache") en C:\Program Files\dotnet\sdk\7.0.410\Sdks\Microsoft.NET.Sdk\targets\Microsoft.PackageDependencyResolution.targets (29,5)
       Reasignación de propiedad: $(ResolveAssemblyReferencesDependsOn)="
             
             ResolveProjectReferences;
             FindInvalidProjectReferences;
             GetFrameworkPaths;
             GetReferenceAssemblyPaths;
             PrepareForBuild;
             ResolveSDKReferences;
             ExpandSDKReferences;
           ;
             ResolvePackageDependenciesForBuild;
             _HandlePackageFileConflicts;
           " (valor anterior: "
             ResolveProjectReferences;
             FindInvalidProjectReferences;
             GetFrameworkPaths;
             GetReferenceAssemblyPaths;
             PrepareForBuild;
             ResolveSDKReferences;
             ExpandSDKReferences;
           ") en C:\Program Files\dotnet\sdk\7.0.410\Sdks\Microsoft.NET.Sdk\targets\Microsoft.PackageDependencyResolution.targets (80,5)
       Reasignación de propiedad: $(PrepareResourcesDependsOn)="
             ResolvePackageDependenciesForBuild;
             _HandlePackageFileConflicts;
             
             ;
             PrepareResourceNames;
             ResGen;
             CompileLicxFiles
           
           " (valor anterior: "
             ;
             PrepareResourceNames;
             ResGen;
             CompileLicxFiles
           ") en C:\Program Files\dotnet\sdk\7.0.410\Sdks\Microsoft.NET.Sdk\targets\Microsoft.PackageDependencyResolution.targets (86,5)
       Reasignación de propiedad: $(DefaultItemExcludes)=";bin\Debug\/**;obj\Debug\/**;bin\/**" (valor anterior: ";bin\Debug\/**;obj\Debug\/**") en C:\Program Files\dotnet\sdk\7.0.410\Sdks\Microsoft.NET.Sdk\targets\Microsoft.NET.Sdk.DefaultItems.targets (27,5)
       Reasignación de propiedad: $(DefaultItemExcludes)=";bin\Debug\/**;obj\Debug\/**;bin\/**;obj\/**" (valor anterior: ";bin\Debug\/**;obj\Debug\/**;bin\/**") en C:\Program Files\dotnet\sdk\7.0.410\Sdks\Microsoft.NET.Sdk\targets\Microsoft.NET.Sdk.DefaultItems.targets (29,5)
       Reasignación de propiedad: $(DefaultItemExcludes)=";bin\Debug\/**;obj\Debug\/**;bin\/**;obj\/**;**/*.user" (valor anterior: ";bin\Debug\/**;obj\Debug\/**;bin\/**;obj\/**") en C:\Program Files\dotnet\sdk\7.0.410\Sdks\Microsoft.NET.Sdk\targets\Microsoft.NET.Sdk.DefaultItems.targets (32,5)
       Reasignación de propiedad: $(DefaultItemExcludes)=";bin\Debug\/**;obj\Debug\/**;bin\/**;obj\/**;**/*.user;**/*.*proj" (valor anterior: ";bin\Debug\/**;obj\Debug\/**;bin\/**;obj\/**;**/*.user") en C:\Program Files\dotnet\sdk\7.0.410\Sdks\Microsoft.NET.Sdk\targets\Microsoft.NET.Sdk.DefaultItems.targets (33,5)
       Reasignación de propiedad: $(DefaultItemExcludes)=";bin\Debug\/**;obj\Debug\/**;bin\/**;obj\/**;**/*.user;**/*.*proj;**/*.sln" (valor anterior: ";bin\Debug\/**;obj\Debug\/**;bin\/**;obj\/**;**/*.user;**/*.*proj") en C:\Program Files\dotnet\sdk\7.0.410\Sdks\Microsoft.NET.Sdk\targets\Microsoft.NET.Sdk.DefaultItems.targets (34,5)
       Reasignación de propiedad: $(DefaultItemExcludes)=";bin\Debug\/**;obj\Debug\/**;bin\/**;obj\/**;**/*.user;**/*.*proj;**/*.sln;**/*.vssscc" (valor anterior: ";bin\Debug\/**;obj\Debug\/**;bin\/**;obj\/**;**/*.user;**/*.*proj;**/*.sln") en C:\Program Files\dotnet\sdk\7.0.410\Sdks\Microsoft.NET.Sdk\targets\Microsoft.NET.Sdk.DefaultItems.targets (35,5)
       Reasignación de propiedad: $(ResolveAssemblyReferencesDependsOn)="
             
             
             ResolveProjectReferences;
             FindInvalidProjectReferences;
             GetFrameworkPaths;
             GetReferenceAssemblyPaths;
             PrepareForBuild;
             ResolveSDKReferences;
             ExpandSDKReferences;
           ;
             ResolvePackageDependenciesForBuild;
             _HandlePackageFileConflicts;
           ;
             ResolveTargetingPackAssets;
           " (valor anterior: "
             
             ResolveProjectReferences;
             FindInvalidProjectReferences;
             GetFrameworkPaths;
             GetReferenceAssemblyPaths;
             PrepareForBuild;
             ResolveSDKReferences;
             ExpandSDKReferences;
           ;
             ResolvePackageDependenciesForBuild;
             _HandlePackageFileConflicts;
           ") en C:\Program Files\dotnet\sdk\7.0.410\Sdks\Microsoft.NET.Sdk\targets\Microsoft.NET.Sdk.FrameworkReferenceResolution.targets (14,5)
       Reasignación de propiedad: $(_GenerateRuntimeConfigurationPropertyInputsCache)="c:\Users\Tosito\Desktop\Tosito\windows\Optimizacion\src\OptimizadorAdmin\obj\Debug\net7.0-windows\OptimizadorAdmin.genruntimeconfig.cache" (valor anterior: "obj\Debug\net7.0-windows\OptimizadorAdmin.genruntimeconfig.cache") en C:\Program Files\dotnet\sdk\7.0.410\Sdks\Microsoft.NET.Sdk\targets\Microsoft.NET.Sdk.targets (44,5)
       Reasignación de propiedad: $(GenerateRuntimeConfigDevFile)="false" (valor anterior: "true") en C:\Program Files\dotnet\sdk\7.0.410\Sdks\Microsoft.NET.Sdk\targets\Microsoft.NET.Sdk.targets (61,5)
       Reasignación de propiedad: $(_DefaultUserProfileRuntimeStorePath)="C:\Users\Tosito" (valor anterior: "") en C:\Program Files\dotnet\sdk\7.0.410\Sdks\Microsoft.NET.Sdk\targets\Microsoft.NET.Sdk.targets (77,5)
       Reasignación de propiedad: $(_DefaultUserProfileRuntimeStorePath)="C:\Users\Tosito\.dotnet\store" (valor anterior: "C:\Users\Tosito") en C:\Program Files\dotnet\sdk\7.0.410\Sdks\Microsoft.NET.Sdk\targets\Microsoft.NET.Sdk.targets (78,5)
       Reasignación de propiedad: $(AvailablePlatforms)="Any CPU,x86,x64,ARM32" (valor anterior: "Any CPU,x86,x64") en C:\Program Files\dotnet\sdk\7.0.410\Sdks\Microsoft.NET.Sdk\targets\Microsoft.NET.Sdk.targets (112,5)
       Reasignación de propiedad: $(AvailablePlatforms)="Any CPU,x86,x64,ARM32,ARM64" (valor anterior: "Any CPU,x86,x64,ARM32") en C:\Program Files\dotnet\sdk\7.0.410\Sdks\Microsoft.NET.Sdk\targets\Microsoft.NET.Sdk.targets (116,5)
       Reasignación de propiedad: $(CoreBuildDependsOn)="
             _CheckForBuildWithNoBuild;
             
             BuildOnlySettings;
             PrepareForBuild;
             PreBuildEvent;
             ResolveReferences;
             PrepareResources;
             ResolveKeySource;
             Compile;
             ExportWindowsMDFile;
             UnmanagedUnregistration;
             GenerateSerializationAssemblies;
             CreateSatelliteAssemblies;
             GenerateManifests;
             GetTargetPath;
             PrepareForRun;
             UnmanagedRegistration;
             IncrementalClean;
             PostBuildEvent
           ;
             GenerateBuildDependencyFile;
             GenerateBuildRuntimeConfigurationFiles
           " (valor anterior: "
             BuildOnlySettings;
             PrepareForBuild;
             PreBuildEvent;
             ResolveReferences;
             PrepareResources;
             ResolveKeySource;
             Compile;
             ExportWindowsMDFile;
             UnmanagedUnregistration;
             GenerateSerializationAssemblies;
             CreateSatelliteAssemblies;
             GenerateManifests;
             GetTargetPath;
             PrepareForRun;
             UnmanagedRegistration;
             IncrementalClean;
             PostBuildEvent
           ") en C:\Program Files\dotnet\sdk\7.0.410\Sdks\Microsoft.NET.Sdk\targets\Microsoft.NET.Sdk.targets (134,5)
       Reasignación de propiedad: $(CoreCleanDependsOn)="
             _SdkBeforeClean;
             
           " (valor anterior: "") en C:\Program Files\dotnet\sdk\7.0.410\Sdks\Microsoft.NET.Sdk\targets\Microsoft.NET.Sdk.targets (143,5)
       Reasignación de propiedad: $(RebuildDependsOn)="
             _SdkBeforeRebuild;
             
             BeforeRebuild;
             Clean;
             Build;
             AfterRebuild;
           
           " (valor anterior: "
             BeforeRebuild;
             Clean;
             Build;
             AfterRebuild;
           ") en C:\Program Files\dotnet\sdk\7.0.410\Sdks\Microsoft.NET.Sdk\targets\Microsoft.NET.Sdk.targets (150,5)
       Reasignación de propiedad: $(CompileDependsOn)="
             
             ResolveReferences;
             ResolveKeySource;
             SetWin32ManifestProperties;
             FindReferenceAssembliesForReferences;
             _GenerateCompileInputs;
             BeforeCompile;
             _TimeStampBeforeCompile;
             _GenerateCompileDependencyCache;
             CoreCompile;
             _TimeStampAfterCompile;
             AfterCompile;
           ;
             _CreateAppHost;
             _CreateComHost;
             _GetIjwHostPaths;
           " (valor anterior: "
             ResolveReferences;
             ResolveKeySource;
             SetWin32ManifestProperties;
             FindReferenceAssembliesForReferences;
             _GenerateCompileInputs;
             BeforeCompile;
             _TimeStampBeforeCompile;
             _GenerateCompileDependencyCache;
             CoreCompile;
             _TimeStampAfterCompile;
             AfterCompile;
           ") en C:\Program Files\dotnet\sdk\7.0.410\Sdks\Microsoft.NET.Sdk\targets\Microsoft.NET.Sdk.targets (564,5)
       Reasignación de propiedad: $(CreateSatelliteAssembliesDependsOn)="
             
             _GenerateSatelliteAssemblyInputs;
             ComputeIntermediateSatelliteAssemblies;
             GenerateSatelliteAssemblies
           ;
             CoreGenerateSatelliteAssemblies
           " (valor anterior: "
             _GenerateSatelliteAssemblyInputs;
             ComputeIntermediateSatelliteAssemblies;
             GenerateSatelliteAssemblies
           ") en C:\Program Files\dotnet\sdk\7.0.410\Sdks\Microsoft.NET.Sdk\targets\Microsoft.NET.Sdk.targets (950,5)
       Reasignación de propiedad: $(DesignerRuntimeImplementationProjectOutputGroupDependsOn)="
             
             ;
             
             ;
             BuildOnlySettings;
             PrepareForBuild;
             AssignTargetPaths;
             ResolveReferences
           
           ;
             _GenerateDesignerDepsFile;
             _GenerateDesignerRuntimeConfigFile;
             GetCopyToOutputDirectoryItems;
             _GatherDesignerShadowCopyFiles;
           " (valor anterior: "
             ;
             
             ;
             BuildOnlySettings;
             PrepareForBuild;
             AssignTargetPaths;
             ResolveReferences
           
           ") en C:\Program Files\dotnet\sdk\7.0.410\Sdks\Microsoft.NET.Sdk\targets\Microsoft.NET.DesignerSupport.targets (21,5)
       Reasignación de propiedad: $(_ShimInputCacheFile)="c:\Users\Tosito\Desktop\Tosito\windows\Optimizacion\src\OptimizadorAdmin\obj\Debug\net7.0-windows\OptimizadorAdmin.shiminput.cache" (valor anterior: "obj\Debug\net7.0-windows\OptimizadorAdmin.shiminput.cache") en C:\Program Files\dotnet\sdk\7.0.410\Sdks\Microsoft.NET.Sdk\targets\Microsoft.NET.PackTool.targets (115,5)
       Reasignación de propiedad: $(_ShimCreatedSentinelFile)="c:\Users\Tosito\Desktop\Tosito\windows\Optimizacion\src\OptimizadorAdmin\obj\Debug\net7.0-windows\OptimizadorAdmin.shimcreated.sentinel" (valor anterior: "obj\Debug\net7.0-windows\OptimizadorAdmin.shimcreated.sentinel") en C:\Program Files\dotnet\sdk\7.0.410\Sdks\Microsoft.NET.Sdk\targets\Microsoft.NET.PackTool.targets (117,5)
       Reasignación de propiedad: $(DefineConstants)="TRACE;DEBUG" (valor anterior: "TRACE") en C:\Program Files\dotnet\sdk\7.0.410\Sdks\Microsoft.NET.Sdk\targets\Microsoft.NET.Sdk.CSharp.targets (31,5)
       Reasignación de propiedad: $(DefineConstants)="TRACE;DEBUG;NET;NET7_0;NETCOREAPP" (valor anterior: "TRACE;DEBUG") en C:\Program Files\dotnet\sdk\7.0.410\Sdks\Microsoft.NET.Sdk\targets\Microsoft.NET.Sdk.CSharp.targets (34,5)
       Reasignación de propiedad: $(WarningsAsErrors)=";NU1605;SYSLIB0011" (valor anterior: ";NU1605") en C:\Program Files\dotnet\sdk\7.0.410\Sdks\Microsoft.NET.Sdk\targets\Microsoft.NET.Sdk.CSharp.targets (48,5)
       Reasignación de propiedad: $(TargetPlatformVersion)="7.0" (valor anterior: "") en C:\Program Files\dotnet\sdk\7.0.410\Sdks\Microsoft.NET.Sdk\targets\Microsoft.NET.Windows.targets (34,5)
       Reasignación de propiedad: $(SupportedOSPlatformVersion)="7.0" (valor anterior: "") en C:\Program Files\dotnet\sdk\7.0.410\Sdks\Microsoft.NET.Sdk\targets\Microsoft.NET.Windows.targets (44,5)
       Reasignación de propiedad: $(TargetPlatformMinVersion)="7.0" (valor anterior: "") en C:\Program Files\dotnet\sdk\7.0.410\Sdks\Microsoft.NET.Sdk\targets\Microsoft.NET.Windows.targets (45,5)
       Reasignación de propiedad: $(TargetPlatformDisplayName)="Windows 7.0" (valor anterior: "Windows ") en C:\Program Files\dotnet\sdk\7.0.410\Sdks\Microsoft.NET.Sdk\targets\Microsoft.NET.Sdk.targets (1232,5)
       Reasignación de propiedad: $(_TargetFrameworkVersionValue)="7.0" (valor anterior: "0.0") en C:\Program Files\dotnet\sdk\7.0.410\Sdks\Microsoft.NET.Sdk.WindowsDesktop\targets\Microsoft.NET.Sdk.WindowsDesktop.targets (51,5)
       Reasignación de propiedad: $(PrepareResourceNamesDependsOn)="
                           AssignWinFXEmbeddedResource;
                           
             AssignTargetPaths;
             SplitResourcesByCulture;
             CreateManifestResourceNames;
             CreateCustomManifestResourceNames
           
             " (valor anterior: "
             AssignTargetPaths;
             SplitResourcesByCulture;
             CreateManifestResourceNames;
             CreateCustomManifestResourceNames
           ") en C:\Program Files\dotnet\sdk\7.0.410\Sdks\Microsoft.NET.Sdk.WindowsDesktop\targets\Microsoft.WinFX.targets (61,7)
       Reasignación de propiedad: $(PrepareResourcesDependsOn)="
                       MarkupCompilePass1;
                       AfterMarkupCompilePass1;
                       MarkupCompilePass2ForMainAssembly;
                       FileClassification;
                       MainResourcesGeneration;
                       
             ResolvePackageDependenciesForBuild;
             _HandlePackageFileConflicts;
             
             ;
             PrepareResourceNames;
             ResGen;
             CompileLicxFiles
           
           
             " (valor anterior: "
             ResolvePackageDependenciesForBuild;
             _HandlePackageFileConflicts;
             
             ;
             PrepareResourceNames;
             ResGen;
             CompileLicxFiles
           
           ") en C:\Program Files\dotnet\sdk\7.0.410\Sdks\Microsoft.NET.Sdk.WindowsDesktop\targets\Microsoft.WinFX.targets (69,7)
       Reasignación de propiedad: $(CompileDependsOn)="
               
             
             ResolveReferences;
             ResolveKeySource;
             SetWin32ManifestProperties;
             FindReferenceAssembliesForReferences;
             _GenerateCompileInputs;
             BeforeCompile;
             _TimeStampBeforeCompile;
             _GenerateCompileDependencyCache;
             CoreCompile;
             _TimeStampAfterCompile;
             AfterCompile;
           ;
             _CreateAppHost;
             _CreateComHost;
             _GetIjwHostPaths;
           ;
               _AfterCompileWinFXInternal
           " (valor anterior: "
             
             ResolveReferences;
             ResolveKeySource;
             SetWin32ManifestProperties;
             FindReferenceAssembliesForReferences;
             _GenerateCompileInputs;
             BeforeCompile;
             _TimeStampBeforeCompile;
             _GenerateCompileDependencyCache;
             CoreCompile;
             _TimeStampAfterCompile;
             AfterCompile;
           ;
             _CreateAppHost;
             _CreateComHost;
             _GetIjwHostPaths;
           ") en C:\Program Files\dotnet\sdk\7.0.410\Sdks\Microsoft.NET.Sdk.WindowsDesktop\targets\Microsoft.WinFX.targets (136,5)
       Reasignación de propiedad: $(PublishBuildDependsOn)="
                   BuildOnlySettings;
                   PrepareForBuild;
                   ResolveReferences;
                   PrepareResources;
                   ResolveKeySource;
                   PrepareResourcesForSatelliteAssemblies;
                   GenerateSerializationAssemblies;
                   CreateSatelliteAssemblies;
               " (valor anterior: "
             BuildOnlySettings;
             PrepareForBuild;
             ResolveReferences;
             PrepareResources;
             ResolveKeySource;
             GenerateSerializationAssemblies;
             CreateSatelliteAssemblies;
           ") en C:\Program Files\dotnet\sdk\7.0.410\Sdks\Microsoft.NET.Sdk.WindowsDesktop\targets\Microsoft.WinFX.targets (801,9)
       Reasignación de propiedad: $(PackageDescription)="Package Description" (valor anterior: "") en C:\Program Files\dotnet\sdk\7.0.410\Sdks\NuGet.Build.Tasks.Pack\build\NuGet.Build.Tasks.Pack.targets (34,5)
       Reasignación de propiedad: $(GenerateNuspecDependsOn)="Build;_LoadPackInputItems; _GetTargetFrameworksOutput; _WalkEachTargetPerFramework; _GetPackageFiles; " (valor anterior: "_LoadPackInputItems; _GetTargetFrameworksOutput; _WalkEachTargetPerFramework; _GetPackageFiles; ") en C:\Program Files\dotnet\sdk\7.0.410\Sdks\NuGet.Build.Tasks.Pack\build\NuGet.Build.Tasks.Pack.targets (59,5)
       Invalidando el destino "_CheckBrowserWorkloadNeededButNotAvailable" del proyecto"C:\Program Files\dotnet\sdk-manifests\7.0.100\microsoft.net.workload.mono.toolchain.net6\WorkloadManifest.targets" con el destino "_CheckBrowserWorkloadNeededButNotAvailable" del proyecto "C:\Program Files\dotnet\sdk-manifests\7.0.100\microsoft.net.workload.mono.toolchain.net7\WorkloadManifest.targets".
       Invalidando el destino "_ErrorDisabledWorkload" del proyecto"C:\Program Files\dotnet\sdk-manifests\7.0.100\microsoft.net.workload.mono.toolchain.net6\WorkloadManifest.targets" con el destino "_ErrorDisabledWorkload" del proyecto "C:\Program Files\dotnet\sdk-manifests\7.0.100\microsoft.net.workload.mono.toolchain.net7\WorkloadManifest.targets".
       Invalidando el destino "ResolveFrameworkReferences" del proyecto"C:\Program Files\dotnet\sdk\7.0.410\Microsoft.Common.CurrentVersion.targets" con el destino "ResolveFrameworkReferences" del proyecto "C:\Program Files\dotnet\sdk\7.0.410\Sdks\Microsoft.NET.Sdk\targets\Microsoft.NET.Sdk.FrameworkReferenceResolution.targets".
       Invalidando el destino "Run" del proyecto"C:\Program Files\dotnet\sdk\7.0.410\Microsoft.Common.CurrentVersion.targets" con el destino "Run" del proyecto "C:\Program Files\dotnet\sdk\7.0.410\Sdks\Microsoft.NET.Sdk\targets\Microsoft.NET.Sdk.targets".
       Invalidando el destino "GenerateSupportedTargetFrameworkAlias" del proyecto"C:\Program Files\dotnet\sdk\7.0.410\Microsoft.Common.CurrentVersion.targets" con el destino "GenerateSupportedTargetFrameworkAlias" del proyecto "C:\Program Files\dotnet\sdk\7.0.410\Sdks\Microsoft.NET.Sdk\targets\Microsoft.NET.Sdk.targets".
       Invalidando el destino "GetReferenceAssemblyPaths" del proyecto"C:\Program Files\dotnet\sdk\7.0.410\Microsoft.Common.CurrentVersion.targets" con el destino "GetReferenceAssemblyPaths" del proyecto "C:\Program Files\dotnet\sdk\7.0.410\Sdks\Microsoft.NET.Sdk\targets\Microsoft.NET.DisableStandardFrameworkResolution.targets".
       Invalidando el destino "GetFrameworkPaths" del proyecto"C:\Program Files\dotnet\sdk\7.0.410\Microsoft.Common.CurrentVersion.targets" con el destino "GetFrameworkPaths" del proyecto "C:\Program Files\dotnet\sdk\7.0.410\Sdks\Microsoft.NET.Sdk\targets\Microsoft.NET.DisableStandardFrameworkResolution.targets".
       Invalidando el destino "DesignerRuntimeImplementationProjectOutputGroup" del proyecto"C:\Program Files\dotnet\sdk\7.0.410\Microsoft.Common.CurrentVersion.targets" con el destino "DesignerRuntimeImplementationProjectOutputGroup" del proyecto "C:\Program Files\dotnet\sdk\7.0.410\Sdks\Microsoft.NET.Sdk\targets\Microsoft.NET.DesignerSupport.targets".
       Invalidando el destino "Publish" del proyecto"C:\Program Files\dotnet\sdk\7.0.410\Microsoft.Common.CurrentVersion.targets" con el destino "Publish" del proyecto "C:\Program Files\dotnet\sdk\7.0.410\Sdks\Microsoft.NET.Sdk\targets\Microsoft.NET.Publish.targets".
       Invalidando el destino "ResolveReadyToRunCompilers" del proyecto"C:\Program Files\dotnet\sdk\7.0.410\Sdks\Microsoft.NET.Sdk\targets\Microsoft.NET.CrossGen.targets" con el destino "ResolveReadyToRunCompilers" del proyecto "C:\Program Files\dotnet\sdk\7.0.410\Sdks\Microsoft.NET.Sdk\targets\Microsoft.NET.Publish.targets".
       Invalidando el destino "GetCopyToPublishDirectoryItems" del proyecto"C:\Program Files\dotnet\sdk\7.0.410\Microsoft.Common.CurrentVersion.targets" con el destino "GetCopyToPublishDirectoryItems" del proyecto "C:\Program Files\dotnet\sdk\7.0.410\Sdks\Microsoft.NET.Sdk\targets\Microsoft.NET.Publish.targets".
       Invalidando el destino "SatelliteDllsProjectOutputGroup" del proyecto"C:\Program Files\dotnet\sdk\7.0.410\Microsoft.Common.CurrentVersion.targets" con el destino "SatelliteDllsProjectOutputGroup" del proyecto "C:\Program Files\dotnet\sdk\7.0.410\Sdks\Microsoft.NET.Sdk.WindowsDesktop\targets\Microsoft.WinFX.targets".
   1:7>Proyecto "c:\Users\Tosito\Desktop\Tosito\windows\Optimizacion\src\OptimizadorAdmin\OptimizadorAdmin.csproj" en nodo 1 (destinos predeterminados).
   1:7>Se omitió el destino "_CheckForUnsupportedTargetFramework" debido a una condición falsa (False); ('$(_UnsupportedTargetFrameworkError)' == 'true') se evaluó como ('' == 'true').
   1:7>Destino "_CollectTargetFrameworkForTelemetry" en el archivo "C:\Program Files\dotnet\sdk\7.0.410\Sdks\Microsoft.NET.Sdk\targets\Microsoft.NET.TargetFrameworkInference.targets" del proyecto "c:\Users\Tosito\Desktop\Tosito\windows\Optimizacion\src\OptimizadorAdmin\OptimizadorAdmin.csproj" (el destino "_CheckForInvalidConfigurationAndPlatform" depende de él):
       Usando la tarea "AllowEmptyTelemetry" del ensamblado "C:\Program Files\dotnet\sdk\7.0.410\Sdks\Microsoft.NET.Sdk\targets\..\tools\net7.0\Microsoft.NET.Build.Tasks.dll".
       Tarea "AllowEmptyTelemetry"
       Ejecución de la tarea "AllowEmptyTelemetry" terminada.
   1:7>Compilación terminada del destino "_CollectTargetFrameworkForTelemetry" en el proyecto "OptimizadorAdmin.csproj".
       Se omitió el destino "_CheckForMissingWorkload" debido a una condición falsa (False); ('@(MissingWorkloadPack)' != '' And '$(DesignTimeBuild)' != 'true') se evaluó como ('' != '' And '' != 'true').
   1:7>Destino "_CheckForUnsupportedTargetPlatformIdentifier" en el archivo "C:\Program Files\dotnet\sdk\7.0.410\Sdks\Microsoft.NET.Sdk\targets\Microsoft.NET.TargetFrameworkInference.targets" del proyecto "c:\Users\Tosito\Desktop\Tosito\windows\Optimizacion\src\OptimizadorAdmin\OptimizadorAdmin.csproj" (el destino "_CheckForInvalidConfigurationAndPlatform" depende de él):
       Se omitió la tarea "NETSdkError" debido a una condición falsa (False); ('$(TargetPlatformSupported)' != 'true' and '$(UseWorkloadsSpecificError)' != 'true') se evaluó como ('true' != 'true' and '' != 'true').
       Se omitió la tarea "NETSdkError" debido a una condición falsa (False); ('$(TargetPlatformSupported)' != 'true' and '$(UseWorkloadsSpecificError)' == 'true') se evaluó como ('true' != 'true' and '' == 'true').
   1:7>Compilación terminada del destino "_CheckForUnsupportedTargetPlatformIdentifier" en el proyecto "OptimizadorAdmin.csproj".
   1:7>Destino "_CheckForUnsupportedNETCoreVersion" en el archivo "C:\Program Files\dotnet\sdk\7.0.410\Sdks\Microsoft.NET.Sdk\targets\Microsoft.NET.TargetFrameworkInference.targets" del proyecto "c:\Users\Tosito\Desktop\Tosito\windows\Optimizacion\src\OptimizadorAdmin\OptimizadorAdmin.csproj" (el destino "_CheckForInvalidConfigurationAndPlatform" depende de él):
       Se omitió la tarea "NETSdkError" debido a una condición falsa (False); ('$(_TargetFrameworkVersionWithoutV)' > '$(NETCoreAppMaximumVersion)' and '$(DisplayVSMessage)' != 'true') se evaluó como ('7.0' > '7.0' and '' != 'true').
       Se omitió la tarea "NETSdkError" debido a una condición falsa (False); ('$(DisplayVSMessage)' == 'true') se evaluó como ('' == 'true').
   1:7>Compilación terminada del destino "_CheckForUnsupportedNETCoreVersion" en el proyecto "OptimizadorAdmin.csproj".
       Se omitió el destino "_CheckForEolTargetFrameworks" debido a una condición falsa (False); ('@(_EolNetCoreTargetFrameworkVersions->AnyHaveMetadataValue('Identity', '$(_TargetFrameworkVersionWithoutV)'))' and '$(TargetFrameworkIdentifier)' == '.NETCoreApp' and '$(CheckEolTargetFramework)' == 'true') se evaluó como ('false' and '.NETCoreApp' == '.NETCoreApp' and 'true' == 'true').
       Se omitió el destino "_CheckForEolWorkloads" debido a una condición falsa (False); ('@(EolWorkload)' != '' and '$(CheckEolWorkloads)' == 'true') se evaluó como ('' != '' and 'true' == 'true').
   1:7>Destino "_CheckForUnsupportedCppNETCoreVersion" en el archivo "C:\Program Files\dotnet\sdk\7.0.410\Sdks\Microsoft.NET.Sdk\targets\Microsoft.NET.TargetFrameworkInference.targets" del proyecto "c:\Users\Tosito\Desktop\Tosito\windows\Optimizacion\src\OptimizadorAdmin\OptimizadorAdmin.csproj" (el destino "_CheckForInvalidConfigurationAndPlatform" depende de él):
       Se omitió la tarea "NETSdkError" debido a una condición falsa (False); ('$(TargetFrameworkIdentifier)' == '.NETCoreApp' and '$(_TargetFrameworkVersionWithoutV)' < '3.1' and ('$(Language)' == 'C++' and '$(_EnablePackageReferencesInVCProjects)' != 'true')) se evaluó como ('.NETCoreApp' == '.NETCoreApp' and '7.0' < '3.1' and ('C#' == 'C++' and '' != 'true')).
   1:7>Compilación terminada del destino "_CheckForUnsupportedCppNETCoreVersion" en el proyecto "OptimizadorAdmin.csproj".
       Se omitió el destino "_CheckForUnsupportedNETStandardVersion" debido a una condición falsa (False); ('$(TargetFrameworkIdentifier)' == '.NETStandard' And '$(NETStandardMaximumVersion)' != '') se evaluó como ('.NETCoreApp' == '.NETStandard' And '' != '').
       Se omitió el destino "_CheckForUnsupportedTargetFrameworkAndFeatureCombination" debido a una condición falsa (False); ('$(TargetFrameworkIdentifier)' == '.NETFramework') se evaluó como ('.NETCoreApp' == '.NETFramework').
   1:7>Destino "_CheckForSupportedOSPlatformVersionHigherThanTargetPlatformVersion" en el archivo "C:\Program Files\dotnet\sdk\7.0.410\Sdks\Microsoft.NET.Sdk\targets\Microsoft.NET.TargetFrameworkInference.targets" del proyecto "c:\Users\Tosito\Desktop\Tosito\windows\Optimizacion\src\OptimizadorAdmin\OptimizadorAdmin.csproj" (el destino "_CheckForInvalidConfigurationAndPlatform" depende de él):
       Se omitió la tarea "NETSdkError" debido a una condición falsa (False); ('$(SupportedOSPlatformVersion)' != '' and $(TargetPlatformVersion) != '' and $([MSBuild]::VersionGreaterThan($(SupportedOSPlatformVersion), $(TargetPlatformVersion)))) se evaluó como ('7.0' != '' and 7.0 != '' and False).
   1:7>Compilación terminada del destino "_CheckForSupportedOSPlatformVersionHigherThanTargetPlatformVersion" en el proyecto "OptimizadorAdmin.csproj".
   1:7>Destino "_NormalizeTargetPlatformVersion" en el archivo "C:\Program Files\dotnet\sdk\7.0.410\Sdks\Microsoft.NET.Sdk\targets\Microsoft.NET.TargetFrameworkInference.targets" del proyecto "c:\Users\Tosito\Desktop\Tosito\windows\Optimizacion\src\OptimizadorAdmin\OptimizadorAdmin.csproj" (el destino "_CheckForInvalidTargetPlatformVersion" depende de él):
   1:7>Compilación terminada del destino "_NormalizeTargetPlatformVersion" en el proyecto "OptimizadorAdmin.csproj".
   1:7>Destino "_CheckForInvalidTargetPlatformVersion" en el archivo "C:\Program Files\dotnet\sdk\7.0.410\Sdks\Microsoft.NET.Sdk\targets\Microsoft.NET.TargetFrameworkInference.targets" del proyecto "c:\Users\Tosito\Desktop\Tosito\windows\Optimizacion\src\OptimizadorAdmin\OptimizadorAdmin.csproj" (el destino "_CheckForInvalidConfigurationAndPlatform" depende de él):
       Se omitió la tarea "NetSdkError" debido a una condición falsa (False); ('$(TargetPlatformVersionSupported)' != 'true') se evaluó como ('true' != 'true').
   1:7>Compilación terminada del destino "_CheckForInvalidTargetPlatformVersion" en el proyecto "OptimizadorAdmin.csproj".
       Se omitió el destino "_CheckForMissingWorkload" debido a una condición falsa (False); ('@(MissingWorkloadPack)' != '' And '$(DesignTimeBuild)' != 'true') se evaluó como ('' != '' And '' != 'true').
   1:7>Destino "_CheckForUnsupportedAppHostUsage" en el archivo "C:\Program Files\dotnet\sdk\7.0.410\Sdks\Microsoft.NET.Sdk\targets\Microsoft.NET.RuntimeIdentifierInference.targets" del proyecto "c:\Users\Tosito\Desktop\Tosito\windows\Optimizacion\src\OptimizadorAdmin\OptimizadorAdmin.csproj" (el destino "_CheckForInvalidConfigurationAndPlatform" depende de él):
       Se omitió la tarea "NETSdkError" debido a una condición falsa (False); ('$(SelfContained)' == 'true' and '$(RuntimeIdentifier)' == '') se evaluó como ('false' == 'true' and '' == '').
       Se omitió la tarea "NETSdkError" debido a una condición falsa (False); ('$(PublishReadyToRun)' == 'true' and '$(RuntimeIdentifier)' == '' and '$(_IsPublishing)' == 'true') se evaluó como ('' == 'true' and '' == '' and '' == 'true').
       Se omitió la tarea "NETSdkError" debido a una condición falsa (False); ('$(PublishSingleFile)' == 'true' and '$(RuntimeIdentifier)' == '' and '$(_IsPublishing)' == 'true') se evaluó como ('' == 'true' and '' == '' and '' == 'true').
       Se omitió la tarea "NETSdkError" debido a una condición falsa (False); ('$(PublishAot)' == 'true' and '$(RuntimeIdentifier)' == '' and '$(_IsPublishing)' == 'true') se evaluó como ('' == 'true' and '' == '' and '' == 'true').
       Se omitió la tarea "NETSdkError" debido a una condición falsa (False); ('$(PublishSelfContained)' != 'true' and '$(PublishSelfContained)' != 'false' and '$(PublishSelfContained)' != '') se evaluó como ('' != 'true' and '' != 'false' and '' != '').
       Se omitió la tarea "NETSdkError" debido a una condición falsa (False); ('$(SelfContained)' == 'true' and '$(UseAppHost)' != 'true' and '$(_RuntimeIdentifierUsesAppHost)' == 'true') se evaluó como ('false' == 'true' and 'true' != 'true' and 'true' == 'true').
       Se omitió la tarea "NETSdkError" debido a una condición falsa (False); ('$(SelfContained)' != 'true' and '$(UseAppHost)' == 'true' and '$(_TargetFrameworkVersionWithoutV)' < '2.1') se evaluó como ('false' != 'true' and 'true' == 'true' and '7.0' < '2.1').
       Se omitió la tarea "NETSdkError" debido a una condición falsa (False); ('$(PublishSingleFile)' == 'true' and '$(_TargetFrameworkVersionWithoutV)' < '3.0') se evaluó como ('' == 'true' and '7.0' < '3.0').
       Se omitió la tarea "NETSdkWarning" debido a una condición falsa (False); ('$(PublishReadyToRun)' == 'true' and '$(_TargetFrameworkVersionWithoutV)' < '3.0') se evaluó como ('' == 'true' and '7.0' < '3.0').
       Se omitió la tarea "NETSdkWarning" debido a una condición falsa (False); ('$(PublishTrimmed)' == 'true' and '$(_TargetFrameworkVersionWithoutV)' < '3.0') se evaluó como ('' == 'true' and '7.0' < '3.0').
       Se omitió la tarea "NetSdkError" debido a una condición falsa (False); (('$(UseWindowsForms)' == 'true') and ('$(PublishTrimmed)' == 'true') and ('$(_SuppressWinFormsTrimError)' != 'true')) se evaluó como (('' == 'true') and ('' == 'true') and ('' != 'true')).
       Se omitió la tarea "NetSdkError" debido a una condición falsa (False); (('$(UseWpf)' == 'true') and ('$(PublishTrimmed)' == 'true') and ('$(_SuppressWpfTrimError)' != 'true')) se evaluó como (('true' == 'true') and ('' == 'true') and ('' != 'true')).
   1:7>Compilación terminada del destino "_CheckForUnsupportedAppHostUsage" en el proyecto "OptimizadorAdmin.csproj".
   1:7>Destino "_CheckForUnsupportedHostingUsage" en el archivo "C:\Program Files\dotnet\sdk\7.0.410\Sdks\Microsoft.NET.Sdk\targets\Microsoft.NET.RuntimeIdentifierInference.targets" del proyecto "c:\Users\Tosito\Desktop\Tosito\windows\Optimizacion\src\OptimizadorAdmin\OptimizadorAdmin.csproj" (el destino "_CheckForInvalidConfigurationAndPlatform" depende de él):
       Se omitió la tarea "NETSdkWarning" debido a una condición falsa (False); ('$(SelfContained)' == 'true' and '$(EnableComHosting)' == 'true') se evaluó como ('false' == 'true' and '' == 'true').
   1:7>Compilación terminada del destino "_CheckForUnsupportedHostingUsage" en el proyecto "OptimizadorAdmin.csproj".
   1:7>Destino "_CheckAndUnsetUnsupportedPrefer32Bit" en el archivo "C:\Program Files\dotnet\sdk\7.0.410\Sdks\Microsoft.NET.Sdk\targets\Microsoft.NET.RuntimeIdentifierInference.targets" del proyecto "c:\Users\Tosito\Desktop\Tosito\windows\Optimizacion\src\OptimizadorAdmin\OptimizadorAdmin.csproj" (el destino "_CheckForInvalidConfigurationAndPlatform" depende de él):
       Se omitió la tarea "NETSdkWarning" debido a una condición falsa (False); ('$(Prefer32Bit)' == 'true') se evaluó como ('false' == 'true').
   1:7>Compilación terminada del destino "_CheckAndUnsetUnsupportedPrefer32Bit" en el proyecto "OptimizadorAdmin.csproj".
       Se omitió el destino "_CheckForMismatchingPlatform" debido a una condición falsa (False); ('$(RuntimeIdentifier)' != '' and '$(PlatformTarget)' != '') se evaluó como ('' != '' and '' != '').
   1:7>Destino "_CheckForLanguageAndFeatureCombinationSupport" en el archivo "C:\Program Files\dotnet\sdk\7.0.410\Sdks\Microsoft.NET.Sdk\targets\Microsoft.NET.RuntimeIdentifierInference.targets" del proyecto "c:\Users\Tosito\Desktop\Tosito\windows\Optimizacion\src\OptimizadorAdmin\OptimizadorAdmin.csproj" (el destino "_CheckForInvalidConfigurationAndPlatform" depende de él):
       Se omitió la tarea "NETSdkError" debido a una condición falsa (False); (('$(Language)' == 'C++' and '$(_EnablePackageReferencesInVCProjects)' != 'true') and $(OutputType) != 'library' and '$(TargetFrameworkIdentifier)' == '.NETCoreApp') se evaluó como (('C#' == 'C++' and '' != 'true') and WinExe != 'library' and '.NETCoreApp' == '.NETCoreApp').
       Se omitió la tarea "NETSdkError" debido a una condición falsa (False); (('$(Language)' == 'C++' and '$(_EnablePackageReferencesInVCProjects)' != 'true') and $(EnableComHosting) == 'true') se evaluó como (('C#' == 'C++' and '' != 'true') and  == 'true').
       Se omitió la tarea "NETSdkError" debido a una condición falsa (False); (('$(Language)' == 'C++' and '$(_EnablePackageReferencesInVCProjects)' != 'true') and $(SelfContained) == 'true') se evaluó como (('C#' == 'C++' and '' != 'true') and false == 'true').
   1:7>Compilación terminada del destino "_CheckForLanguageAndFeatureCombinationSupport" en el proyecto "OptimizadorAdmin.csproj".
       Se omitió el destino "_CheckForNETCoreSdkIsPreview" debido a una condición falsa (False); ( '$(_NETCoreSdkIsPreview)' == 'true' AND '$(SuppressNETCoreSdkPreviewMessage)' != 'true' ) se evaluó como ( 'false' == 'true' AND '' != 'true' ).
   1:7>Destino "_GetProjectJsonPath" en el archivo "C:\Program Files\dotnet\sdk\7.0.410\NuGet.targets" del proyecto "c:\Users\Tosito\Desktop\Tosito\windows\Optimizacion\src\OptimizadorAdmin\OptimizadorAdmin.csproj" (el destino "_GetRestoreProjectStyle" depende de él):
       Se omitió la tarea "GetRestoreProjectJsonPathTask" debido a una condición falsa (False); ( '$(RestoreProjectStyle)' == 'ProjectJson' OR '$(RestoreProjectStyle)' == '' ) se evaluó como ( 'PackageReference' == 'ProjectJson' OR 'PackageReference' == '' ).
   1:7>Compilación terminada del destino "_GetProjectJsonPath" en el proyecto "OptimizadorAdmin.csproj".
       Se omitió el destino "_CheckForUnsupportedNETStandardVersion" debido a una condición falsa (False); ('$(TargetFrameworkIdentifier)' == '.NETStandard' And '$(NETStandardMaximumVersion)' != '') se evaluó como ('.NETCoreApp' == '.NETStandard' And '' != '').
       Se omitió el destino "_CheckForUnsupportedTargetFrameworkAndFeatureCombination" debido a una condición falsa (False); ('$(TargetFrameworkIdentifier)' == '.NETFramework') se evaluó como ('.NETCoreApp' == '.NETFramework').
       Se omitió el destino "ApplyImplicitVersions" debido a una condición falsa (False); ('@(PackageReference)' != '') se evaluó como ('' != '').
       Se omitió el destino "IncludeTargetingPackReference" debido a una condición falsa (False); ('$(TargetFrameworkMoniker)' != '' and '$(TargetFrameworkIdentifier)' == '.NETFramework' and '$(AutomaticallyUseReferenceAssemblyPackages)' == 'true') se evaluó como ('.NETCoreApp,Version=v7.0' != '' and '.NETCoreApp' == '.NETFramework' and 'true' == 'true').
   1:7>Destino "CheckForImplicitPackageReferenceOverrides" en el archivo "C:\Program Files\dotnet\sdk\7.0.410\Sdks\Microsoft.NET.Sdk\targets\Microsoft.NET.Sdk.DefaultItems.Shared.targets" del proyecto "c:\Users\Tosito\Desktop\Tosito\windows\Optimizacion\src\OptimizadorAdmin\OptimizadorAdmin.csproj" (el destino "CollectPackageReferences" depende de él):
       Usando la tarea "CheckForImplicitPackageReferenceOverrides" del ensamblado "C:\Program Files\dotnet\sdk\7.0.410\Sdks\Microsoft.NET.Sdk\targets\..\tools\net7.0\Microsoft.NET.Build.Tasks.dll".
       Tarea "CheckForImplicitPackageReferenceOverrides"
       Ejecución de la tarea "CheckForImplicitPackageReferenceOverrides" terminada.
   1:7>Compilación terminada del destino "CheckForImplicitPackageReferenceOverrides" en el proyecto "OptimizadorAdmin.csproj".
   1:7>Destino "AddWindowsSdkKnownFrameworkReferences" en el archivo "C:\Program Files\dotnet\sdk\7.0.410\Sdks\Microsoft.NET.Sdk\targets\Microsoft.NET.Sdk.FrameworkReferenceResolution.targets" del proyecto "c:\Users\Tosito\Desktop\Tosito\windows\Optimizacion\src\OptimizadorAdmin\OptimizadorAdmin.csproj" (el destino "ProcessFrameworkReferences" depende de él):
       Usando la tarea "CreateWindowsSdkKnownFrameworkReferences" del ensamblado "C:\Program Files\dotnet\sdk\7.0.410\Sdks\Microsoft.NET.Sdk\targets\..\tools\net7.0\Microsoft.NET.Build.Tasks.dll".
       Tarea "CreateWindowsSdkKnownFrameworkReferences"
       Ejecución de la tarea "CreateWindowsSdkKnownFrameworkReferences" terminada.
   1:7>Compilación terminada del destino "AddWindowsSdkKnownFrameworkReferences" en el proyecto "OptimizadorAdmin.csproj".
       Se omitió el destino "ApplyImplicitVersions" debido a una condición falsa (False); ('@(PackageReference)' != '') se evaluó como ('' != '').
   1:7>Destino "ProcessFrameworkReferences" en el archivo "C:\Program Files\dotnet\sdk\7.0.410\Sdks\Microsoft.NET.Sdk\targets\Microsoft.NET.Sdk.FrameworkReferenceResolution.targets" del proyecto "c:\Users\Tosito\Desktop\Tosito\windows\Optimizacion\src\OptimizadorAdmin\OptimizadorAdmin.csproj" (el destino "CollectPackageReferences" depende de él):
       Usando la tarea "CheckForDuplicateFrameworkReferences" del ensamblado "C:\Program Files\dotnet\sdk\7.0.410\Sdks\Microsoft.NET.Sdk\targets\..\tools\net7.0\Microsoft.NET.Build.Tasks.dll".
       Tarea "CheckForDuplicateFrameworkReferences"
       Ejecución de la tarea "CheckForDuplicateFrameworkReferences" terminada.
       Usando la tarea "ProcessFrameworkReferences" del ensamblado "C:\Program Files\dotnet\sdk\7.0.410\Sdks\Microsoft.NET.Sdk\targets\..\tools\net7.0\Microsoft.NET.Build.Tasks.dll".
       Tarea "ProcessFrameworkReferences"
       Ejecución de la tarea "ProcessFrameworkReferences" terminada.
       Usando la tarea "ResolveAppHosts" del ensamblado "C:\Program Files\dotnet\sdk\7.0.410\Sdks\Microsoft.NET.Sdk\targets\..\tools\net7.0\Microsoft.NET.Build.Tasks.dll".
       Tarea "ResolveAppHosts"
       Ejecución de la tarea "ResolveAppHosts" terminada.
   1:7>Compilación terminada del destino "ProcessFrameworkReferences" en el proyecto "OptimizadorAdmin.csproj".
       Se omitió el destino "IncludeTargetingPackReference" debido a una condición falsa (False); ('$(TargetFrameworkMoniker)' != '' and '$(TargetFrameworkIdentifier)' == '.NETFramework' and '$(AutomaticallyUseReferenceAssemblyPackages)' == 'true') se evaluó como ('.NETCoreApp,Version=v7.0' != '' and '.NETCoreApp' == '.NETFramework' and 'true' == 'true').
   1:7>Destino "_AddMicrosoftNetCompilerToolsetFrameworkPackage" en el archivo "C:\Program Files\dotnet\sdk\7.0.410\Sdks\Microsoft.NET.Sdk\targets\Microsoft.NET.Sdk.targets" del proyecto "c:\Users\Tosito\Desktop\Tosito\windows\Optimizacion\src\OptimizadorAdmin\OptimizadorAdmin.csproj" (el destino "CollectPackageReferences" depende de él):
       Se omitió la tarea "NETSdkWarning" debido a una condición falsa (False); ('@(PackageReference->AnyHaveMetadataValue('Identity', 'Microsoft.Net.Compilers.Toolset.Framework'))' == 'true') se evaluó como ('false' == 'true').
   1:7>Compilación terminada del destino "_AddMicrosoftNetCompilerToolsetFrameworkPackage" en el proyecto "OptimizadorAdmin.csproj".
   1:7>Destino "_CheckForObsoleteDotNetCliToolReferences" en el archivo "C:\Program Files\dotnet\sdk\7.0.410\Sdks\Microsoft.NET.Sdk\targets\Microsoft.NET.ObsoleteReferences.targets" del proyecto "c:\Users\Tosito\Desktop\Tosito\windows\Optimizacion\src\OptimizadorAdmin\OptimizadorAdmin.csproj" (el destino "CollectPackageReferences" depende de él):
       Se omitió la tarea "NETSdkWarning" debido a una condición falsa (False); ( '%(_ReferenceToObsoleteDotNetCliTool.Identity)' != '' ) se evaluó como ( '' != '' ).
   1:7>Compilación terminada del destino "_CheckForObsoleteDotNetCliToolReferences" en el proyecto "OptimizadorAdmin.csproj".
   1:7>Destino "CollectPackageReferences" en el archivo "C:\Program Files\dotnet\sdk\7.0.410\NuGet.targets" del proyecto "c:\Users\Tosito\Desktop\Tosito\windows\Optimizacion\src\OptimizadorAdmin\OptimizadorAdmin.csproj" (el destino "_GetRestoreProjectStyle" depende de él):
       Usando la tarea "CheckForDuplicateNuGetItemsTask" del ensamblado "C:\Program Files\dotnet\sdk\7.0.410\NuGet.Build.Tasks.dll".
       Tarea "CheckForDuplicateNuGetItemsTask"
       Ejecución de la tarea "CheckForDuplicateNuGetItemsTask" terminada.
   1:7>Compilación terminada del destino "CollectPackageReferences" en el proyecto "OptimizadorAdmin.csproj".
   1:7>Destino "_GetRestoreProjectStyle" en el archivo "C:\Program Files\dotnet\sdk\7.0.410\NuGet.targets" del proyecto "c:\Users\Tosito\Desktop\Tosito\windows\Optimizacion\src\OptimizadorAdmin\OptimizadorAdmin.csproj" (el destino "EnableIntermediateOutputPathMismatchWarning" depende de él):
       Usando la tarea "GetRestoreProjectStyleTask" del ensamblado "C:\Program Files\dotnet\sdk\7.0.410\NuGet.Build.Tasks.dll".
       Tarea "GetRestoreProjectStyleTask"
         (in) HasPackageReferenceItems 'False'
         (in) MSBuildProjectDirectory 'c:\Users\Tosito\Desktop\Tosito\windows\Optimizacion\src\OptimizadorAdmin'
         (in) MSBuildProjectName 'OptimizadorAdmin'
         (in) ProjectJsonPath ''
         (in) RestoreProjectStyle 'PackageReference'
         (out) IsPackageReferenceCompatibleProjectStyle 'True'
         (out) ProjectStyle 'PackageReference'
       Ejecución de la tarea "GetRestoreProjectStyleTask" terminada.
   1:7>Compilación terminada del destino "_GetRestoreProjectStyle" en el proyecto "OptimizadorAdmin.csproj".
   1:7>Destino "EnableIntermediateOutputPathMismatchWarning" en el archivo "C:\Program Files\dotnet\sdk\7.0.410\NuGet.targets" del proyecto "c:\Users\Tosito\Desktop\Tosito\windows\Optimizacion\src\OptimizadorAdmin\OptimizadorAdmin.csproj" (el destino "_CheckForInvalidConfigurationAndPlatform" depende de él):
   1:7>Compilación terminada del destino "EnableIntermediateOutputPathMismatchWarning" en el proyecto "OptimizadorAdmin.csproj".
       Se omitió el destino "ApplyImplicitVersions" debido a una condición falsa (False); ('@(PackageReference)' != '') se evaluó como ('' != '').
       Se omitió el destino "CheckForImplicitPackageReferenceOverrides". Compilado previamente de forma correcta.
   1:7>Destino "CheckForDuplicateItems" en el archivo "C:\Program Files\dotnet\sdk\7.0.410\Sdks\Microsoft.NET.Sdk\targets\Microsoft.NET.Sdk.DefaultItems.Shared.targets" del proyecto "c:\Users\Tosito\Desktop\Tosito\windows\Optimizacion\src\OptimizadorAdmin\OptimizadorAdmin.csproj" (el destino "_CheckForInvalidConfigurationAndPlatform" depende de él):
       Usando la tarea "CheckForDuplicateItems" del ensamblado "C:\Program Files\dotnet\sdk\7.0.410\Sdks\Microsoft.NET.Sdk\targets\..\tools\net7.0\Microsoft.NET.Build.Tasks.dll".
       Tarea "CheckForDuplicateItems"
       Ejecución de la tarea "CheckForDuplicateItems" terminada.
       Tarea "CheckForDuplicateItems"
       Ejecución de la tarea "CheckForDuplicateItems" terminada.
       Tarea "CheckForDuplicateItems"
       Ejecución de la tarea "CheckForDuplicateItems" terminada.
   1:7>Compilación terminada del destino "CheckForDuplicateItems" en el proyecto "OptimizadorAdmin.csproj".
       Se omitió el destino "WarnForExplicitVersions" debido a una condición falsa (False); ('@(SdkBuildWarning)' != '') se evaluó como ('' != '').
       Se omitió el destino "_CheckForFailedSDKResolution" debido a una condición falsa (False); ('$(SdkResolverHonoredGlobalJson)' == 'false') se evaluó como ('' == 'false').
       Se omitió el destino "_WarnWhenUsingNET6AndVSPriorTo17" debido a una condición falsa (False); ($([MSBuild]::VersionLessThan($(VisualStudioVersion), '17.0')) and '$(TargetFrameworkIdentifier)' == '.NETCoreApp' and $([MSBuild]::VersionGreaterThanOrEquals($(_TargetFrameworkVersionWithoutV), '6.0'))) se evaluó como (False and '.NETCoreApp' == '.NETCoreApp' and True).
       Se omitió el destino "_WarnWhenUsingNET7AndVSPriorTo174" debido a una condición falsa (False); ($([MSBuild]::VersionLessThan($(MSBuildVersion), '17.4.0')) and '$(TargetFrameworkIdentifier)' == '.NETCoreApp' and $([MSBuild]::VersionGreaterThanOrEquals($(_TargetFrameworkVersionWithoutV), '7.0'))) se evaluó como (False and '.NETCoreApp' == '.NETCoreApp' and True).
   1:7>Destino "_CheckForInvalidWindowsDesktopTargetingConfiguration" en el archivo "C:\Program Files\dotnet\sdk\7.0.410\Sdks\Microsoft.NET.Sdk\targets\Microsoft.NET.Sdk.DefaultItems.targets" del proyecto "c:\Users\Tosito\Desktop\Tosito\windows\Optimizacion\src\OptimizadorAdmin\OptimizadorAdmin.csproj" (el destino "_CheckForInvalidConfigurationAndPlatform" depende de él):
       Se omitió la tarea "NETSdkError" debido a una condición falsa (False); ('$(TargetPlatformIdentifier)' != 'Windows') se evaluó como ('Windows' != 'Windows').
   1:7>Compilación terminada del destino "_CheckForInvalidWindowsDesktopTargetingConfiguration" en el proyecto "OptimizadorAdmin.csproj".
       Se omitió el destino "_CheckForUnnecessaryWindowsDesktopSDK" debido a una condición falsa (False); ('$(TargetFrameworkIdentifier)' == '.NETCoreApp' and $([MSBuild]::VersionGreaterThanOrEquals($(_TargetFrameworkVersionWithoutV), '5.0')) and '$(_MicrosoftWindowsDesktopSdkImported)' == 'true' and '$(TargetFrameworks)' == '') se evaluó como ('.NETCoreApp' == '.NETCoreApp' and True and '' == 'true' and '' == '').
       Se omitió el destino "ProcessFrameworkReferences". Compilado previamente de forma correcta.
       Se omitió el destino "IncludeTargetingPackReference" debido a una condición falsa (False); ('$(TargetFrameworkMoniker)' != '' and '$(TargetFrameworkIdentifier)' == '.NETFramework' and '$(AutomaticallyUseReferenceAssemblyPackages)' == 'true') se evaluó como ('.NETCoreApp,Version=v7.0' != '' and '.NETCoreApp' == '.NETFramework' and 'true' == 'true').
       Se omitió el destino "CheckForDuplicateItems". Compilado previamente de forma correcta.
   1:7>Destino "CheckForDuplicatePageItems" en el archivo "C:\Program Files\dotnet\sdk\7.0.410\Sdks\Microsoft.NET.Sdk.WindowsDesktop\targets\Microsoft.NET.Sdk.WindowsDesktop.targets" del proyecto "c:\Users\Tosito\Desktop\Tosito\windows\Optimizacion\src\OptimizadorAdmin\OptimizadorAdmin.csproj" (el destino "_CheckForInvalidConfigurationAndPlatform" depende de él):
       Tarea "CheckForDuplicateItems"
       Ejecución de la tarea "CheckForDuplicateItems" terminada.
   1:7>Compilación terminada del destino "CheckForDuplicatePageItems" en el proyecto "OptimizadorAdmin.csproj".
   1:7>Destino "_WindowsDesktopFrameworkRequiresUseWpfOrUseWindowsForms" en el archivo "C:\Program Files\dotnet\sdk\7.0.410\Sdks\Microsoft.NET.Sdk.WindowsDesktop\targets\Microsoft.NET.Sdk.WindowsDesktop.targets" del proyecto "c:\Users\Tosito\Desktop\Tosito\windows\Optimizacion\src\OptimizadorAdmin\OptimizadorAdmin.csproj" (el destino "_CheckForInvalidConfigurationAndPlatform" depende de él):
       Se omitió la tarea "NetSdkWarning" debido a una condición falsa (False); ('$(UseWpf)' != 'true' And '$(UseWindowsForms)' != 'true') se evaluó como ('true' != 'true' And '' != 'true').
   1:7>Compilación terminada del destino "_WindowsDesktopFrameworkRequiresUseWpfOrUseWindowsForms" en el proyecto "OptimizadorAdmin.csproj".
       Se omitió el destino "_WindowsDesktopFrameworkRequiresVersion30" debido a una condición falsa (False); (('$(TargetFrameworkIdentifier)' == '.NETCoreApp') And
                         ('$(_TargetFrameworkVersionValue)' != '$(_UndefinedTargetFrameworkVersion)') And ('$(_TargetFrameworkVersionValue)' < '$(_WindowsDesktopSdkTargetFrameworkVersionFloor)')) se evaluó como (('.NETCoreApp' == '.NETCoreApp') And
                         ('7.0' != '0.0') And ('7.0' < '3.0')).
   1:7>Destino "_CheckForInvalidConfigurationAndPlatform" en el archivo "C:\Program Files\dotnet\sdk\7.0.410\Microsoft.Common.CurrentVersion.targets" del proyecto "c:\Users\Tosito\Desktop\Tosito\windows\Optimizacion\src\OptimizadorAdmin\OptimizadorAdmin.csproj" (el destino "BeforeBuild" depende de él):
       Se omitió la tarea "Error" debido a una condición falsa (False); ( '$(_InvalidConfigurationError)' == 'true' ) se evaluó como ( '' == 'true' ).
       Se omitió la tarea "Warning" debido a una condición falsa (False); ( '$(_InvalidConfigurationWarning)' == 'true' ) se evaluó como ( '' == 'true' ).
       Tarea "Message"
         Configuration=Debug
       Ejecución de la tarea "Message" terminada.
       Tarea "Message"
         Platform=AnyCPU
       Ejecución de la tarea "Message" terminada.
       Se omitió la tarea "Error" debido a una condición falsa (False); ('$(OutDir)' != '' and !HasTrailingSlash('$(OutDir)')) se evaluó como ('bin\Debug\net7.0-windows\' != '' and !HasTrailingSlash('bin\Debug\net7.0-windows\')).
       Se omitió la tarea "Error" debido a una condición falsa (False); ('$(IntermediateOutputPath)' != '' and !HasTrailingSlash('$(IntermediateOutputPath)')) se evaluó como ('obj\Debug\net7.0-windows\' != '' and !HasTrailingSlash('obj\Debug\net7.0-windows\')).
       Se omitió la tarea "Error" debido a una condición falsa (False); ('$(BaseIntermediateOutputPath)' != '' and !HasTrailingSlash('$(BaseIntermediateOutputPath)')) se evaluó como ('obj\' != '' and !HasTrailingSlash('obj\')).
       Se omitió la tarea "Error" debido a una condición falsa (False); ( '$(_InitialMSBuildProjectExtensionsPath)' != '' And '$(MSBuildProjectExtensionsPath)' != '$(_InitialMSBuildProjectExtensionsPath)' ) se evaluó como ( 'c:\Users\Tosito\Desktop\Tosito\windows\Optimizacion\src\OptimizadorAdmin\obj\' != '' And 'c:\Users\Tosito\Desktop\Tosito\windows\Optimizacion\src\OptimizadorAdmin\obj\' != 'c:\Users\Tosito\Desktop\Tosito\windows\Optimizacion\src\OptimizadorAdmin\obj\' ).
       Se omitió la tarea "Warning" debido a una condición falsa (False); ( '$(EnableBaseIntermediateOutputPathMismatchWarning)' == 'true' And '$(_InitialBaseIntermediateOutputPath)' != '$(BaseIntermediateOutputPath)' And '$(BaseIntermediateOutputPath)' != '$(MSBuildProjectExtensionsPath)' ) se evaluó como ( 'true' == 'true' And 'obj\' != 'obj\' And 'obj\' != 'c:\Users\Tosito\Desktop\Tosito\windows\Optimizacion\src\OptimizadorAdmin\obj\' ).
   1:7>Compilación terminada del destino "_CheckForInvalidConfigurationAndPlatform" en el proyecto "OptimizadorAdmin.csproj".
   1:7>Destino "ValidateCommandLineProperties" en el archivo "C:\Program Files\dotnet\sdk\7.0.410\Sdks\Microsoft.NET.Sdk\targets\Microsoft.NET.Sdk.targets" del proyecto "c:\Users\Tosito\Desktop\Tosito\windows\Optimizacion\src\OptimizadorAdmin\OptimizadorAdmin.csproj" (el destino "BeforeBuild" depende de él):
       Se omitió la tarea "NETSdkWarning" debido a una condición falsa (False); ('$(_SelfContainedWasSpecified)' != 'true' and
                          '$(_CommandLineDefinedRuntimeIdentifier)' == 'true' and
                          '$(RuntimeIdentifier)' != '' and
                          '$(PublishAot)' != 'true' and
                          '$(TargetFrameworkIdentifier)' == '.NETCoreApp' and
                          $([MSBuild]::VersionGreaterThanOrEquals($(TargetFrameworkVersion), '6.0'))) se evaluó como ('' != 'true' and
                          '' == 'true' and
                          '' != '' and
                          '' != 'true' and
                          '.NETCoreApp' == '.NETCoreApp' and
                          True).
   1:7>Compilación terminada del destino "ValidateCommandLineProperties" en el proyecto "OptimizadorAdmin.csproj".
   1:7>Destino "BeforeBuild" en el archivo "C:\Program Files\dotnet\sdk\7.0.410\Microsoft.Common.CurrentVersion.targets" del proyecto "c:\Users\Tosito\Desktop\Tosito\windows\Optimizacion\src\OptimizadorAdmin\OptimizadorAdmin.csproj" (el destino "Build" depende de él):
   1:7>Compilación terminada del destino "BeforeBuild" en el proyecto "OptimizadorAdmin.csproj".
       Se omitió el destino "_CheckForBuildWithNoBuild" debido a una condición falsa (False); ('$(NoBuild)' == 'true' and '$(GeneratePackageOnBuild)' != 'true') se evaluó como ('' == 'true' and 'false' != 'true').
   1:7>Destino "BuildOnlySettings" en el archivo "C:\Program Files\dotnet\sdk\7.0.410\Microsoft.Common.CurrentVersion.targets" del proyecto "c:\Users\Tosito\Desktop\Tosito\windows\Optimizacion\src\OptimizadorAdmin\OptimizadorAdmin.csproj" (el destino "CoreBuild" depende de él):
   1:7>Compilación terminada del destino "BuildOnlySettings" en el proyecto "OptimizadorAdmin.csproj".
       Se omitió el destino "_CheckForUnsupportedTargetFramework" debido a una condición falsa (False); ('$(_UnsupportedTargetFrameworkError)' == 'true') se evaluó como ('' == 'true').
   1:7>Destino "GetFrameworkPaths" en el archivo "C:\Program Files\dotnet\sdk\7.0.410\Sdks\Microsoft.NET.Sdk\targets\Microsoft.NET.DisableStandardFrameworkResolution.targets" del proyecto "c:\Users\Tosito\Desktop\Tosito\windows\Optimizacion\src\OptimizadorAdmin\OptimizadorAdmin.csproj" (el destino "PrepareForBuild" depende de él):
   1:7>Compilación terminada del destino "GetFrameworkPaths" en el proyecto "OptimizadorAdmin.csproj".
       Se omitió el destino "_CheckForUnsupportedTargetFramework" debido a una condición falsa (False); ('$(_UnsupportedTargetFrameworkError)' == 'true') se evaluó como ('' == 'true').
   1:7>Destino "GetReferenceAssemblyPaths" en el archivo "C:\Program Files\dotnet\sdk\7.0.410\Sdks\Microsoft.NET.Sdk\targets\Microsoft.NET.DisableStandardFrameworkResolution.targets" del proyecto "c:\Users\Tosito\Desktop\Tosito\windows\Optimizacion\src\OptimizadorAdmin\OptimizadorAdmin.csproj" (el destino "PrepareForBuild" depende de él):
   1:7>Compilación terminada del destino "GetReferenceAssemblyPaths" en el proyecto "OptimizadorAdmin.csproj".
       Se omitió el destino "AssignLinkMetadata" debido a una condición falsa (False); ( '$(SynthesizeLinkMetadata)' == 'true' ) se evaluó como ( '' == 'true' ).
   1:7>Destino "PrepareForBuild" en el archivo "C:\Program Files\dotnet\sdk\7.0.410\Microsoft.Common.CurrentVersion.targets" del proyecto "c:\Users\Tosito\Desktop\Tosito\windows\Optimizacion\src\OptimizadorAdmin\OptimizadorAdmin.csproj" (el destino "CoreBuild" depende de él):
       Usando la tarea "FindAppConfigFile" del ensamblado "Microsoft.Build.Tasks.Core, Version=15.1.0.0, Culture=neutral, PublicKeyToken=b03f5f7f11d50a3a".
       Tarea "FindAppConfigFile"
       Ejecución de la tarea "FindAppConfigFile" terminada.
       Usando la tarea "MakeDir" del ensamblado "Microsoft.Build.Tasks.Core, Version=15.1.0.0, Culture=neutral, PublicKeyToken=b03f5f7f11d50a3a".
       Tarea "MakeDir"
         Creando directorio "bin\Debug\net7.0-windows\".
       Ejecución de la tarea "MakeDir" terminada.
   1:7>Compilación terminada del destino "PrepareForBuild" en el proyecto "OptimizadorAdmin.csproj".
       Se omitió el destino "GenerateGlobalUsings" debido a una condición falsa (False); (@(Using->Count()) != 0) se evaluó como (0 != 0).
       Se omitió el destino "PreBuildEvent" debido a una condición falsa (False); ('$(PreBuildEvent)'!='') se evaluó como (''!='').
   1:7>Destino "BeforeResolveReferences" en el archivo "C:\Program Files\dotnet\sdk\7.0.410\Microsoft.Common.CurrentVersion.targets" del proyecto "c:\Users\Tosito\Desktop\Tosito\windows\Optimizacion\src\OptimizadorAdmin\OptimizadorAdmin.csproj" (el destino "ResolveReferences" depende de él):
   1:7>Compilación terminada del destino "BeforeResolveReferences" en el proyecto "OptimizadorAdmin.csproj".
       Se omitió el destino "AssignProjectConfiguration" debido a una condición falsa (False); ('$(CurrentSolutionConfigurationContents)' != '' or '@(ProjectReference)'!='') se evaluó como ('' != '' or ''!='').
       Se omitió el destino "ProcessFrameworkReferences". Compilado previamente de forma correcta.
   1:7>Destino "_DefaultMicrosoftNETPlatformLibrary" en el archivo "C:\Program Files\dotnet\sdk\7.0.410\Sdks\Microsoft.NET.Sdk\targets\Microsoft.NET.Sdk.Shared.targets" del proyecto "c:\Users\Tosito\Desktop\Tosito\windows\Optimizacion\src\OptimizadorAdmin\OptimizadorAdmin.csproj" (el destino "ResolvePackageAssets" depende de él):
   1:7>Compilación terminada del destino "_DefaultMicrosoftNETPlatformLibrary" en el proyecto "OptimizadorAdmin.csproj".
   1:7>Destino "_ComputePackageReferencePublish" en el archivo "C:\Program Files\dotnet\sdk\7.0.410\Sdks\Microsoft.NET.Sdk\targets\Microsoft.NET.Sdk.Shared.targets" del proyecto "c:\Users\Tosito\Desktop\Tosito\windows\Optimizacion\src\OptimizadorAdmin\OptimizadorAdmin.csproj" (el destino "ResolvePackageAssets" depende de él):
   1:7>Compilación terminada del destino "_ComputePackageReferencePublish" en el proyecto "OptimizadorAdmin.csproj".
       Se omitió el destino "_ResolveCompilerVersion" debido a una condición falsa (False); ('$(CompilerApiVersion)' == '' And
                            ('$(Language)' == 'C#' Or '$(Language)' == 'VB') And
                            Exists('$(RoslynTargetsPath)\Microsoft.Build.Tasks.CodeAnalysis.dll')) se evaluó como ('roslyn4.7' == '' And
                            ('C#' == 'C#' Or 'C#' == 'VB') And
                            Exists('C:\Program Files\dotnet\sdk\7.0.410\Roslyn\Microsoft.Build.Tasks.CodeAnalysis.dll')).
   1:7>Destino "ResolvePackageAssets" en el archivo "C:\Program Files\dotnet\sdk\7.0.410\Sdks\Microsoft.NET.Sdk\targets\Microsoft.PackageDependencyResolution.targets" del proyecto "c:\Users\Tosito\Desktop\Tosito\windows\Optimizacion\src\OptimizadorAdmin\OptimizadorAdmin.csproj" (el destino "ResolveLockFileReferences" depende de él):
       Usando la tarea "ResolvePackageAssets" del ensamblado "C:\Program Files\dotnet\sdk\7.0.410\Sdks\Microsoft.NET.Sdk\targets\..\tools\net7.0\Microsoft.NET.Build.Tasks.dll".
       Tarea "ResolvePackageAssets"
       Ejecución de la tarea "ResolvePackageAssets" terminada.
   1:7>Compilación terminada del destino "ResolvePackageAssets" en el proyecto "OptimizadorAdmin.csproj".
       Se omitió el destino "AdjustDefaultPlatformTargetForNetFrameworkExeWithNoNativeCopyLocalItems" debido a una condición falsa (False); ('$(_UsingDefaultPlatformTarget)' == 'true' and
                            '$(_UsingDefaultRuntimeIdentifier)' == 'true') se evaluó como ('true' == 'true' and
                            '' == 'true').
       Se omitió el destino "_CheckForTransitiveWindowsDesktopDependencies" debido a una condición falsa (False); ('$(TargetFrameworkIdentifier)' == '.NETCoreApp' and $([MSBuild]::VersionGreaterThanOrEquals($(_TargetFrameworkVersionWithoutV), '5.0')) and '$(TargetPlatformIdentifier)' != 'Windows' and '@(TransitiveFrameworkReference)' != '') se evaluó como ('.NETCoreApp' == '.NETCoreApp' and True and 'Windows' != 'Windows' and '' != '').
       Se omitió el destino "AddTransitiveFrameworkReferences" debido a una condición falsa (False); ('@(TransitiveFrameworkReference)' != '') se evaluó como ('' != '').
   1:7>Destino "ResolveLockFileReferences" en el archivo "C:\Program Files\dotnet\sdk\7.0.410\Sdks\Microsoft.NET.Sdk\targets\Microsoft.PackageDependencyResolution.targets" del proyecto "c:\Users\Tosito\Desktop\Tosito\windows\Optimizacion\src\OptimizadorAdmin\OptimizadorAdmin.csproj" (el destino "ResolvePackageDependenciesForBuild" depende de él):
       Usando la tarea "JoinItems" del ensamblado "C:\Program Files\dotnet\sdk\7.0.410\Sdks\Microsoft.NET.Sdk\targets\..\tools\net7.0\Microsoft.NET.Build.Tasks.dll".
       Tarea "JoinItems"
       Ejecución de la tarea "JoinItems" terminada.
   1:7>Compilación terminada del destino "ResolveLockFileReferences" en el proyecto "OptimizadorAdmin.csproj".
       Se omitió el destino "ResolvePackageAssets". Compilado previamente de forma correcta.
   1:7>Destino "ResolveLockFileAnalyzers" en el archivo "C:\Program Files\dotnet\sdk\7.0.410\Sdks\Microsoft.NET.Sdk\targets\Microsoft.PackageDependencyResolution.targets" del proyecto "c:\Users\Tosito\Desktop\Tosito\windows\Optimizacion\src\OptimizadorAdmin\OptimizadorAdmin.csproj" (el destino "ResolvePackageDependenciesForBuild" depende de él):
   1:7>Compilación terminada del destino "ResolveLockFileAnalyzers" en el proyecto "OptimizadorAdmin.csproj".
       Se omitió el destino "ResolvePackageAssets". Compilado previamente de forma correcta.
       Se omitió el destino "RunProduceContentAssets" debido a una condición falsa (False); ('@(_ContentFilesToPreprocess)' != '' and '$(_CleaningWithoutRebuilding)' != 'true') se evaluó como ('' != '' and '' != 'true').
   1:7>Destino "ResolveLockFileCopyLocalFiles" en el archivo "C:\Program Files\dotnet\sdk\7.0.410\Sdks\Microsoft.NET.Sdk\targets\Microsoft.PackageDependencyResolution.targets" del proyecto "c:\Users\Tosito\Desktop\Tosito\windows\Optimizacion\src\OptimizadorAdmin\OptimizadorAdmin.csproj" (el destino "ResolvePackageDependenciesForBuild" depende de él):
   1:7>Compilación terminada del destino "ResolveLockFileCopyLocalFiles" en el proyecto "OptimizadorAdmin.csproj".
       Se omitió el destino "ResolveRuntimePackAssets" debido a una condición falsa (False); ('@(RuntimePack)' != '') se evaluó como ('' != '').
       Se omitió el destino "RunProduceContentAssets" debido a una condición falsa (False); ('@(_ContentFilesToPreprocess)' != '' and '$(_CleaningWithoutRebuilding)' != 'true') se evaluó como ('' != '' and '' != 'true').
       Se omitió el destino "ResolvePackageAssets". Compilado previamente de forma correcta.
   1:7>Destino "IncludeTransitiveProjectReferences" en el archivo "C:\Program Files\dotnet\sdk\7.0.410\Sdks\Microsoft.NET.Sdk\targets\Microsoft.PackageDependencyResolution.targets" del proyecto "c:\Users\Tosito\Desktop\Tosito\windows\Optimizacion\src\OptimizadorAdmin\OptimizadorAdmin.csproj" (el destino "ResolvePackageDependenciesForBuild" depende de él):
   1:7>Compilación terminada del destino "IncludeTransitiveProjectReferences" en el proyecto "OptimizadorAdmin.csproj".
   1:7>Destino "ResolvePackageDependenciesForBuild" en el archivo "C:\Program Files\dotnet\sdk\7.0.410\Sdks\Microsoft.NET.Sdk\targets\Microsoft.PackageDependencyResolution.targets" del proyecto "c:\Users\Tosito\Desktop\Tosito\windows\Optimizacion\src\OptimizadorAdmin\OptimizadorAdmin.csproj" (el destino "AssignProjectConfiguration" depende de él):
   1:7>Compilación terminada del destino "ResolvePackageDependenciesForBuild" en el proyecto "OptimizadorAdmin.csproj".
       Se omitió el destino "AssignProjectConfiguration" debido a una condición falsa (False); ('$(CurrentSolutionConfigurationContents)' != '' or '@(ProjectReference)'!='') se evaluó como ('' != '' or ''!='').
   1:7>Destino "_SplitProjectReferencesByFileExistence" en el archivo "C:\Program Files\dotnet\sdk\7.0.410\Microsoft.Common.CurrentVersion.targets" del proyecto "c:\Users\Tosito\Desktop\Tosito\windows\Optimizacion\src\OptimizadorAdmin\OptimizadorAdmin.csproj" (el destino "PrepareProjectReferences" depende de él):
       Se omitió la tarea "ResolveNonMSBuildProjectOutput" debido a una condición falsa (False); ('$(BuildingInsideVisualStudio)'=='true' and '@(ProjectReferenceWithConfiguration)'!='') se evaluó como (''=='true' and ''!='').
   1:7>Compilación terminada del destino "_SplitProjectReferencesByFileExistence" en el proyecto "OptimizadorAdmin.csproj".
   1:7>Destino "_AddOutputPathToGlobalPropertiesToRemove" en el archivo "C:\Program Files\dotnet\sdk\7.0.410\Microsoft.Common.CurrentVersion.targets" del proyecto "c:\Users\Tosito\Desktop\Tosito\windows\Optimizacion\src\OptimizadorAdmin\OptimizadorAdmin.csproj" (el destino "_GetProjectReferenceTargetFrameworkProperties" depende de él):
   1:7>Compilación terminada del destino "_AddOutputPathToGlobalPropertiesToRemove" en el proyecto "OptimizadorAdmin.csproj".
   1:7>Destino "_GetProjectReferenceTargetFrameworkProperties" en el archivo "C:\Program Files\dotnet\sdk\7.0.410\Microsoft.Common.CurrentVersion.targets" del proyecto "c:\Users\Tosito\Desktop\Tosito\windows\Optimizacion\src\OptimizadorAdmin\OptimizadorAdmin.csproj" (el destino "PrepareProjectReferences" depende de él):
       Tarea "MSBuild"
       Ejecución de la tarea "MSBuild" terminada.
       Se omitió la tarea "MSBuild" debido a una condición falsa (False); ('%(_MSBuildProjectReferenceExistent.SkipGetTargetFrameworkProperties)' != 'true' and '$(EnableDynamicPlatformResolution)' == 'true') se evaluó como ('' != 'true' and '' == 'true').
       Se omitió la tarea "GetReferenceNearestTargetFrameworkTask" debido a una condición falsa (False); ('@(_ProjectReferenceTargetFrameworkPossibilities)' != '' and '$(ReferringTargetFrameworkForProjectReferences)' != ''
                                                               And '$(GetReferenceNearestTargetFrameworkTaskSupportsTargetPlatformParameter)' == 'true' and '%(_ProjectReferenceTargetFrameworkPossibilities.IsVcxOrNativeProj)' != 'true') se evaluó como ('' != '' and '.NETCoreApp,Version=v7.0' != ''
                                                               And 'true' == 'true' and '' != 'true').
       Se omitió la tarea "GetReferenceNearestTargetFrameworkTask" debido a una condición falsa (False); ('@(_ProjectReferenceTargetFrameworkPossibilities)' != '' and '$(ReferringTargetFrameworkForProjectReferences)' != ''
                                                               And '$(GetReferenceNearestTargetFrameworkTaskSupportsTargetPlatformParameter)' != 'true' and '%(_ProjectReferenceTargetFrameworkPossibilities.IsVcxOrNativeProj)' != 'true') se evaluó como ('' != '' and '.NETCoreApp,Version=v7.0' != ''
                                                               And 'true' != 'true' and '' != 'true').
       Usando la tarea "SetRidAgnosticValueForProjects" del ensamblado "Microsoft.Build.Tasks.Core, Version=15.1.0.0, Culture=neutral, PublicKeyToken=b03f5f7f11d50a3a".
       Tarea "SetRidAgnosticValueForProjects"
       Ejecución de la tarea "SetRidAgnosticValueForProjects" terminada.
   1:7>Compilación terminada del destino "_GetProjectReferenceTargetFrameworkProperties" en el proyecto "OptimizadorAdmin.csproj".
   1:7>Destino "ValidateExecutableReferences" en el archivo "C:\Program Files\dotnet\sdk\7.0.410\Sdks\Microsoft.NET.Sdk\targets\Microsoft.NET.Sdk.targets" del proyecto "c:\Users\Tosito\Desktop\Tosito\windows\Optimizacion\src\OptimizadorAdmin\OptimizadorAdmin.csproj" (el destino "PrepareProjectReferences" depende de él):
       Usando la tarea "ValidateExecutableReferences" del ensamblado "C:\Program Files\dotnet\sdk\7.0.410\Sdks\Microsoft.NET.Sdk\targets\..\tools\net7.0\Microsoft.NET.Build.Tasks.dll".
       Tarea "ValidateExecutableReferences"
       Ejecución de la tarea "ValidateExecutableReferences" terminada.
   1:7>Compilación terminada del destino "ValidateExecutableReferences" en el proyecto "OptimizadorAdmin.csproj".
       Se omitió el destino "_GetProjectReferencePlatformProperties" debido a una condición falsa (False); ('$(EnableDynamicPlatformResolution)' == 'true'
                            and '@(_MSBuildProjectReferenceExistent)' != '') se evaluó como ('' == 'true'
                            and '' != '').
   1:7>Destino "PrepareProjectReferences" en el archivo "C:\Program Files\dotnet\sdk\7.0.410\Microsoft.Common.CurrentVersion.targets" del proyecto "c:\Users\Tosito\Desktop\Tosito\windows\Optimizacion\src\OptimizadorAdmin\OptimizadorAdmin.csproj" (el destino "ResolveProjectReferences" depende de él):
   1:7>Compilación terminada del destino "PrepareProjectReferences" en el proyecto "OptimizadorAdmin.csproj".
   1:7>Destino "ResolveProjectReferences" en el archivo "C:\Program Files\dotnet\sdk\7.0.410\Microsoft.Common.CurrentVersion.targets" del proyecto "c:\Users\Tosito\Desktop\Tosito\windows\Optimizacion\src\OptimizadorAdmin\OptimizadorAdmin.csproj" (el destino "ResolveReferences" depende de él):
       Se omitió la tarea "MSBuild" debido a una condición falsa (False); ('%(_MSBuildProjectReferenceExistent.BuildReference)' == 'true' and '@(ProjectReferenceWithConfiguration)' != '' and ('$(BuildingInsideVisualStudio)' == 'true' or '$(BuildProjectReferences)' != 'true') and '$(VisualStudioVersion)' != '10.0' and '@(_MSBuildProjectReferenceExistent)' != '') se evaluó como ('' == 'true' and '' != '' and ('' == 'true' or 'true' != 'true') and '17.0' != '10.0' and '' != '').
       Se omitió la tarea "MSBuild" debido a una condición falsa (False); ('%(_MSBuildProjectReferenceExistent.BuildReference)' == 'true' and '@(ProjectReferenceWithConfiguration)' != '' and '$(BuildingInsideVisualStudio)' != 'true' and '$(BuildProjectReferences)' == 'true' and '@(_MSBuildProjectReferenceExistent)' != '') se evaluó como ('' == 'true' and '' != '' and '' != 'true' and 'true' == 'true' and '' != '').
       Se omitió la tarea "MSBuild" debido a una condición falsa (False); ('%(_MSBuildProjectReferenceExistent.BuildReference)' == 'true' and '@(ProjectReferenceWithConfiguration)' != '' and '$(BuildingProject)' == 'true' and '@(_MSBuildProjectReferenceExistent)' != '') se evaluó como ('' == 'true' and '' != '' and 'true' == 'true' and '' != '').
       Se omitió la tarea "Warning" debido a una condición falsa (False); ('@(ProjectReferenceWithConfiguration)' != '' and '@(_MSBuildProjectReferenceNonexistent)' != '') se evaluó como ('' != '' and '' != '').
   1:7>Compilación terminada del destino "ResolveProjectReferences" en el proyecto "OptimizadorAdmin.csproj".
   1:7>Destino "RemoveManagedWinRTComponentWinMDReferences" en el archivo "C:\Program Files\dotnet\sdk\7.0.410\Sdks\Microsoft.NET.Sdk\targets\Microsoft.NET.Windows.targets" del proyecto "c:\Users\Tosito\Desktop\Tosito\windows\Optimizacion\src\OptimizadorAdmin\OptimizadorAdmin.csproj" (el destino "ResolveReferences" depende de él):
   1:7>Compilación terminada del destino "RemoveManagedWinRTComponentWinMDReferences" en el proyecto "OptimizadorAdmin.csproj".
       Se omitió el destino "AddWinRTComponentImplementationReference" debido a una condición falsa (False); ('@(ManagedWinRTComponentImplementations)' != '') se evaluó como ('' != '').
       Se omitió el destino "FindInvalidProjectReferences" debido a una condición falsa (False); ('$(FindInvalidProjectReferences)' == 'true') se evaluó como ('' == 'true').
       Se omitió el destino "ResolveNativeReferences" debido a una condición falsa (False); ('@(NativeReference)'!='') se evaluó como (''!='').
       Se omitió el destino "ResolveProjectReferences". Compilado previamente de forma correcta.
       Se omitió el destino "FindInvalidProjectReferences" debido a una condición falsa (False); ('$(FindInvalidProjectReferences)' == 'true') se evaluó como ('' == 'true').
       Se omitió el destino "GetFrameworkPaths". Compilado previamente de forma correcta.
       Se omitió el destino "GetReferenceAssemblyPaths". Compilado previamente de forma correcta.
       Se omitió el destino "PrepareForBuild". Compilado previamente de forma correcta.
       Se omitió el destino "GetInstalledSDKLocations" debido a una condición falsa (False); ('@(SDKReference)' != '') se evaluó como ('' != '').
   1:7>Destino "ResolveSDKReferences" en el archivo "C:\Program Files\dotnet\sdk\7.0.410\Microsoft.Common.CurrentVersion.targets" del proyecto "c:\Users\Tosito\Desktop\Tosito\windows\Optimizacion\src\OptimizadorAdmin\OptimizadorAdmin.csproj" (el destino "ResolveAssemblyReferences" depende de él):
       Se omitió la tarea "ResolveSDKReference" debido a una condición falsa (False); ('@(SDKReference)'!='') se evaluó como (''!='').
   1:7>Compilación terminada del destino "ResolveSDKReferences" en el proyecto "OptimizadorAdmin.csproj".
       Se omitió el destino "ResolveSDKReferences". Compilado previamente de forma correcta.
   1:7>Destino "ExpandSDKReferences" en el archivo "C:\Program Files\dotnet\sdk\7.0.410\Microsoft.Common.CurrentVersion.targets" del proyecto "c:\Users\Tosito\Desktop\Tosito\windows\Optimizacion\src\OptimizadorAdmin\OptimizadorAdmin.csproj" (el destino "ResolveAssemblyReferences" depende de él):
       Se omitió la tarea "GetSDKReferenceFiles" debido a una condición falsa (False); ('@(ResolvedSDKReference)'!='') se evaluó como (''!='').
   1:7>Compilación terminada del destino "ExpandSDKReferences" en el proyecto "OptimizadorAdmin.csproj".
       Se omitió el destino "ResolvePackageDependenciesForBuild". Compilado previamente de forma correcta.
       Se omitió el destino "GetFrameworkPaths". Compilado previamente de forma correcta.
       Se omitió el destino "GetReferenceAssemblyPaths". Compilado previamente de forma correcta.
       Se omitió el destino "ProcessFrameworkReferences". Compilado previamente de forma correcta.
       Se omitió el destino "ResolvePackageAssets". Compilado previamente de forma correcta.
   1:7>Destino "ResolveFrameworkReferences" en el archivo "C:\Program Files\dotnet\sdk\7.0.410\Sdks\Microsoft.NET.Sdk\targets\Microsoft.NET.Sdk.FrameworkReferenceResolution.targets" del proyecto "c:\Users\Tosito\Desktop\Tosito\windows\Optimizacion\src\OptimizadorAdmin\OptimizadorAdmin.csproj" (el destino "ResolveTargetingPackAssets" depende de él):
       Usando la tarea "GetPackageDirectory" del ensamblado "C:\Program Files\dotnet\sdk\7.0.410\Sdks\Microsoft.NET.Sdk\targets\..\tools\net7.0\Microsoft.NET.Build.Tasks.dll".
       Tarea "GetPackageDirectory"
       Ejecución de la tarea "GetPackageDirectory" terminada.
       Tarea "GetPackageDirectory"
       Ejecución de la tarea "GetPackageDirectory" terminada.
       Tarea "GetPackageDirectory"
       Ejecución de la tarea "GetPackageDirectory" terminada.
       Tarea "GetPackageDirectory"
       Ejecución de la tarea "GetPackageDirectory" terminada.
       Tarea "GetPackageDirectory"
       Ejecución de la tarea "GetPackageDirectory" terminada.
       Tarea "GetPackageDirectory"
       Ejecución de la tarea "GetPackageDirectory" terminada.
       Tarea "GetPackageDirectory"
       Ejecución de la tarea "GetPackageDirectory" terminada.
       Tarea "GetPackageDirectory"
       Ejecución de la tarea "GetPackageDirectory" terminada.
       Tarea "GetPackageDirectory"
       Ejecución de la tarea "GetPackageDirectory" terminada.
       Tarea "GetPackageDirectory"
       Ejecución de la tarea "GetPackageDirectory" terminada.
       Usando la tarea "ResolveFrameworkReferences" del ensamblado "C:\Program Files\dotnet\sdk\7.0.410\Sdks\Microsoft.NET.Sdk\targets\..\tools\net7.0\Microsoft.NET.Build.Tasks.dll".
       Tarea "ResolveFrameworkReferences"
       Ejecución de la tarea "ResolveFrameworkReferences" terminada.
   1:7>Compilación terminada del destino "ResolveFrameworkReferences" en el proyecto "OptimizadorAdmin.csproj".
   1:7>Destino "ResolveTargetingPackAssets" en el archivo "C:\Program Files\dotnet\sdk\7.0.410\Sdks\Microsoft.NET.Sdk\targets\Microsoft.NET.Sdk.FrameworkReferenceResolution.targets" del proyecto "c:\Users\Tosito\Desktop\Tosito\windows\Optimizacion\src\OptimizadorAdmin\OptimizadorAdmin.csproj" (el destino "_HandlePackageFileConflicts" depende de él):
       Usando la tarea "ResolveTargetingPackAssets" del ensamblado "C:\Program Files\dotnet\sdk\7.0.410\Sdks\Microsoft.NET.Sdk\targets\..\tools\net7.0\Microsoft.NET.Build.Tasks.dll".
       Tarea "ResolveTargetingPackAssets"
       Ejecución de la tarea "ResolveTargetingPackAssets" terminada.
   1:7>Compilación terminada del destino "ResolveTargetingPackAssets" en el proyecto "OptimizadorAdmin.csproj".
   1:7>Destino "_HandlePackageFileConflicts" en el archivo "C:\Program Files\dotnet\sdk\7.0.410\Sdks\Microsoft.NET.Sdk\targets\Microsoft.NET.ConflictResolution.targets" del proyecto "c:\Users\Tosito\Desktop\Tosito\windows\Optimizacion\src\OptimizadorAdmin\OptimizadorAdmin.csproj" (el destino "ResolveAssemblyReferences" depende de él):
       Usando la tarea "ResolvePackageFileConflicts" del ensamblado "C:\Program Files\dotnet\sdk\7.0.410\Sdks\Microsoft.NET.Sdk\targets\..\tools\net7.0\Microsoft.NET.Build.Tasks.dll".
       Tarea "ResolvePackageFileConflicts"
         Se encontró un conflicto entre "Reference:C:\Program Files\dotnet\packs\Microsoft.NETCore.App.Ref\7.0.20\ref/net7.0/WindowsBase.dll" y "Reference:C:\Program Files\dotnet\packs\Microsoft.WindowsDesktop.App.Ref\7.0.20\ref/net7.0/WindowsBase.dll". Se elegirá "Reference:C:\Program Files\dotnet\packs\Microsoft.WindowsDesktop.App.Ref\7.0.20\ref/net7.0/WindowsBase.dll" porque AssemblyVersion "7.0.0.0" es mayor que "4.0.0.0".
         Se encontró un conflicto entre "Platform:Microsoft.VisualBasic.dll" y "Platform:Microsoft.VisualBasic.dll". Se elegirá "Platform:Microsoft.VisualBasic.dll" porque AssemblyVersion "10.1.0.0" es mayor que "10.0.0.0".
         Se encontró un conflicto entre "Platform:Microsoft.VisualBasic.dll" y "Platform:Microsoft.VisualBasic.dll". Se elegirá "Platform:Microsoft.VisualBasic.dll" porque AssemblyVersion "10.1.0.0" es mayor que "10.0.0.0".
         Se encontró un conflicto entre "Platform:System.Drawing.dll" y "Platform:System.Drawing.dll". Se elegirá "Platform:System.Drawing.dll" porque AssemblyVersion "7.0.0.0" es mayor que "4.0.0.0".
         Se encontró un conflicto entre "Platform:System.Drawing.dll" y "Platform:System.Drawing.dll". Se elegirá "Platform:System.Drawing.dll" porque AssemblyVersion "7.0.0.0" es mayor que "4.0.0.0".
         Se encontró un conflicto entre "Platform:WindowsBase.dll" y "Platform:WindowsBase.dll". Se elegirá "Platform:WindowsBase.dll" porque AssemblyVersion "7.0.0.0" es mayor que "4.0.0.0".
         Se encontró un conflicto entre "Platform:WindowsBase.dll" y "Platform:WindowsBase.dll". Se elegirá "Platform:WindowsBase.dll" porque AssemblyVersion "7.0.0.0" es mayor que "4.0.0.0".
         Se encontró un conflicto entre "Platform:mscorlib.dll" y "Platform:mscorlib.dll". No se pudo determinar el ganador porque las versiones de archivo y ensamblado son iguales.
         Se encontró un conflicto entre "Platform:System.dll" y "Platform:System.dll". No se pudo determinar el ganador porque las versiones de archivo y ensamblado son iguales.
         Se encontró un conflicto entre "Platform:System.ComponentModel.DataAnnotations.dll" y "Platform:System.ComponentModel.DataAnnotations.dll". No se pudo determinar el ganador porque las versiones de archivo y ensamblado son iguales.
         Se encontró un conflicto entre "Platform:System.Configuration.dll" y "Platform:System.Configuration.dll". No se pudo determinar el ganador porque las versiones de archivo y ensamblado son iguales.
         Se encontró un conflicto entre "Platform:System.Core.dll" y "Platform:System.Core.dll". No se pudo determinar el ganador porque las versiones de archivo y ensamblado son iguales.
         Se encontró un conflicto entre "Platform:System.Data.dll" y "Platform:System.Data.dll". No se pudo determinar el ganador porque las versiones de archivo y ensamblado son iguales.
         Se encontró un conflicto entre "Platform:System.IO.Compression.FileSystem.dll" y "Platform:System.IO.Compression.FileSystem.dll". No se pudo determinar el ganador porque las versiones de archivo y ensamblado son iguales.
         Se encontró un conflicto entre "Platform:System.Net.dll" y "Platform:System.Net.dll". No se pudo determinar el ganador porque las versiones de archivo y ensamblado son iguales.
         Se encontró un conflicto entre "Platform:System.Numerics.dll" y "Platform:System.Numerics.dll". No se pudo determinar el ganador porque las versiones de archivo y ensamblado son iguales.
         Se encontró un conflicto entre "Platform:System.Runtime.Serialization.dll" y "Platform:System.Runtime.Serialization.dll". No se pudo determinar el ganador porque las versiones de archivo y ensamblado son iguales.
         Se encontró un conflicto entre "Platform:System.Security.dll" y "Platform:System.Security.dll". No se pudo determinar el ganador porque las versiones de archivo y ensamblado son iguales.
         Se encontró un conflicto entre "Platform:System.ServiceProcess.dll" y "Platform:System.ServiceProcess.dll". No se pudo determinar el ganador porque las versiones de archivo y ensamblado son iguales.
         Se encontró un conflicto entre "Platform:System.ServiceModel.Web.dll" y "Platform:System.ServiceModel.Web.dll". No se pudo determinar el ganador porque las versiones de archivo y ensamblado son iguales.
         Se encontró un conflicto entre "Platform:System.Transactions.dll" y "Platform:System.Transactions.dll". No se pudo determinar el ganador porque las versiones de archivo y ensamblado son iguales.
         Se encontró un conflicto entre "Platform:System.Web.dll" y "Platform:System.Web.dll". No se pudo determinar el ganador porque las versiones de archivo y ensamblado son iguales.
         Se encontró un conflicto entre "Platform:System.Windows.dll" y "Platform:System.Windows.dll". No se pudo determinar el ganador porque las versiones de archivo y ensamblado son iguales.
         Se encontró un conflicto entre "Platform:System.Xml.dll" y "Platform:System.Xml.dll". No se pudo determinar el ganador porque las versiones de archivo y ensamblado son iguales.
         Se encontró un conflicto entre "Platform:System.Xml.Serialization.dll" y "Platform:System.Xml.Serialization.dll". No se pudo determinar el ganador porque las versiones de archivo y ensamblado son iguales.
         Se encontró un conflicto entre "Platform:System.Xml.Linq.dll" y "Platform:System.Xml.Linq.dll". No se pudo determinar el ganador porque las versiones de archivo y ensamblado son iguales.
         Se encontró un conflicto entre "Platform:netstandard.dll" y "Platform:netstandard.dll". No se pudo determinar el ganador porque las versiones de archivo y ensamblado son iguales.
         Se encontró un conflicto entre "Platform:System.Private.CoreLib.dll" y "Platform:System.Private.CoreLib.dll". No se pudo determinar el ganador porque las versiones de archivo y ensamblado son iguales.
         Se encontró un conflicto entre "Platform:System.Private.DataContractSerialization.dll" y "Platform:System.Private.DataContractSerialization.dll". No se pudo determinar el ganador porque las versiones de archivo y ensamblado son iguales.
         Se encontró un conflicto entre "Platform:System.Private.Uri.dll" y "Platform:System.Private.Uri.dll". No se pudo determinar el ganador porque las versiones de archivo y ensamblado son iguales.
         Se encontró un conflicto entre "Platform:System.Private.Xml.dll" y "Platform:System.Private.Xml.dll". No se pudo determinar el ganador porque las versiones de archivo y ensamblado son iguales.
         Se encontró un conflicto entre "Platform:System.Private.Xml.Linq.dll" y "Platform:System.Private.Xml.Linq.dll". No se pudo determinar el ganador porque las versiones de archivo y ensamblado son iguales.
         Se encontró un conflicto entre "Platform:mscordaccore_amd64_amd64_7.0.2024.26716.dll" y "Platform:mscordaccore_amd64_amd64_7.0.2024.26716.dll". No se pudo determinar el ganador porque las versiones de archivo y ensamblado son iguales.
       Ejecución de la tarea "ResolvePackageFileConflicts" terminada.
   1:7>Compilación terminada del destino "_HandlePackageFileConflicts" en el proyecto "OptimizadorAdmin.csproj".
       Se omitió el destino "ResolveTargetingPackAssets". Compilado previamente de forma correcta.
   1:7>Destino "ResolveAssemblyReferences" en el archivo "C:\Program Files\dotnet\sdk\7.0.410\Microsoft.Common.CurrentVersion.targets" del proyecto "c:\Users\Tosito\Desktop\Tosito\windows\Optimizacion\src\OptimizadorAdmin\OptimizadorAdmin.csproj" (el destino "ResolveReferences" depende de él):
       Usando la tarea "ResolveAssemblyReference" del ensamblado "Microsoft.Build.Tasks.Core, Version=15.1.0.0, Culture=neutral, PublicKeyToken=b03f5f7f11d50a3a".
       Tarea "ResolveAssemblyReference"
         TargetFrameworkMoniker:
             .NETCoreApp,Version=v7.0
         TargetFrameworkMonikerDisplayName:
             .NET 7.0
         TargetedRuntimeVersion:
             
         Assemblies:
             C:\Program Files\dotnet\packs\Microsoft.NETCore.App.Ref\7.0.20\ref/net7.0/Microsoft.CSharp.dll
                 Private = 'false'
             C:\Program Files\dotnet\packs\Microsoft.NETCore.App.Ref\7.0.20\ref/net7.0/Microsoft.VisualBasic.Core.dll
                 Private = 'false'
             C:\Program Files\dotnet\packs\Microsoft.NETCore.App.Ref\7.0.20\ref/net7.0/Microsoft.VisualBasic.dll
                 Private = 'false'
             C:\Program Files\dotnet\packs\Microsoft.NETCore.App.Ref\7.0.20\ref/net7.0/Microsoft.Win32.Primitives.dll
                 Private = 'false'
             C:\Program Files\dotnet\packs\Microsoft.NETCore.App.Ref\7.0.20\ref/net7.0/Microsoft.Win32.Registry.dll
                 Private = 'false'
             C:\Program Files\dotnet\packs\Microsoft.NETCore.App.Ref\7.0.20\ref/net7.0/System.AppContext.dll
                 Private = 'false'
             C:\Program Files\dotnet\packs\Microsoft.NETCore.App.Ref\7.0.20\ref/net7.0/System.Buffers.dll
                 Private = 'false'
             C:\Program Files\dotnet\packs\Microsoft.NETCore.App.Ref\7.0.20\ref/net7.0/System.Collections.Concurrent.dll
                 Private = 'false'
             C:\Program Files\dotnet\packs\Microsoft.NETCore.App.Ref\7.0.20\ref/net7.0/System.Collections.Immutable.dll
                 Private = 'false'
             C:\Program Files\dotnet\packs\Microsoft.NETCore.App.Ref\7.0.20\ref/net7.0/System.Collections.NonGeneric.dll
                 Private = 'false'
             C:\Program Files\dotnet\packs\Microsoft.NETCore.App.Ref\7.0.20\ref/net7.0/System.Collections.Specialized.dll
                 Private = 'false'
             C:\Program Files\dotnet\packs\Microsoft.NETCore.App.Ref\7.0.20\ref/net7.0/System.Collections.dll
                 Private = 'false'
             C:\Program Files\dotnet\packs\Microsoft.NETCore.App.Ref\7.0.20\ref/net7.0/System.ComponentModel.Annotations.dll
                 Private = 'false'
             C:\Program Files\dotnet\packs\Microsoft.NETCore.App.Ref\7.0.20\ref/net7.0/System.ComponentModel.DataAnnotations.dll
                 Private = 'false'
             C:\Program Files\dotnet\packs\Microsoft.NETCore.App.Ref\7.0.20\ref/net7.0/System.ComponentModel.EventBasedAsync.dll
                 Private = 'false'
             C:\Program Files\dotnet\packs\Microsoft.NETCore.App.Ref\7.0.20\ref/net7.0/System.ComponentModel.Primitives.dll
                 Private = 'false'
             C:\Program Files\dotnet\packs\Microsoft.NETCore.App.Ref\7.0.20\ref/net7.0/System.ComponentModel.TypeConverter.dll
                 Private = 'false'
             C:\Program Files\dotnet\packs\Microsoft.NETCore.App.Ref\7.0.20\ref/net7.0/System.ComponentModel.dll
                 Private = 'false'
             C:\Program Files\dotnet\packs\Microsoft.NETCore.App.Ref\7.0.20\ref/net7.0/System.Configuration.dll
                 Private = 'false'
             C:\Program Files\dotnet\packs\Microsoft.NETCore.App.Ref\7.0.20\ref/net7.0/System.Console.dll
                 Private = 'false'
             C:\Program Files\dotnet\packs\Microsoft.NETCore.App.Ref\7.0.20\ref/net7.0/System.Core.dll
                 Private = 'false'
             C:\Program Files\dotnet\packs\Microsoft.NETCore.App.Ref\7.0.20\ref/net7.0/System.Data.Common.dll
                 Private = 'false'
             C:\Program Files\dotnet\packs\Microsoft.NETCore.App.Ref\7.0.20\ref/net7.0/System.Data.DataSetExtensions.dll
                 Private = 'false'
             C:\Program Files\dotnet\packs\Microsoft.NETCore.App.Ref\7.0.20\ref/net7.0/System.Data.dll
                 Private = 'false'
             C:\Program Files\dotnet\packs\Microsoft.NETCore.App.Ref\7.0.20\ref/net7.0/System.Diagnostics.Contracts.dll
                 Private = 'false'
             C:\Program Files\dotnet\packs\Microsoft.NETCore.App.Ref\7.0.20\ref/net7.0/System.Diagnostics.Debug.dll
                 Private = 'false'
             C:\Program Files\dotnet\packs\Microsoft.NETCore.App.Ref\7.0.20\ref/net7.0/System.Diagnostics.DiagnosticSource.dll
                 Private = 'false'
             C:\Program Files\dotnet\packs\Microsoft.NETCore.App.Ref\7.0.20\ref/net7.0/System.Diagnostics.FileVersionInfo.dll
                 Private = 'false'
             C:\Program Files\dotnet\packs\Microsoft.NETCore.App.Ref\7.0.20\ref/net7.0/System.Diagnostics.Process.dll
                 Private = 'false'
             C:\Program Files\dotnet\packs\Microsoft.NETCore.App.Ref\7.0.20\ref/net7.0/System.Diagnostics.StackTrace.dll
                 Private = 'false'
             C:\Program Files\dotnet\packs\Microsoft.NETCore.App.Ref\7.0.20\ref/net7.0/System.Diagnostics.TextWriterTraceListener.dll
                 Private = 'false'
             C:\Program Files\dotnet\packs\Microsoft.NETCore.App.Ref\7.0.20\ref/net7.0/System.Diagnostics.Tools.dll
                 Private = 'false'
             C:\Program Files\dotnet\packs\Microsoft.NETCore.App.Ref\7.0.20\ref/net7.0/System.Diagnostics.TraceSource.dll
                 Private = 'false'
             C:\Program Files\dotnet\packs\Microsoft.NETCore.App.Ref\7.0.20\ref/net7.0/System.Diagnostics.Tracing.dll
                 Private = 'false'
             C:\Program Files\dotnet\packs\Microsoft.NETCore.App.Ref\7.0.20\ref/net7.0/System.Drawing.Primitives.dll
                 Private = 'false'
             C:\Program Files\dotnet\packs\Microsoft.NETCore.App.Ref\7.0.20\ref/net7.0/System.Drawing.dll
                 Private = 'false'
             C:\Program Files\dotnet\packs\Microsoft.NETCore.App.Ref\7.0.20\ref/net7.0/System.Dynamic.Runtime.dll
                 Private = 'false'
             C:\Program Files\dotnet\packs\Microsoft.NETCore.App.Ref\7.0.20\ref/net7.0/System.Formats.Asn1.dll
                 Private = 'false'
             C:\Program Files\dotnet\packs\Microsoft.NETCore.App.Ref\7.0.20\ref/net7.0/System.Formats.Tar.dll
                 Private = 'false'
             C:\Program Files\dotnet\packs\Microsoft.NETCore.App.Ref\7.0.20\ref/net7.0/System.Globalization.Calendars.dll
                 Private = 'false'
             C:\Program Files\dotnet\packs\Microsoft.NETCore.App.Ref\7.0.20\ref/net7.0/System.Globalization.Extensions.dll
                 Private = 'false'
             C:\Program Files\dotnet\packs\Microsoft.NETCore.App.Ref\7.0.20\ref/net7.0/System.Globalization.dll
                 Private = 'false'
             C:\Program Files\dotnet\packs\Microsoft.NETCore.App.Ref\7.0.20\ref/net7.0/System.IO.Compression.Brotli.dll
                 Private = 'false'
             C:\Program Files\dotnet\packs\Microsoft.NETCore.App.Ref\7.0.20\ref/net7.0/System.IO.Compression.FileSystem.dll
                 Private = 'false'
             C:\Program Files\dotnet\packs\Microsoft.NETCore.App.Ref\7.0.20\ref/net7.0/System.IO.Compression.ZipFile.dll
                 Private = 'false'
             C:\Program Files\dotnet\packs\Microsoft.NETCore.App.Ref\7.0.20\ref/net7.0/System.IO.Compression.dll
                 Private = 'false'
             C:\Program Files\dotnet\packs\Microsoft.NETCore.App.Ref\7.0.20\ref/net7.0/System.IO.FileSystem.AccessControl.dll
                 Private = 'false'
             C:\Program Files\dotnet\packs\Microsoft.NETCore.App.Ref\7.0.20\ref/net7.0/System.IO.FileSystem.DriveInfo.dll
                 Private = 'false'
             C:\Program Files\dotnet\packs\Microsoft.NETCore.App.Ref\7.0.20\ref/net7.0/System.IO.FileSystem.Primitives.dll
                 Private = 'false'
             C:\Program Files\dotnet\packs\Microsoft.NETCore.App.Ref\7.0.20\ref/net7.0/System.IO.FileSystem.Watcher.dll
                 Private = 'false'
             C:\Program Files\dotnet\packs\Microsoft.NETCore.App.Ref\7.0.20\ref/net7.0/System.IO.FileSystem.dll
                 Private = 'false'
             C:\Program Files\dotnet\packs\Microsoft.NETCore.App.Ref\7.0.20\ref/net7.0/System.IO.IsolatedStorage.dll
                 Private = 'false'
             C:\Program Files\dotnet\packs\Microsoft.NETCore.App.Ref\7.0.20\ref/net7.0/System.IO.MemoryMappedFiles.dll
                 Private = 'false'
             C:\Program Files\dotnet\packs\Microsoft.NETCore.App.Ref\7.0.20\ref/net7.0/System.IO.Pipes.AccessControl.dll
                 Private = 'false'
             C:\Program Files\dotnet\packs\Microsoft.NETCore.App.Ref\7.0.20\ref/net7.0/System.IO.Pipes.dll
                 Private = 'false'
             C:\Program Files\dotnet\packs\Microsoft.NETCore.App.Ref\7.0.20\ref/net7.0/System.IO.UnmanagedMemoryStream.dll
                 Private = 'false'
             C:\Program Files\dotnet\packs\Microsoft.NETCore.App.Ref\7.0.20\ref/net7.0/System.IO.dll
                 Private = 'false'
             C:\Program Files\dotnet\packs\Microsoft.NETCore.App.Ref\7.0.20\ref/net7.0/System.Linq.Expressions.dll
                 Private = 'false'
             C:\Program Files\dotnet\packs\Microsoft.NETCore.App.Ref\7.0.20\ref/net7.0/System.Linq.Parallel.dll
                 Private = 'false'
             C:\Program Files\dotnet\packs\Microsoft.NETCore.App.Ref\7.0.20\ref/net7.0/System.Linq.Queryable.dll
                 Private = 'false'
             C:\Program Files\dotnet\packs\Microsoft.NETCore.App.Ref\7.0.20\ref/net7.0/System.Linq.dll
                 Private = 'false'
             C:\Program Files\dotnet\packs\Microsoft.NETCore.App.Ref\7.0.20\ref/net7.0/System.Memory.dll
                 Private = 'false'
             C:\Program Files\dotnet\packs\Microsoft.NETCore.App.Ref\7.0.20\ref/net7.0/System.Net.Http.Json.dll
                 Private = 'false'
             C:\Program Files\dotnet\packs\Microsoft.NETCore.App.Ref\7.0.20\ref/net7.0/System.Net.Http.dll
                 Private = 'false'
             C:\Program Files\dotnet\packs\Microsoft.NETCore.App.Ref\7.0.20\ref/net7.0/System.Net.HttpListener.dll
                 Private = 'false'
             C:\Program Files\dotnet\packs\Microsoft.NETCore.App.Ref\7.0.20\ref/net7.0/System.Net.Mail.dll
                 Private = 'false'
             C:\Program Files\dotnet\packs\Microsoft.NETCore.App.Ref\7.0.20\ref/net7.0/System.Net.NameResolution.dll
                 Private = 'false'
             C:\Program Files\dotnet\packs\Microsoft.NETCore.App.Ref\7.0.20\ref/net7.0/System.Net.NetworkInformation.dll
                 Private = 'false'
             C:\Program Files\dotnet\packs\Microsoft.NETCore.App.Ref\7.0.20\ref/net7.0/System.Net.Ping.dll
                 Private = 'false'
             C:\Program Files\dotnet\packs\Microsoft.NETCore.App.Ref\7.0.20\ref/net7.0/System.Net.Primitives.dll
                 Private = 'false'
             C:\Program Files\dotnet\packs\Microsoft.NETCore.App.Ref\7.0.20\ref/net7.0/System.Net.Quic.dll
                 Private = 'false'
             C:\Program Files\dotnet\packs\Microsoft.NETCore.App.Ref\7.0.20\ref/net7.0/System.Net.Requests.dll
                 Private = 'false'
             C:\Program Files\dotnet\packs\Microsoft.NETCore.App.Ref\7.0.20\ref/net7.0/System.Net.Security.dll
                 Private = 'false'
             C:\Program Files\dotnet\packs\Microsoft.NETCore.App.Ref\7.0.20\ref/net7.0/System.Net.ServicePoint.dll
                 Private = 'false'
             C:\Program Files\dotnet\packs\Microsoft.NETCore.App.Ref\7.0.20\ref/net7.0/System.Net.Sockets.dll
                 Private = 'false'
             C:\Program Files\dotnet\packs\Microsoft.NETCore.App.Ref\7.0.20\ref/net7.0/System.Net.WebClient.dll
                 Private = 'false'
             C:\Program Files\dotnet\packs\Microsoft.NETCore.App.Ref\7.0.20\ref/net7.0/System.Net.WebHeaderCollection.dll
                 Private = 'false'
             C:\Program Files\dotnet\packs\Microsoft.NETCore.App.Ref\7.0.20\ref/net7.0/System.Net.WebProxy.dll
                 Private = 'false'
             C:\Program Files\dotnet\packs\Microsoft.NETCore.App.Ref\7.0.20\ref/net7.0/System.Net.WebSockets.Client.dll
                 Private = 'false'
             C:\Program Files\dotnet\packs\Microsoft.NETCore.App.Ref\7.0.20\ref/net7.0/System.Net.WebSockets.dll
                 Private = 'false'
             C:\Program Files\dotnet\packs\Microsoft.NETCore.App.Ref\7.0.20\ref/net7.0/System.Net.dll
                 Private = 'false'
             C:\Program Files\dotnet\packs\Microsoft.NETCore.App.Ref\7.0.20\ref/net7.0/System.Numerics.Vectors.dll
                 Private = 'false'
             C:\Program Files\dotnet\packs\Microsoft.NETCore.App.Ref\7.0.20\ref/net7.0/System.Numerics.dll
                 Private = 'false'
             C:\Program Files\dotnet\packs\Microsoft.NETCore.App.Ref\7.0.20\ref/net7.0/System.ObjectModel.dll
                 Private = 'false'
             C:\Program Files\dotnet\packs\Microsoft.NETCore.App.Ref\7.0.20\ref/net7.0/System.Reflection.DispatchProxy.dll
                 Private = 'false'
             C:\Program Files\dotnet\packs\Microsoft.NETCore.App.Ref\7.0.20\ref/net7.0/System.Reflection.Emit.ILGeneration.dll
                 Private = 'false'
             C:\Program Files\dotnet\packs\Microsoft.NETCore.App.Ref\7.0.20\ref/net7.0/System.Reflection.Emit.Lightweight.dll
                 Private = 'false'
             C:\Program Files\dotnet\packs\Microsoft.NETCore.App.Ref\7.0.20\ref/net7.0/System.Reflection.Emit.dll
                 Private = 'false'
             C:\Program Files\dotnet\packs\Microsoft.NETCore.App.Ref\7.0.20\ref/net7.0/System.Reflection.Extensions.dll
                 Private = 'false'
             C:\Program Files\dotnet\packs\Microsoft.NETCore.App.Ref\7.0.20\ref/net7.0/System.Reflection.Metadata.dll
                 Private = 'false'
             C:\Program Files\dotnet\packs\Microsoft.NETCore.App.Ref\7.0.20\ref/net7.0/System.Reflection.Primitives.dll
                 Private = 'false'
             C:\Program Files\dotnet\packs\Microsoft.NETCore.App.Ref\7.0.20\ref/net7.0/System.Reflection.TypeExtensions.dll
                 Private = 'false'
             C:\Program Files\dotnet\packs\Microsoft.NETCore.App.Ref\7.0.20\ref/net7.0/System.Reflection.dll
                 Private = 'false'
             C:\Program Files\dotnet\packs\Microsoft.NETCore.App.Ref\7.0.20\ref/net7.0/System.Resources.Reader.dll
                 Private = 'false'
             C:\Program Files\dotnet\packs\Microsoft.NETCore.App.Ref\7.0.20\ref/net7.0/System.Resources.ResourceManager.dll
                 Private = 'false'
             C:\Program Files\dotnet\packs\Microsoft.NETCore.App.Ref\7.0.20\ref/net7.0/System.Resources.Writer.dll
                 Private = 'false'
             C:\Program Files\dotnet\packs\Microsoft.NETCore.App.Ref\7.0.20\ref/net7.0/System.Runtime.CompilerServices.Unsafe.dll
                 Private = 'false'
             C:\Program Files\dotnet\packs\Microsoft.NETCore.App.Ref\7.0.20\ref/net7.0/System.Runtime.CompilerServices.VisualC.dll
                 Private = 'false'
             C:\Program Files\dotnet\packs\Microsoft.NETCore.App.Ref\7.0.20\ref/net7.0/System.Runtime.Extensions.dll
                 Private = 'false'
             C:\Program Files\dotnet\packs\Microsoft.NETCore.App.Ref\7.0.20\ref/net7.0/System.Runtime.Handles.dll
                 Private = 'false'
             C:\Program Files\dotnet\packs\Microsoft.NETCore.App.Ref\7.0.20\ref/net7.0/System.Runtime.InteropServices.JavaScript.dll
                 Private = 'false'
             C:\Program Files\dotnet\packs\Microsoft.NETCore.App.Ref\7.0.20\ref/net7.0/System.Runtime.InteropServices.RuntimeInformation.dll
                 Private = 'false'
             C:\Program Files\dotnet\packs\Microsoft.NETCore.App.Ref\7.0.20\ref/net7.0/System.Runtime.InteropServices.dll
                 Private = 'false'
             C:\Program Files\dotnet\packs\Microsoft.NETCore.App.Ref\7.0.20\ref/net7.0/System.Runtime.Intrinsics.dll
                 Private = 'false'
             C:\Program Files\dotnet\packs\Microsoft.NETCore.App.Ref\7.0.20\ref/net7.0/System.Runtime.Loader.dll
                 Private = 'false'
             C:\Program Files\dotnet\packs\Microsoft.NETCore.App.Ref\7.0.20\ref/net7.0/System.Runtime.Numerics.dll
                 Private = 'false'
             C:\Program Files\dotnet\packs\Microsoft.NETCore.App.Ref\7.0.20\ref/net7.0/System.Runtime.Serialization.Formatters.dll
                 Private = 'false'
             C:\Program Files\dotnet\packs\Microsoft.NETCore.App.Ref\7.0.20\ref/net7.0/System.Runtime.Serialization.Json.dll
                 Private = 'false'
             C:\Program Files\dotnet\packs\Microsoft.NETCore.App.Ref\7.0.20\ref/net7.0/System.Runtime.Serialization.Primitives.dll
                 Private = 'false'
             C:\Program Files\dotnet\packs\Microsoft.NETCore.App.Ref\7.0.20\ref/net7.0/System.Runtime.Serialization.Xml.dll
                 Private = 'false'
             C:\Program Files\dotnet\packs\Microsoft.NETCore.App.Ref\7.0.20\ref/net7.0/System.Runtime.Serialization.dll
                 Private = 'false'
             C:\Program Files\dotnet\packs\Microsoft.NETCore.App.Ref\7.0.20\ref/net7.0/System.Runtime.dll
                 Private = 'false'
             C:\Program Files\dotnet\packs\Microsoft.NETCore.App.Ref\7.0.20\ref/net7.0/System.Security.AccessControl.dll
                 Private = 'false'
             C:\Program Files\dotnet\packs\Microsoft.NETCore.App.Ref\7.0.20\ref/net7.0/System.Security.Claims.dll
                 Private = 'false'
             C:\Program Files\dotnet\packs\Microsoft.NETCore.App.Ref\7.0.20\ref/net7.0/System.Security.Cryptography.Algorithms.dll
                 Private = 'false'
             C:\Program Files\dotnet\packs\Microsoft.NETCore.App.Ref\7.0.20\ref/net7.0/System.Security.Cryptography.Cng.dll
                 Private = 'false'
             C:\Program Files\dotnet\packs\Microsoft.NETCore.App.Ref\7.0.20\ref/net7.0/System.Security.Cryptography.Csp.dll
                 Private = 'false'
             C:\Program Files\dotnet\packs\Microsoft.NETCore.App.Ref\7.0.20\ref/net7.0/System.Security.Cryptography.Encoding.dll
                 Private = 'false'
             C:\Program Files\dotnet\packs\Microsoft.NETCore.App.Ref\7.0.20\ref/net7.0/System.Security.Cryptography.OpenSsl.dll
                 Private = 'false'
             C:\Program Files\dotnet\packs\Microsoft.NETCore.App.Ref\7.0.20\ref/net7.0/System.Security.Cryptography.Primitives.dll
                 Private = 'false'
             C:\Program Files\dotnet\packs\Microsoft.NETCore.App.Ref\7.0.20\ref/net7.0/System.Security.Cryptography.X509Certificates.dll
                 Private = 'false'
             C:\Program Files\dotnet\packs\Microsoft.NETCore.App.Ref\7.0.20\ref/net7.0/System.Security.Cryptography.dll
                 Private = 'false'
             C:\Program Files\dotnet\packs\Microsoft.NETCore.App.Ref\7.0.20\ref/net7.0/System.Security.Principal.Windows.dll
                 Private = 'false'
             C:\Program Files\dotnet\packs\Microsoft.NETCore.App.Ref\7.0.20\ref/net7.0/System.Security.Principal.dll
                 Private = 'false'
             C:\Program Files\dotnet\packs\Microsoft.NETCore.App.Ref\7.0.20\ref/net7.0/System.Security.SecureString.dll
                 Private = 'false'
             C:\Program Files\dotnet\packs\Microsoft.NETCore.App.Ref\7.0.20\ref/net7.0/System.Security.dll
                 Private = 'false'
             C:\Program Files\dotnet\packs\Microsoft.NETCore.App.Ref\7.0.20\ref/net7.0/System.ServiceModel.Web.dll
                 Private = 'false'
             C:\Program Files\dotnet\packs\Microsoft.NETCore.App.Ref\7.0.20\ref/net7.0/System.ServiceProcess.dll
                 Private = 'false'
             C:\Program Files\dotnet\packs\Microsoft.NETCore.App.Ref\7.0.20\ref/net7.0/System.Text.Encoding.CodePages.dll
                 Private = 'false'
             C:\Program Files\dotnet\packs\Microsoft.NETCore.App.Ref\7.0.20\ref/net7.0/System.Text.Encoding.Extensions.dll
                 Private = 'false'
             C:\Program Files\dotnet\packs\Microsoft.NETCore.App.Ref\7.0.20\ref/net7.0/System.Text.Encoding.dll
                 Private = 'false'
             C:\Program Files\dotnet\packs\Microsoft.NETCore.App.Ref\7.0.20\ref/net7.0/System.Text.Encodings.Web.dll
                 Private = 'false'
             C:\Program Files\dotnet\packs\Microsoft.NETCore.App.Ref\7.0.20\ref/net7.0/System.Text.Json.dll
                 Private = 'false'
             C:\Program Files\dotnet\packs\Microsoft.NETCore.App.Ref\7.0.20\ref/net7.0/System.Text.RegularExpressions.dll
                 Private = 'false'
             C:\Program Files\dotnet\packs\Microsoft.NETCore.App.Ref\7.0.20\ref/net7.0/System.Threading.Channels.dll
                 Private = 'false'
             C:\Program Files\dotnet\packs\Microsoft.NETCore.App.Ref\7.0.20\ref/net7.0/System.Threading.Overlapped.dll
                 Private = 'false'
             C:\Program Files\dotnet\packs\Microsoft.NETCore.App.Ref\7.0.20\ref/net7.0/System.Threading.Tasks.Dataflow.dll
                 Private = 'false'
             C:\Program Files\dotnet\packs\Microsoft.NETCore.App.Ref\7.0.20\ref/net7.0/System.Threading.Tasks.Extensions.dll
                 Private = 'false'
             C:\Program Files\dotnet\packs\Microsoft.NETCore.App.Ref\7.0.20\ref/net7.0/System.Threading.Tasks.Parallel.dll
                 Private = 'false'
             C:\Program Files\dotnet\packs\Microsoft.NETCore.App.Ref\7.0.20\ref/net7.0/System.Threading.Tasks.dll
                 Private = 'false'
             C:\Program Files\dotnet\packs\Microsoft.NETCore.App.Ref\7.0.20\ref/net7.0/System.Threading.Thread.dll
                 Private = 'false'
             C:\Program Files\dotnet\packs\Microsoft.NETCore.App.Ref\7.0.20\ref/net7.0/System.Threading.ThreadPool.dll
                 Private = 'false'
             C:\Program Files\dotnet\packs\Microsoft.NETCore.App.Ref\7.0.20\ref/net7.0/System.Threading.Timer.dll
                 Private = 'false'
             C:\Program Files\dotnet\packs\Microsoft.NETCore.App.Ref\7.0.20\ref/net7.0/System.Threading.dll
                 Private = 'false'
             C:\Program Files\dotnet\packs\Microsoft.NETCore.App.Ref\7.0.20\ref/net7.0/System.Transactions.Local.dll
                 Private = 'false'
             C:\Program Files\dotnet\packs\Microsoft.NETCore.App.Ref\7.0.20\ref/net7.0/System.Transactions.dll
                 Private = 'false'
             C:\Program Files\dotnet\packs\Microsoft.NETCore.App.Ref\7.0.20\ref/net7.0/System.ValueTuple.dll
                 Private = 'false'
             C:\Program Files\dotnet\packs\Microsoft.NETCore.App.Ref\7.0.20\ref/net7.0/System.Web.HttpUtility.dll
                 Private = 'false'
             C:\Program Files\dotnet\packs\Microsoft.NETCore.App.Ref\7.0.20\ref/net7.0/System.Web.dll
                 Private = 'false'
             C:\Program Files\dotnet\packs\Microsoft.NETCore.App.Ref\7.0.20\ref/net7.0/System.Windows.dll
                 Private = 'false'
             C:\Program Files\dotnet\packs\Microsoft.NETCore.App.Ref\7.0.20\ref/net7.0/System.Xml.Linq.dll
                 Private = 'false'
             C:\Program Files\dotnet\packs\Microsoft.NETCore.App.Ref\7.0.20\ref/net7.0/System.Xml.ReaderWriter.dll
                 Private = 'false'
             C:\Program Files\dotnet\packs\Microsoft.NETCore.App.Ref\7.0.20\ref/net7.0/System.Xml.Serialization.dll
                 Private = 'false'
             C:\Program Files\dotnet\packs\Microsoft.NETCore.App.Ref\7.0.20\ref/net7.0/System.Xml.XDocument.dll
                 Private = 'false'
             C:\Program Files\dotnet\packs\Microsoft.NETCore.App.Ref\7.0.20\ref/net7.0/System.Xml.XPath.XDocument.dll
                 Private = 'false'
             C:\Program Files\dotnet\packs\Microsoft.NETCore.App.Ref\7.0.20\ref/net7.0/System.Xml.XPath.dll
                 Private = 'false'
             C:\Program Files\dotnet\packs\Microsoft.NETCore.App.Ref\7.0.20\ref/net7.0/System.Xml.XmlDocument.dll
                 Private = 'false'
             C:\Program Files\dotnet\packs\Microsoft.NETCore.App.Ref\7.0.20\ref/net7.0/System.Xml.XmlSerializer.dll
                 Private = 'false'
             C:\Program Files\dotnet\packs\Microsoft.NETCore.App.Ref\7.0.20\ref/net7.0/System.Xml.dll
                 Private = 'false'
             C:\Program Files\dotnet\packs\Microsoft.NETCore.App.Ref\7.0.20\ref/net7.0/System.dll
                 Private = 'false'
             C:\Program Files\dotnet\packs\Microsoft.NETCore.App.Ref\7.0.20\ref/net7.0/mscorlib.dll
                 Private = 'false'
             C:\Program Files\dotnet\packs\Microsoft.NETCore.App.Ref\7.0.20\ref/net7.0/netstandard.dll
                 Private = 'false'
             C:\Program Files\dotnet\packs\Microsoft.WindowsDesktop.App.Ref\7.0.20\ref/net7.0/Accessibility.dll
                 Private = 'false'
             C:\Program Files\dotnet\packs\Microsoft.WindowsDesktop.App.Ref\7.0.20\ref/net7.0/Microsoft.Win32.Registry.AccessControl.dll
                 Private = 'false'
             C:\Program Files\dotnet\packs\Microsoft.WindowsDesktop.App.Ref\7.0.20\ref/net7.0/Microsoft.Win32.SystemEvents.dll
                 Private = 'false'
             C:\Program Files\dotnet\packs\Microsoft.WindowsDesktop.App.Ref\7.0.20\ref/net7.0/PresentationCore.dll
                 Private = 'false'
             C:\Program Files\dotnet\packs\Microsoft.WindowsDesktop.App.Ref\7.0.20\ref/net7.0/PresentationFramework.Aero.dll
                 Private = 'false'
             C:\Program Files\dotnet\packs\Microsoft.WindowsDesktop.App.Ref\7.0.20\ref/net7.0/PresentationFramework.Aero2.dll
                 Private = 'false'
             C:\Program Files\dotnet\packs\Microsoft.WindowsDesktop.App.Ref\7.0.20\ref/net7.0/PresentationFramework.AeroLite.dll
                 Private = 'false'
             C:\Program Files\dotnet\packs\Microsoft.WindowsDesktop.App.Ref\7.0.20\ref/net7.0/PresentationFramework.Classic.dll
                 Private = 'false'
             C:\Program Files\dotnet\packs\Microsoft.WindowsDesktop.App.Ref\7.0.20\ref/net7.0/PresentationFramework.Luna.dll
                 Private = 'false'
             C:\Program Files\dotnet\packs\Microsoft.WindowsDesktop.App.Ref\7.0.20\ref/net7.0/PresentationFramework.Royale.dll
                 Private = 'false'
             C:\Program Files\dotnet\packs\Microsoft.WindowsDesktop.App.Ref\7.0.20\ref/net7.0/PresentationFramework.dll
                 Private = 'false'
             C:\Program Files\dotnet\packs\Microsoft.WindowsDesktop.App.Ref\7.0.20\ref/net7.0/PresentationUI.dll
                 Private = 'false'
             C:\Program Files\dotnet\packs\Microsoft.WindowsDesktop.App.Ref\7.0.20\ref/net7.0/ReachFramework.dll
                 Private = 'false'
             C:\Program Files\dotnet\packs\Microsoft.WindowsDesktop.App.Ref\7.0.20\ref/net7.0/System.CodeDom.dll
                 Private = 'false'
             C:\Program Files\dotnet\packs\Microsoft.WindowsDesktop.App.Ref\7.0.20\ref/net7.0/System.Configuration.ConfigurationManager.dll
                 Private = 'false'
             C:\Program Files\dotnet\packs\Microsoft.WindowsDesktop.App.Ref\7.0.20\ref/net7.0/System.Diagnostics.EventLog.dll
                 Private = 'false'
             C:\Program Files\dotnet\packs\Microsoft.WindowsDesktop.App.Ref\7.0.20\ref/net7.0/System.Diagnostics.PerformanceCounter.dll
                 Private = 'false'
             C:\Program Files\dotnet\packs\Microsoft.WindowsDesktop.App.Ref\7.0.20\ref/net7.0/System.DirectoryServices.dll
                 Private = 'false'
             C:\Program Files\dotnet\packs\Microsoft.WindowsDesktop.App.Ref\7.0.20\ref/net7.0/System.IO.Packaging.dll
                 Private = 'false'
             C:\Program Files\dotnet\packs\Microsoft.WindowsDesktop.App.Ref\7.0.20\ref/net7.0/System.Printing.dll
                 Private = 'false'
             C:\Program Files\dotnet\packs\Microsoft.WindowsDesktop.App.Ref\7.0.20\ref/net7.0/System.Resources.Extensions.dll
                 Private = 'false'
             C:\Program Files\dotnet\packs\Microsoft.WindowsDesktop.App.Ref\7.0.20\ref/net7.0/System.Security.Cryptography.Pkcs.dll
                 Private = 'false'
             C:\Program Files\dotnet\packs\Microsoft.WindowsDesktop.App.Ref\7.0.20\ref/net7.0/System.Security.Cryptography.ProtectedData.dll
                 Private = 'false'
             C:\Program Files\dotnet\packs\Microsoft.WindowsDesktop.App.Ref\7.0.20\ref/net7.0/System.Security.Cryptography.Xml.dll
                 Private = 'false'
             C:\Program Files\dotnet\packs\Microsoft.WindowsDesktop.App.Ref\7.0.20\ref/net7.0/System.Security.Permissions.dll
                 Private = 'false'
             C:\Program Files\dotnet\packs\Microsoft.WindowsDesktop.App.Ref\7.0.20\ref/net7.0/System.Threading.AccessControl.dll
                 Private = 'false'
             C:\Program Files\dotnet\packs\Microsoft.WindowsDesktop.App.Ref\7.0.20\ref/net7.0/System.Windows.Controls.Ribbon.dll
                 Private = 'false'
             C:\Program Files\dotnet\packs\Microsoft.WindowsDesktop.App.Ref\7.0.20\ref/net7.0/System.Windows.Extensions.dll
                 Private = 'false'
             C:\Program Files\dotnet\packs\Microsoft.WindowsDesktop.App.Ref\7.0.20\ref/net7.0/System.Windows.Input.Manipulations.dll
                 Private = 'false'
             C:\Program Files\dotnet\packs\Microsoft.WindowsDesktop.App.Ref\7.0.20\ref/net7.0/System.Windows.Presentation.dll
                 Private = 'false'
             C:\Program Files\dotnet\packs\Microsoft.WindowsDesktop.App.Ref\7.0.20\ref/net7.0/System.Xaml.dll
                 Private = 'false'
             C:\Program Files\dotnet\packs\Microsoft.WindowsDesktop.App.Ref\7.0.20\ref/net7.0/UIAutomationClient.dll
                 Private = 'false'
             C:\Program Files\dotnet\packs\Microsoft.WindowsDesktop.App.Ref\7.0.20\ref/net7.0/UIAutomationClientSideProviders.dll
                 Private = 'false'
             C:\Program Files\dotnet\packs\Microsoft.WindowsDesktop.App.Ref\7.0.20\ref/net7.0/UIAutomationProvider.dll
                 Private = 'false'
             C:\Program Files\dotnet\packs\Microsoft.WindowsDesktop.App.Ref\7.0.20\ref/net7.0/UIAutomationTypes.dll
                 Private = 'false'
             C:\Program Files\dotnet\packs\Microsoft.WindowsDesktop.App.Ref\7.0.20\ref/net7.0/WindowsBase.dll
                 Private = 'false'
         AssemblyFiles:
         CandidateAssemblyFiles:
         TargetFrameworkDirectories:
             
         InstalledAssemblyTables:
         IgnoreInstalledAssemblyTable:
             False
         SearchPaths:
             {CandidateAssemblyFiles}
             {HintPathFromItem}
             {TargetFrameworkDirectory}
             {RawFileName}
         AllowedAssemblyExtensions:
             .winmd
             .dll
             .exe
         AllowedRelatedFileExtensions:
             .pdb
             .xml
             .pri
             .dll.config
             .exe.config
         AppConfigFile:
             
         AutoUnify:
             True
         CopyLocalDependenciesWhenParentReferenceInGac:
             True
         FindDependencies:
             True
         TargetProcessorArchitecture:
             msil
         StateFile:
             obj\Debug\net7.0-windows\OptimizadorAdmin.csproj.AssemblyReference.cache
         InstalledAssemblySubsetTables:
         IgnoreInstalledAssemblySubsetTable:
             False
         TargetFrameworkSubsets:
         FullTargetFrameworkSubsetNames:
             Full
         ProfileName:
             
         FullFrameworkFolders:
         LatestTargetFrameworkDirectories:
         ProfileTablesLocation:
         Referencia principal "Microsoft.CSharp, Version=7.0.0.0, Culture=neutral, PublicKeyToken=b03f5f7f11d50a3a".
             La ruta de acceso del archivo resuelta es "C:\Program Files\dotnet\packs\Microsoft.NETCore.App.Ref\7.0.20\ref\net7.0\Microsoft.CSharp.dll".
             Se encontró una referencia en la ubicación de ruta de acceso de búsqueda "{RawFileName}".
             Esta referencia no es "CopyLocal" porque existe al menos un elemento de origen con "Private" establecido en "false" y ningún elemento de origen con "Private" establecido en "true".
         Referencia principal "Microsoft.VisualBasic.Core, Version=12.0.0.0, Culture=neutral, PublicKeyToken=b03f5f7f11d50a3a".
             La ruta de acceso del archivo resuelta es "C:\Program Files\dotnet\packs\Microsoft.NETCore.App.Ref\7.0.20\ref\net7.0\Microsoft.VisualBasic.Core.dll".
             Se encontró una referencia en la ubicación de ruta de acceso de búsqueda "{RawFileName}".
             Esta referencia no es "CopyLocal" porque existe al menos un elemento de origen con "Private" establecido en "false" y ningún elemento de origen con "Private" establecido en "true".
         Referencia principal "Microsoft.VisualBasic, Version=10.0.0.0, Culture=neutral, PublicKeyToken=b03f5f7f11d50a3a".
             La ruta de acceso del archivo resuelta es "C:\Program Files\dotnet\packs\Microsoft.NETCore.App.Ref\7.0.20\ref\net7.0\Microsoft.VisualBasic.dll".
             Se encontró una referencia en la ubicación de ruta de acceso de búsqueda "{RawFileName}".
             Esta referencia no es "CopyLocal" porque existe al menos un elemento de origen con "Private" establecido en "false" y ningún elemento de origen con "Private" establecido en "true".
         Referencia principal "Microsoft.Win32.Primitives, Version=7.0.0.0, Culture=neutral, PublicKeyToken=b03f5f7f11d50a3a".
             La ruta de acceso del archivo resuelta es "C:\Program Files\dotnet\packs\Microsoft.NETCore.App.Ref\7.0.20\ref\net7.0\Microsoft.Win32.Primitives.dll".
             Se encontró una referencia en la ubicación de ruta de acceso de búsqueda "{RawFileName}".
             Esta referencia no es "CopyLocal" porque existe al menos un elemento de origen con "Private" establecido en "false" y ningún elemento de origen con "Private" establecido en "true".
         Referencia principal "Microsoft.Win32.Registry, Version=7.0.0.0, Culture=neutral, PublicKeyToken=b03f5f7f11d50a3a".
             La ruta de acceso del archivo resuelta es "C:\Program Files\dotnet\packs\Microsoft.NETCore.App.Ref\7.0.20\ref\net7.0\Microsoft.Win32.Registry.dll".
             Se encontró una referencia en la ubicación de ruta de acceso de búsqueda "{RawFileName}".
             Esta referencia no es "CopyLocal" porque existe al menos un elemento de origen con "Private" establecido en "false" y ningún elemento de origen con "Private" establecido en "true".
         Referencia principal "System.AppContext, Version=7.0.0.0, Culture=neutral, PublicKeyToken=b03f5f7f11d50a3a".
             La ruta de acceso del archivo resuelta es "C:\Program Files\dotnet\packs\Microsoft.NETCore.App.Ref\7.0.20\ref\net7.0\System.AppContext.dll".
             Se encontró una referencia en la ubicación de ruta de acceso de búsqueda "{RawFileName}".
             Esta referencia no es "CopyLocal" porque existe al menos un elemento de origen con "Private" establecido en "false" y ningún elemento de origen con "Private" establecido en "true".
         Referencia principal "System.Buffers, Version=7.0.0.0, Culture=neutral, PublicKeyToken=cc7b13ffcd2ddd51".
             La ruta de acceso del archivo resuelta es "C:\Program Files\dotnet\packs\Microsoft.NETCore.App.Ref\7.0.20\ref\net7.0\System.Buffers.dll".
             Se encontró una referencia en la ubicación de ruta de acceso de búsqueda "{RawFileName}".
             Esta referencia no es "CopyLocal" porque existe al menos un elemento de origen con "Private" establecido en "false" y ningún elemento de origen con "Private" establecido en "true".
         Referencia principal "System.Collections.Concurrent, Version=7.0.0.0, Culture=neutral, PublicKeyToken=b03f5f7f11d50a3a".
             La ruta de acceso del archivo resuelta es "C:\Program Files\dotnet\packs\Microsoft.NETCore.App.Ref\7.0.20\ref\net7.0\System.Collections.Concurrent.dll".
             Se encontró una referencia en la ubicación de ruta de acceso de búsqueda "{RawFileName}".
             Esta referencia no es "CopyLocal" porque existe al menos un elemento de origen con "Private" establecido en "false" y ningún elemento de origen con "Private" establecido en "true".
         Referencia principal "System.Collections.Immutable, Version=7.0.0.0, Culture=neutral, PublicKeyToken=b03f5f7f11d50a3a".
             La ruta de acceso del archivo resuelta es "C:\Program Files\dotnet\packs\Microsoft.NETCore.App.Ref\7.0.20\ref\net7.0\System.Collections.Immutable.dll".
             Se encontró una referencia en la ubicación de ruta de acceso de búsqueda "{RawFileName}".
             Esta referencia no es "CopyLocal" porque existe al menos un elemento de origen con "Private" establecido en "false" y ningún elemento de origen con "Private" establecido en "true".
         Referencia principal "System.Collections.NonGeneric, Version=7.0.0.0, Culture=neutral, PublicKeyToken=b03f5f7f11d50a3a".
             La ruta de acceso del archivo resuelta es "C:\Program Files\dotnet\packs\Microsoft.NETCore.App.Ref\7.0.20\ref\net7.0\System.Collections.NonGeneric.dll".
             Se encontró una referencia en la ubicación de ruta de acceso de búsqueda "{RawFileName}".
             Esta referencia no es "CopyLocal" porque existe al menos un elemento de origen con "Private" establecido en "false" y ningún elemento de origen con "Private" establecido en "true".
         Referencia principal "System.Collections.Specialized, Version=7.0.0.0, Culture=neutral, PublicKeyToken=b03f5f7f11d50a3a".
             La ruta de acceso del archivo resuelta es "C:\Program Files\dotnet\packs\Microsoft.NETCore.App.Ref\7.0.20\ref\net7.0\System.Collections.Specialized.dll".
             Se encontró una referencia en la ubicación de ruta de acceso de búsqueda "{RawFileName}".
             Esta referencia no es "CopyLocal" porque existe al menos un elemento de origen con "Private" establecido en "false" y ningún elemento de origen con "Private" establecido en "true".
         Referencia principal "System.Collections, Version=7.0.0.0, Culture=neutral, PublicKeyToken=b03f5f7f11d50a3a".
             La ruta de acceso del archivo resuelta es "C:\Program Files\dotnet\packs\Microsoft.NETCore.App.Ref\7.0.20\ref\net7.0\System.Collections.dll".
             Se encontró una referencia en la ubicación de ruta de acceso de búsqueda "{RawFileName}".
             Esta referencia no es "CopyLocal" porque existe al menos un elemento de origen con "Private" establecido en "false" y ningún elemento de origen con "Private" establecido en "true".
         Referencia principal "System.ComponentModel.Annotations, Version=7.0.0.0, Culture=neutral, PublicKeyToken=b03f5f7f11d50a3a".
             La ruta de acceso del archivo resuelta es "C:\Program Files\dotnet\packs\Microsoft.NETCore.App.Ref\7.0.20\ref\net7.0\System.ComponentModel.Annotations.dll".
             Se encontró una referencia en la ubicación de ruta de acceso de búsqueda "{RawFileName}".
             Esta referencia no es "CopyLocal" porque existe al menos un elemento de origen con "Private" establecido en "false" y ningún elemento de origen con "Private" establecido en "true".
         Referencia principal "System.ComponentModel.DataAnnotations, Version=4.0.0.0, Culture=neutral, PublicKeyToken=31bf3856ad364e35".
             La ruta de acceso del archivo resuelta es "C:\Program Files\dotnet\packs\Microsoft.NETCore.App.Ref\7.0.20\ref\net7.0\System.ComponentModel.DataAnnotations.dll".
             Se encontró una referencia en la ubicación de ruta de acceso de búsqueda "{RawFileName}".
             Esta referencia no es "CopyLocal" porque existe al menos un elemento de origen con "Private" establecido en "false" y ningún elemento de origen con "Private" establecido en "true".
         Referencia principal "System.ComponentModel.EventBasedAsync, Version=7.0.0.0, Culture=neutral, PublicKeyToken=b03f5f7f11d50a3a".
             La ruta de acceso del archivo resuelta es "C:\Program Files\dotnet\packs\Microsoft.NETCore.App.Ref\7.0.20\ref\net7.0\System.ComponentModel.EventBasedAsync.dll".
             Se encontró una referencia en la ubicación de ruta de acceso de búsqueda "{RawFileName}".
             Esta referencia no es "CopyLocal" porque existe al menos un elemento de origen con "Private" establecido en "false" y ningún elemento de origen con "Private" establecido en "true".
         Referencia principal "System.ComponentModel.Primitives, Version=7.0.0.0, Culture=neutral, PublicKeyToken=b03f5f7f11d50a3a".
             La ruta de acceso del archivo resuelta es "C:\Program Files\dotnet\packs\Microsoft.NETCore.App.Ref\7.0.20\ref\net7.0\System.ComponentModel.Primitives.dll".
             Se encontró una referencia en la ubicación de ruta de acceso de búsqueda "{RawFileName}".
             Esta referencia no es "CopyLocal" porque existe al menos un elemento de origen con "Private" establecido en "false" y ningún elemento de origen con "Private" establecido en "true".
         Referencia principal "System.ComponentModel.TypeConverter, Version=7.0.0.0, Culture=neutral, PublicKeyToken=b03f5f7f11d50a3a".
             La ruta de acceso del archivo resuelta es "C:\Program Files\dotnet\packs\Microsoft.NETCore.App.Ref\7.0.20\ref\net7.0\System.ComponentModel.TypeConverter.dll".
             Se encontró una referencia en la ubicación de ruta de acceso de búsqueda "{RawFileName}".
             Esta referencia no es "CopyLocal" porque existe al menos un elemento de origen con "Private" establecido en "false" y ningún elemento de origen con "Private" establecido en "true".
         Referencia principal "System.ComponentModel, Version=7.0.0.0, Culture=neutral, PublicKeyToken=b03f5f7f11d50a3a".
             La ruta de acceso del archivo resuelta es "C:\Program Files\dotnet\packs\Microsoft.NETCore.App.Ref\7.0.20\ref\net7.0\System.ComponentModel.dll".
             Se encontró una referencia en la ubicación de ruta de acceso de búsqueda "{RawFileName}".
             Esta referencia no es "CopyLocal" porque existe al menos un elemento de origen con "Private" establecido en "false" y ningún elemento de origen con "Private" establecido en "true".
         Referencia principal "System.Configuration, Version=4.0.0.0, Culture=neutral, PublicKeyToken=b03f5f7f11d50a3a".
             La ruta de acceso del archivo resuelta es "C:\Program Files\dotnet\packs\Microsoft.NETCore.App.Ref\7.0.20\ref\net7.0\System.Configuration.dll".
             Se encontró una referencia en la ubicación de ruta de acceso de búsqueda "{RawFileName}".
             Esta referencia no es "CopyLocal" porque existe al menos un elemento de origen con "Private" establecido en "false" y ningún elemento de origen con "Private" establecido en "true".
         Referencia principal "System.Console, Version=7.0.0.0, Culture=neutral, PublicKeyToken=b03f5f7f11d50a3a".
             La ruta de acceso del archivo resuelta es "C:\Program Files\dotnet\packs\Microsoft.NETCore.App.Ref\7.0.20\ref\net7.0\System.Console.dll".
             Se encontró una referencia en la ubicación de ruta de acceso de búsqueda "{RawFileName}".
             Esta referencia no es "CopyLocal" porque existe al menos un elemento de origen con "Private" establecido en "false" y ningún elemento de origen con "Private" establecido en "true".
         Referencia principal "System.Core, Version=4.0.0.0, Culture=neutral, PublicKeyToken=b77a5c561934e089".
             La ruta de acceso del archivo resuelta es "C:\Program Files\dotnet\packs\Microsoft.NETCore.App.Ref\7.0.20\ref\net7.0\System.Core.dll".
             Se encontró una referencia en la ubicación de ruta de acceso de búsqueda "{RawFileName}".
             Esta referencia no es "CopyLocal" porque existe al menos un elemento de origen con "Private" establecido en "false" y ningún elemento de origen con "Private" establecido en "true".
         Referencia principal "System.Data.Common, Version=7.0.0.0, Culture=neutral, PublicKeyToken=b03f5f7f11d50a3a".
             La ruta de acceso del archivo resuelta es "C:\Program Files\dotnet\packs\Microsoft.NETCore.App.Ref\7.0.20\ref\net7.0\System.Data.Common.dll".
             Se encontró una referencia en la ubicación de ruta de acceso de búsqueda "{RawFileName}".
             Esta referencia no es "CopyLocal" porque existe al menos un elemento de origen con "Private" establecido en "false" y ningún elemento de origen con "Private" establecido en "true".
         Referencia principal "System.Data.DataSetExtensions, Version=4.0.0.0, Culture=neutral, PublicKeyToken=b77a5c561934e089".
             La ruta de acceso del archivo resuelta es "C:\Program Files\dotnet\packs\Microsoft.NETCore.App.Ref\7.0.20\ref\net7.0\System.Data.DataSetExtensions.dll".
             Se encontró una referencia en la ubicación de ruta de acceso de búsqueda "{RawFileName}".
             Esta referencia no es "CopyLocal" porque existe al menos un elemento de origen con "Private" establecido en "false" y ningún elemento de origen con "Private" establecido en "true".
         Referencia principal "System.Data, Version=4.0.0.0, Culture=neutral, PublicKeyToken=b77a5c561934e089".
             La ruta de acceso del archivo resuelta es "C:\Program Files\dotnet\packs\Microsoft.NETCore.App.Ref\7.0.20\ref\net7.0\System.Data.dll".
             Se encontró una referencia en la ubicación de ruta de acceso de búsqueda "{RawFileName}".
             Esta referencia no es "CopyLocal" porque existe al menos un elemento de origen con "Private" establecido en "false" y ningún elemento de origen con "Private" establecido en "true".
         Referencia principal "System.Diagnostics.Contracts, Version=7.0.0.0, Culture=neutral, PublicKeyToken=b03f5f7f11d50a3a".
             La ruta de acceso del archivo resuelta es "C:\Program Files\dotnet\packs\Microsoft.NETCore.App.Ref\7.0.20\ref\net7.0\System.Diagnostics.Contracts.dll".
             Se encontró una referencia en la ubicación de ruta de acceso de búsqueda "{RawFileName}".
             Esta referencia no es "CopyLocal" porque existe al menos un elemento de origen con "Private" establecido en "false" y ningún elemento de origen con "Private" establecido en "true".
         Referencia principal "System.Diagnostics.Debug, Version=7.0.0.0, Culture=neutral, PublicKeyToken=b03f5f7f11d50a3a".
             La ruta de acceso del archivo resuelta es "C:\Program Files\dotnet\packs\Microsoft.NETCore.App.Ref\7.0.20\ref\net7.0\System.Diagnostics.Debug.dll".
             Se encontró una referencia en la ubicación de ruta de acceso de búsqueda "{RawFileName}".
             Esta referencia no es "CopyLocal" porque existe al menos un elemento de origen con "Private" establecido en "false" y ningún elemento de origen con "Private" establecido en "true".
         Referencia principal "System.Diagnostics.DiagnosticSource, Version=7.0.0.0, Culture=neutral, PublicKeyToken=cc7b13ffcd2ddd51".
             La ruta de acceso del archivo resuelta es "C:\Program Files\dotnet\packs\Microsoft.NETCore.App.Ref\7.0.20\ref\net7.0\System.Diagnostics.DiagnosticSource.dll".
             Se encontró una referencia en la ubicación de ruta de acceso de búsqueda "{RawFileName}".
             Esta referencia no es "CopyLocal" porque existe al menos un elemento de origen con "Private" establecido en "false" y ningún elemento de origen con "Private" establecido en "true".
         Referencia principal "System.Diagnostics.FileVersionInfo, Version=7.0.0.0, Culture=neutral, PublicKeyToken=b03f5f7f11d50a3a".
             La ruta de acceso del archivo resuelta es "C:\Program Files\dotnet\packs\Microsoft.NETCore.App.Ref\7.0.20\ref\net7.0\System.Diagnostics.FileVersionInfo.dll".
             Se encontró una referencia en la ubicación de ruta de acceso de búsqueda "{RawFileName}".
             Esta referencia no es "CopyLocal" porque existe al menos un elemento de origen con "Private" establecido en "false" y ningún elemento de origen con "Private" establecido en "true".
         Referencia principal "System.Diagnostics.Process, Version=7.0.0.0, Culture=neutral, PublicKeyToken=b03f5f7f11d50a3a".
             La ruta de acceso del archivo resuelta es "C:\Program Files\dotnet\packs\Microsoft.NETCore.App.Ref\7.0.20\ref\net7.0\System.Diagnostics.Process.dll".
             Se encontró una referencia en la ubicación de ruta de acceso de búsqueda "{RawFileName}".
             Esta referencia no es "CopyLocal" porque existe al menos un elemento de origen con "Private" establecido en "false" y ningún elemento de origen con "Private" establecido en "true".
         Referencia principal "System.Diagnostics.StackTrace, Version=7.0.0.0, Culture=neutral, PublicKeyToken=b03f5f7f11d50a3a".
             La ruta de acceso del archivo resuelta es "C:\Program Files\dotnet\packs\Microsoft.NETCore.App.Ref\7.0.20\ref\net7.0\System.Diagnostics.StackTrace.dll".
             Se encontró una referencia en la ubicación de ruta de acceso de búsqueda "{RawFileName}".
             Esta referencia no es "CopyLocal" porque existe al menos un elemento de origen con "Private" establecido en "false" y ningún elemento de origen con "Private" establecido en "true".
         Referencia principal "System.Diagnostics.TextWriterTraceListener, Version=7.0.0.0, Culture=neutral, PublicKeyToken=b03f5f7f11d50a3a".
             La ruta de acceso del archivo resuelta es "C:\Program Files\dotnet\packs\Microsoft.NETCore.App.Ref\7.0.20\ref\net7.0\System.Diagnostics.TextWriterTraceListener.dll".
             Se encontró una referencia en la ubicación de ruta de acceso de búsqueda "{RawFileName}".
             Esta referencia no es "CopyLocal" porque existe al menos un elemento de origen con "Private" establecido en "false" y ningún elemento de origen con "Private" establecido en "true".
         Referencia principal "System.Diagnostics.Tools, Version=7.0.0.0, Culture=neutral, PublicKeyToken=b03f5f7f11d50a3a".
             La ruta de acceso del archivo resuelta es "C:\Program Files\dotnet\packs\Microsoft.NETCore.App.Ref\7.0.20\ref\net7.0\System.Diagnostics.Tools.dll".
             Se encontró una referencia en la ubicación de ruta de acceso de búsqueda "{RawFileName}".
             Esta referencia no es "CopyLocal" porque existe al menos un elemento de origen con "Private" establecido en "false" y ningún elemento de origen con "Private" establecido en "true".
         Referencia principal "System.Diagnostics.TraceSource, Version=7.0.0.0, Culture=neutral, PublicKeyToken=b03f5f7f11d50a3a".
             La ruta de acceso del archivo resuelta es "C:\Program Files\dotnet\packs\Microsoft.NETCore.App.Ref\7.0.20\ref\net7.0\System.Diagnostics.TraceSource.dll".
             Se encontró una referencia en la ubicación de ruta de acceso de búsqueda "{RawFileName}".
             Esta referencia no es "CopyLocal" porque existe al menos un elemento de origen con "Private" establecido en "false" y ningún elemento de origen con "Private" establecido en "true".
         Referencia principal "System.Diagnostics.Tracing, Version=7.0.0.0, Culture=neutral, PublicKeyToken=b03f5f7f11d50a3a".
             La ruta de acceso del archivo resuelta es "C:\Program Files\dotnet\packs\Microsoft.NETCore.App.Ref\7.0.20\ref\net7.0\System.Diagnostics.Tracing.dll".
             Se encontró una referencia en la ubicación de ruta de acceso de búsqueda "{RawFileName}".
             Esta referencia no es "CopyLocal" porque existe al menos un elemento de origen con "Private" establecido en "false" y ningún elemento de origen con "Private" establecido en "true".
         Referencia principal "System.Drawing.Primitives, Version=7.0.0.0, Culture=neutral, PublicKeyToken=b03f5f7f11d50a3a".
             La ruta de acceso del archivo resuelta es "C:\Program Files\dotnet\packs\Microsoft.NETCore.App.Ref\7.0.20\ref\net7.0\System.Drawing.Primitives.dll".
             Se encontró una referencia en la ubicación de ruta de acceso de búsqueda "{RawFileName}".
             Esta referencia no es "CopyLocal" porque existe al menos un elemento de origen con "Private" establecido en "false" y ningún elemento de origen con "Private" establecido en "true".
         Referencia principal "System.Drawing, Version=4.0.0.0, Culture=neutral, PublicKeyToken=b03f5f7f11d50a3a".
             La ruta de acceso del archivo resuelta es "C:\Program Files\dotnet\packs\Microsoft.NETCore.App.Ref\7.0.20\ref\net7.0\System.Drawing.dll".
             Se encontró una referencia en la ubicación de ruta de acceso de búsqueda "{RawFileName}".
             Esta referencia no es "CopyLocal" porque existe al menos un elemento de origen con "Private" establecido en "false" y ningún elemento de origen con "Private" establecido en "true".
         Referencia principal "System.Dynamic.Runtime, Version=7.0.0.0, Culture=neutral, PublicKeyToken=b03f5f7f11d50a3a".
             La ruta de acceso del archivo resuelta es "C:\Program Files\dotnet\packs\Microsoft.NETCore.App.Ref\7.0.20\ref\net7.0\System.Dynamic.Runtime.dll".
             Se encontró una referencia en la ubicación de ruta de acceso de búsqueda "{RawFileName}".
             Esta referencia no es "CopyLocal" porque existe al menos un elemento de origen con "Private" establecido en "false" y ningún elemento de origen con "Private" establecido en "true".
         Referencia principal "System.Formats.Asn1, Version=7.0.0.0, Culture=neutral, PublicKeyToken=cc7b13ffcd2ddd51".
             La ruta de acceso del archivo resuelta es "C:\Program Files\dotnet\packs\Microsoft.NETCore.App.Ref\7.0.20\ref\net7.0\System.Formats.Asn1.dll".
             Se encontró una referencia en la ubicación de ruta de acceso de búsqueda "{RawFileName}".
             Esta referencia no es "CopyLocal" porque existe al menos un elemento de origen con "Private" establecido en "false" y ningún elemento de origen con "Private" establecido en "true".
         Referencia principal "System.Formats.Tar, Version=7.0.0.0, Culture=neutral, PublicKeyToken=cc7b13ffcd2ddd51".
             La ruta de acceso del archivo resuelta es "C:\Program Files\dotnet\packs\Microsoft.NETCore.App.Ref\7.0.20\ref\net7.0\System.Formats.Tar.dll".
             Se encontró una referencia en la ubicación de ruta de acceso de búsqueda "{RawFileName}".
             Esta referencia no es "CopyLocal" porque existe al menos un elemento de origen con "Private" establecido en "false" y ningún elemento de origen con "Private" establecido en "true".
         Referencia principal "System.Globalization.Calendars, Version=7.0.0.0, Culture=neutral, PublicKeyToken=b03f5f7f11d50a3a".
             La ruta de acceso del archivo resuelta es "C:\Program Files\dotnet\packs\Microsoft.NETCore.App.Ref\7.0.20\ref\net7.0\System.Globalization.Calendars.dll".
             Se encontró una referencia en la ubicación de ruta de acceso de búsqueda "{RawFileName}".
             Esta referencia no es "CopyLocal" porque existe al menos un elemento de origen con "Private" establecido en "false" y ningún elemento de origen con "Private" establecido en "true".
         Referencia principal "System.Globalization.Extensions, Version=7.0.0.0, Culture=neutral, PublicKeyToken=b03f5f7f11d50a3a".
             La ruta de acceso del archivo resuelta es "C:\Program Files\dotnet\packs\Microsoft.NETCore.App.Ref\7.0.20\ref\net7.0\System.Globalization.Extensions.dll".
             Se encontró una referencia en la ubicación de ruta de acceso de búsqueda "{RawFileName}".
             Esta referencia no es "CopyLocal" porque existe al menos un elemento de origen con "Private" establecido en "false" y ningún elemento de origen con "Private" establecido en "true".
         Referencia principal "System.Globalization, Version=7.0.0.0, Culture=neutral, PublicKeyToken=b03f5f7f11d50a3a".
             La ruta de acceso del archivo resuelta es "C:\Program Files\dotnet\packs\Microsoft.NETCore.App.Ref\7.0.20\ref\net7.0\System.Globalization.dll".
             Se encontró una referencia en la ubicación de ruta de acceso de búsqueda "{RawFileName}".
             Esta referencia no es "CopyLocal" porque existe al menos un elemento de origen con "Private" establecido en "false" y ningún elemento de origen con "Private" establecido en "true".
         Referencia principal "System.IO.Compression.Brotli, Version=7.0.0.0, Culture=neutral, PublicKeyToken=b77a5c561934e089".
             La ruta de acceso del archivo resuelta es "C:\Program Files\dotnet\packs\Microsoft.NETCore.App.Ref\7.0.20\ref\net7.0\System.IO.Compression.Brotli.dll".
             Se encontró una referencia en la ubicación de ruta de acceso de búsqueda "{RawFileName}".
             Esta referencia no es "CopyLocal" porque existe al menos un elemento de origen con "Private" establecido en "false" y ningún elemento de origen con "Private" establecido en "true".
         Referencia principal "System.IO.Compression.FileSystem, Version=4.0.0.0, Culture=neutral, PublicKeyToken=b77a5c561934e089".
             La ruta de acceso del archivo resuelta es "C:\Program Files\dotnet\packs\Microsoft.NETCore.App.Ref\7.0.20\ref\net7.0\System.IO.Compression.FileSystem.dll".
             Se encontró una referencia en la ubicación de ruta de acceso de búsqueda "{RawFileName}".
             Esta referencia no es "CopyLocal" porque existe al menos un elemento de origen con "Private" establecido en "false" y ningún elemento de origen con "Private" establecido en "true".
         Referencia principal "System.IO.Compression.ZipFile, Version=7.0.0.0, Culture=neutral, PublicKeyToken=b77a5c561934e089".
             La ruta de acceso del archivo resuelta es "C:\Program Files\dotnet\packs\Microsoft.NETCore.App.Ref\7.0.20\ref\net7.0\System.IO.Compression.ZipFile.dll".
             Se encontró una referencia en la ubicación de ruta de acceso de búsqueda "{RawFileName}".
             Esta referencia no es "CopyLocal" porque existe al menos un elemento de origen con "Private" establecido en "false" y ningún elemento de origen con "Private" establecido en "true".
         Referencia principal "System.IO.Compression, Version=7.0.0.0, Culture=neutral, PublicKeyToken=b77a5c561934e089".
             La ruta de acceso del archivo resuelta es "C:\Program Files\dotnet\packs\Microsoft.NETCore.App.Ref\7.0.20\ref\net7.0\System.IO.Compression.dll".
             Se encontró una referencia en la ubicación de ruta de acceso de búsqueda "{RawFileName}".
             Esta referencia no es "CopyLocal" porque existe al menos un elemento de origen con "Private" establecido en "false" y ningún elemento de origen con "Private" establecido en "true".
         Referencia principal "System.IO.FileSystem.AccessControl, Version=7.0.0.0, Culture=neutral, PublicKeyToken=b03f5f7f11d50a3a".
             La ruta de acceso del archivo resuelta es "C:\Program Files\dotnet\packs\Microsoft.NETCore.App.Ref\7.0.20\ref\net7.0\System.IO.FileSystem.AccessControl.dll".
             Se encontró una referencia en la ubicación de ruta de acceso de búsqueda "{RawFileName}".
             Esta referencia no es "CopyLocal" porque existe al menos un elemento de origen con "Private" establecido en "false" y ningún elemento de origen con "Private" establecido en "true".
         Referencia principal "System.IO.FileSystem.DriveInfo, Version=7.0.0.0, Culture=neutral, PublicKeyToken=b03f5f7f11d50a3a".
             La ruta de acceso del archivo resuelta es "C:\Program Files\dotnet\packs\Microsoft.NETCore.App.Ref\7.0.20\ref\net7.0\System.IO.FileSystem.DriveInfo.dll".
             Se encontró una referencia en la ubicación de ruta de acceso de búsqueda "{RawFileName}".
             Esta referencia no es "CopyLocal" porque existe al menos un elemento de origen con "Private" establecido en "false" y ningún elemento de origen con "Private" establecido en "true".
         Referencia principal "System.IO.FileSystem.Primitives, Version=7.0.0.0, Culture=neutral, PublicKeyToken=b03f5f7f11d50a3a".
             La ruta de acceso del archivo resuelta es "C:\Program Files\dotnet\packs\Microsoft.NETCore.App.Ref\7.0.20\ref\net7.0\System.IO.FileSystem.Primitives.dll".
             Se encontró una referencia en la ubicación de ruta de acceso de búsqueda "{RawFileName}".
             Esta referencia no es "CopyLocal" porque existe al menos un elemento de origen con "Private" establecido en "false" y ningún elemento de origen con "Private" establecido en "true".
         Referencia principal "System.IO.FileSystem.Watcher, Version=7.0.0.0, Culture=neutral, PublicKeyToken=b03f5f7f11d50a3a".
             La ruta de acceso del archivo resuelta es "C:\Program Files\dotnet\packs\Microsoft.NETCore.App.Ref\7.0.20\ref\net7.0\System.IO.FileSystem.Watcher.dll".
             Se encontró una referencia en la ubicación de ruta de acceso de búsqueda "{RawFileName}".
             Esta referencia no es "CopyLocal" porque existe al menos un elemento de origen con "Private" establecido en "false" y ningún elemento de origen con "Private" establecido en "true".
         Referencia principal "System.IO.FileSystem, Version=7.0.0.0, Culture=neutral, PublicKeyToken=b03f5f7f11d50a3a".
             La ruta de acceso del archivo resuelta es "C:\Program Files\dotnet\packs\Microsoft.NETCore.App.Ref\7.0.20\ref\net7.0\System.IO.FileSystem.dll".
             Se encontró una referencia en la ubicación de ruta de acceso de búsqueda "{RawFileName}".
             Esta referencia no es "CopyLocal" porque existe al menos un elemento de origen con "Private" establecido en "false" y ningún elemento de origen con "Private" establecido en "true".
         Referencia principal "System.IO.IsolatedStorage, Version=7.0.0.0, Culture=neutral, PublicKeyToken=b03f5f7f11d50a3a".
             La ruta de acceso del archivo resuelta es "C:\Program Files\dotnet\packs\Microsoft.NETCore.App.Ref\7.0.20\ref\net7.0\System.IO.IsolatedStorage.dll".
             Se encontró una referencia en la ubicación de ruta de acceso de búsqueda "{RawFileName}".
             Esta referencia no es "CopyLocal" porque existe al menos un elemento de origen con "Private" establecido en "false" y ningún elemento de origen con "Private" establecido en "true".
         Referencia principal "System.IO.MemoryMappedFiles, Version=7.0.0.0, Culture=neutral, PublicKeyToken=b03f5f7f11d50a3a".
             La ruta de acceso del archivo resuelta es "C:\Program Files\dotnet\packs\Microsoft.NETCore.App.Ref\7.0.20\ref\net7.0\System.IO.MemoryMappedFiles.dll".
             Se encontró una referencia en la ubicación de ruta de acceso de búsqueda "{RawFileName}".
             Esta referencia no es "CopyLocal" porque existe al menos un elemento de origen con "Private" establecido en "false" y ningún elemento de origen con "Private" establecido en "true".
         Referencia principal "System.IO.Pipes.AccessControl, Version=7.0.0.0, Culture=neutral, PublicKeyToken=b03f5f7f11d50a3a".
             La ruta de acceso del archivo resuelta es "C:\Program Files\dotnet\packs\Microsoft.NETCore.App.Ref\7.0.20\ref\net7.0\System.IO.Pipes.AccessControl.dll".
             Se encontró una referencia en la ubicación de ruta de acceso de búsqueda "{RawFileName}".
             Esta referencia no es "CopyLocal" porque existe al menos un elemento de origen con "Private" establecido en "false" y ningún elemento de origen con "Private" establecido en "true".
         Referencia principal "System.IO.Pipes, Version=7.0.0.0, Culture=neutral, PublicKeyToken=b03f5f7f11d50a3a".
             La ruta de acceso del archivo resuelta es "C:\Program Files\dotnet\packs\Microsoft.NETCore.App.Ref\7.0.20\ref\net7.0\System.IO.Pipes.dll".
             Se encontró una referencia en la ubicación de ruta de acceso de búsqueda "{RawFileName}".
             Esta referencia no es "CopyLocal" porque existe al menos un elemento de origen con "Private" establecido en "false" y ningún elemento de origen con "Private" establecido en "true".
         Referencia principal "System.IO.UnmanagedMemoryStream, Version=7.0.0.0, Culture=neutral, PublicKeyToken=b03f5f7f11d50a3a".
             La ruta de acceso del archivo resuelta es "C:\Program Files\dotnet\packs\Microsoft.NETCore.App.Ref\7.0.20\ref\net7.0\System.IO.UnmanagedMemoryStream.dll".
             Se encontró una referencia en la ubicación de ruta de acceso de búsqueda "{RawFileName}".
             Esta referencia no es "CopyLocal" porque existe al menos un elemento de origen con "Private" establecido en "false" y ningún elemento de origen con "Private" establecido en "true".
         Referencia principal "System.IO, Version=7.0.0.0, Culture=neutral, PublicKeyToken=b03f5f7f11d50a3a".
             La ruta de acceso del archivo resuelta es "C:\Program Files\dotnet\packs\Microsoft.NETCore.App.Ref\7.0.20\ref\net7.0\System.IO.dll".
             Se encontró una referencia en la ubicación de ruta de acceso de búsqueda "{RawFileName}".
             Esta referencia no es "CopyLocal" porque existe al menos un elemento de origen con "Private" establecido en "false" y ningún elemento de origen con "Private" establecido en "true".
         Referencia principal "System.Linq.Expressions, Version=7.0.0.0, Culture=neutral, PublicKeyToken=b03f5f7f11d50a3a".
             La ruta de acceso del archivo resuelta es "C:\Program Files\dotnet\packs\Microsoft.NETCore.App.Ref\7.0.20\ref\net7.0\System.Linq.Expressions.dll".
             Se encontró una referencia en la ubicación de ruta de acceso de búsqueda "{RawFileName}".
             Esta referencia no es "CopyLocal" porque existe al menos un elemento de origen con "Private" establecido en "false" y ningún elemento de origen con "Private" establecido en "true".
         Referencia principal "System.Linq.Parallel, Version=7.0.0.0, Culture=neutral, PublicKeyToken=b03f5f7f11d50a3a".
             La ruta de acceso del archivo resuelta es "C:\Program Files\dotnet\packs\Microsoft.NETCore.App.Ref\7.0.20\ref\net7.0\System.Linq.Parallel.dll".
             Se encontró una referencia en la ubicación de ruta de acceso de búsqueda "{RawFileName}".
             Esta referencia no es "CopyLocal" porque existe al menos un elemento de origen con "Private" establecido en "false" y ningún elemento de origen con "Private" establecido en "true".
         Referencia principal "System.Linq.Queryable, Version=7.0.0.0, Culture=neutral, PublicKeyToken=b03f5f7f11d50a3a".
             La ruta de acceso del archivo resuelta es "C:\Program Files\dotnet\packs\Microsoft.NETCore.App.Ref\7.0.20\ref\net7.0\System.Linq.Queryable.dll".
             Se encontró una referencia en la ubicación de ruta de acceso de búsqueda "{RawFileName}".
             Esta referencia no es "CopyLocal" porque existe al menos un elemento de origen con "Private" establecido en "false" y ningún elemento de origen con "Private" establecido en "true".
         Referencia principal "System.Linq, Version=7.0.0.0, Culture=neutral, PublicKeyToken=b03f5f7f11d50a3a".
             La ruta de acceso del archivo resuelta es "C:\Program Files\dotnet\packs\Microsoft.NETCore.App.Ref\7.0.20\ref\net7.0\System.Linq.dll".
             Se encontró una referencia en la ubicación de ruta de acceso de búsqueda "{RawFileName}".
             Esta referencia no es "CopyLocal" porque existe al menos un elemento de origen con "Private" establecido en "false" y ningún elemento de origen con "Private" establecido en "true".
         Referencia principal "System.Memory, Version=7.0.0.0, Culture=neutral, PublicKeyToken=cc7b13ffcd2ddd51".
             La ruta de acceso del archivo resuelta es "C:\Program Files\dotnet\packs\Microsoft.NETCore.App.Ref\7.0.20\ref\net7.0\System.Memory.dll".
             Se encontró una referencia en la ubicación de ruta de acceso de búsqueda "{RawFileName}".
             Esta referencia no es "CopyLocal" porque existe al menos un elemento de origen con "Private" establecido en "false" y ningún elemento de origen con "Private" establecido en "true".
         Referencia principal "System.Net.Http.Json, Version=7.0.0.0, Culture=neutral, PublicKeyToken=cc7b13ffcd2ddd51".
             La ruta de acceso del archivo resuelta es "C:\Program Files\dotnet\packs\Microsoft.NETCore.App.Ref\7.0.20\ref\net7.0\System.Net.Http.Json.dll".
             Se encontró una referencia en la ubicación de ruta de acceso de búsqueda "{RawFileName}".
             Esta referencia no es "CopyLocal" porque existe al menos un elemento de origen con "Private" establecido en "false" y ningún elemento de origen con "Private" establecido en "true".
         Referencia principal "System.Net.Http, Version=7.0.0.0, Culture=neutral, PublicKeyToken=b03f5f7f11d50a3a".
             La ruta de acceso del archivo resuelta es "C:\Program Files\dotnet\packs\Microsoft.NETCore.App.Ref\7.0.20\ref\net7.0\System.Net.Http.dll".
             Se encontró una referencia en la ubicación de ruta de acceso de búsqueda "{RawFileName}".
             Esta referencia no es "CopyLocal" porque existe al menos un elemento de origen con "Private" establecido en "false" y ningún elemento de origen con "Private" establecido en "true".
         Referencia principal "System.Net.HttpListener, Version=7.0.0.0, Culture=neutral, PublicKeyToken=cc7b13ffcd2ddd51".
             La ruta de acceso del archivo resuelta es "C:\Program Files\dotnet\packs\Microsoft.NETCore.App.Ref\7.0.20\ref\net7.0\System.Net.HttpListener.dll".
             Se encontró una referencia en la ubicación de ruta de acceso de búsqueda "{RawFileName}".
             Esta referencia no es "CopyLocal" porque existe al menos un elemento de origen con "Private" establecido en "false" y ningún elemento de origen con "Private" establecido en "true".
         Referencia principal "System.Net.Mail, Version=7.0.0.0, Culture=neutral, PublicKeyToken=cc7b13ffcd2ddd51".
             La ruta de acceso del archivo resuelta es "C:\Program Files\dotnet\packs\Microsoft.NETCore.App.Ref\7.0.20\ref\net7.0\System.Net.Mail.dll".
             Se encontró una referencia en la ubicación de ruta de acceso de búsqueda "{RawFileName}".
             Esta referencia no es "CopyLocal" porque existe al menos un elemento de origen con "Private" establecido en "false" y ningún elemento de origen con "Private" establecido en "true".
         Referencia principal "System.Net.NameResolution, Version=7.0.0.0, Culture=neutral, PublicKeyToken=b03f5f7f11d50a3a".
             La ruta de acceso del archivo resuelta es "C:\Program Files\dotnet\packs\Microsoft.NETCore.App.Ref\7.0.20\ref\net7.0\System.Net.NameResolution.dll".
             Se encontró una referencia en la ubicación de ruta de acceso de búsqueda "{RawFileName}".
             Esta referencia no es "CopyLocal" porque existe al menos un elemento de origen con "Private" establecido en "false" y ningún elemento de origen con "Private" establecido en "true".
         Referencia principal "System.Net.NetworkInformation, Version=7.0.0.0, Culture=neutral, PublicKeyToken=b03f5f7f11d50a3a".
             La ruta de acceso del archivo resuelta es "C:\Program Files\dotnet\packs\Microsoft.NETCore.App.Ref\7.0.20\ref\net7.0\System.Net.NetworkInformation.dll".
             Se encontró una referencia en la ubicación de ruta de acceso de búsqueda "{RawFileName}".
             Esta referencia no es "CopyLocal" porque existe al menos un elemento de origen con "Private" establecido en "false" y ningún elemento de origen con "Private" establecido en "true".
         Referencia principal "System.Net.Ping, Version=7.0.0.0, Culture=neutral, PublicKeyToken=b03f5f7f11d50a3a".
             La ruta de acceso del archivo resuelta es "C:\Program Files\dotnet\packs\Microsoft.NETCore.App.Ref\7.0.20\ref\net7.0\System.Net.Ping.dll".
             Se encontró una referencia en la ubicación de ruta de acceso de búsqueda "{RawFileName}".
             Esta referencia no es "CopyLocal" porque existe al menos un elemento de origen con "Private" establecido en "false" y ningún elemento de origen con "Private" establecido en "true".
         Referencia principal "System.Net.Primitives, Version=7.0.0.0, Culture=neutral, PublicKeyToken=b03f5f7f11d50a3a".
             La ruta de acceso del archivo resuelta es "C:\Program Files\dotnet\packs\Microsoft.NETCore.App.Ref\7.0.20\ref\net7.0\System.Net.Primitives.dll".
             Se encontró una referencia en la ubicación de ruta de acceso de búsqueda "{RawFileName}".
             Esta referencia no es "CopyLocal" porque existe al menos un elemento de origen con "Private" establecido en "false" y ningún elemento de origen con "Private" establecido en "true".
         Referencia principal "System.Net.Quic, Version=7.0.0.0, Culture=neutral, PublicKeyToken=b03f5f7f11d50a3a".
             La ruta de acceso del archivo resuelta es "C:\Program Files\dotnet\packs\Microsoft.NETCore.App.Ref\7.0.20\ref\net7.0\System.Net.Quic.dll".
             Se encontró una referencia en la ubicación de ruta de acceso de búsqueda "{RawFileName}".
             Esta referencia no es "CopyLocal" porque existe al menos un elemento de origen con "Private" establecido en "false" y ningún elemento de origen con "Private" establecido en "true".
         Referencia principal "System.Net.Requests, Version=7.0.0.0, Culture=neutral, PublicKeyToken=b03f5f7f11d50a3a".
             La ruta de acceso del archivo resuelta es "C:\Program Files\dotnet\packs\Microsoft.NETCore.App.Ref\7.0.20\ref\net7.0\System.Net.Requests.dll".
             Se encontró una referencia en la ubicación de ruta de acceso de búsqueda "{RawFileName}".
             Esta referencia no es "CopyLocal" porque existe al menos un elemento de origen con "Private" establecido en "false" y ningún elemento de origen con "Private" establecido en "true".
         Referencia principal "System.Net.Security, Version=7.0.0.0, Culture=neutral, PublicKeyToken=b03f5f7f11d50a3a".
             La ruta de acceso del archivo resuelta es "C:\Program Files\dotnet\packs\Microsoft.NETCore.App.Ref\7.0.20\ref\net7.0\System.Net.Security.dll".
             Se encontró una referencia en la ubicación de ruta de acceso de búsqueda "{RawFileName}".
             Esta referencia no es "CopyLocal" porque existe al menos un elemento de origen con "Private" establecido en "false" y ningún elemento de origen con "Private" establecido en "true".
         Referencia principal "System.Net.ServicePoint, Version=7.0.0.0, Culture=neutral, PublicKeyToken=cc7b13ffcd2ddd51".
             La ruta de acceso del archivo resuelta es "C:\Program Files\dotnet\packs\Microsoft.NETCore.App.Ref\7.0.20\ref\net7.0\System.Net.ServicePoint.dll".
             Se encontró una referencia en la ubicación de ruta de acceso de búsqueda "{RawFileName}".
             Esta referencia no es "CopyLocal" porque existe al menos un elemento de origen con "Private" establecido en "false" y ningún elemento de origen con "Private" establecido en "true".
         Referencia principal "System.Net.Sockets, Version=7.0.0.0, Culture=neutral, PublicKeyToken=b03f5f7f11d50a3a".
             La ruta de acceso del archivo resuelta es "C:\Program Files\dotnet\packs\Microsoft.NETCore.App.Ref\7.0.20\ref\net7.0\System.Net.Sockets.dll".
             Se encontró una referencia en la ubicación de ruta de acceso de búsqueda "{RawFileName}".
             Esta referencia no es "CopyLocal" porque existe al menos un elemento de origen con "Private" establecido en "false" y ningún elemento de origen con "Private" establecido en "true".
         Referencia principal "System.Net.WebClient, Version=7.0.0.0, Culture=neutral, PublicKeyToken=cc7b13ffcd2ddd51".
             La ruta de acceso del archivo resuelta es "C:\Program Files\dotnet\packs\Microsoft.NETCore.App.Ref\7.0.20\ref\net7.0\System.Net.WebClient.dll".
             Se encontró una referencia en la ubicación de ruta de acceso de búsqueda "{RawFileName}".
             Esta referencia no es "CopyLocal" porque existe al menos un elemento de origen con "Private" establecido en "false" y ningún elemento de origen con "Private" establecido en "true".
         Referencia principal "System.Net.WebHeaderCollection, Version=7.0.0.0, Culture=neutral, PublicKeyToken=b03f5f7f11d50a3a".
             La ruta de acceso del archivo resuelta es "C:\Program Files\dotnet\packs\Microsoft.NETCore.App.Ref\7.0.20\ref\net7.0\System.Net.WebHeaderCollection.dll".
             Se encontró una referencia en la ubicación de ruta de acceso de búsqueda "{RawFileName}".
             Esta referencia no es "CopyLocal" porque existe al menos un elemento de origen con "Private" establecido en "false" y ningún elemento de origen con "Private" establecido en "true".
         Referencia principal "System.Net.WebProxy, Version=7.0.0.0, Culture=neutral, PublicKeyToken=cc7b13ffcd2ddd51".
             La ruta de acceso del archivo resuelta es "C:\Program Files\dotnet\packs\Microsoft.NETCore.App.Ref\7.0.20\ref\net7.0\System.Net.WebProxy.dll".
             Se encontró una referencia en la ubicación de ruta de acceso de búsqueda "{RawFileName}".
             Esta referencia no es "CopyLocal" porque existe al menos un elemento de origen con "Private" establecido en "false" y ningún elemento de origen con "Private" establecido en "true".
         Referencia principal "System.Net.WebSockets.Client, Version=7.0.0.0, Culture=neutral, PublicKeyToken=b03f5f7f11d50a3a".
             La ruta de acceso del archivo resuelta es "C:\Program Files\dotnet\packs\Microsoft.NETCore.App.Ref\7.0.20\ref\net7.0\System.Net.WebSockets.Client.dll".
             Se encontró una referencia en la ubicación de ruta de acceso de búsqueda "{RawFileName}".
             Esta referencia no es "CopyLocal" porque existe al menos un elemento de origen con "Private" establecido en "false" y ningún elemento de origen con "Private" establecido en "true".
         Referencia principal "System.Net.WebSockets, Version=7.0.0.0, Culture=neutral, PublicKeyToken=b03f5f7f11d50a3a".
             La ruta de acceso del archivo resuelta es "C:\Program Files\dotnet\packs\Microsoft.NETCore.App.Ref\7.0.20\ref\net7.0\System.Net.WebSockets.dll".
             Se encontró una referencia en la ubicación de ruta de acceso de búsqueda "{RawFileName}".
             Esta referencia no es "CopyLocal" porque existe al menos un elemento de origen con "Private" establecido en "false" y ningún elemento de origen con "Private" establecido en "true".
         Referencia principal "System.Net, Version=4.0.0.0, Culture=neutral, PublicKeyToken=b03f5f7f11d50a3a".
             La ruta de acceso del archivo resuelta es "C:\Program Files\dotnet\packs\Microsoft.NETCore.App.Ref\7.0.20\ref\net7.0\System.Net.dll".
             Se encontró una referencia en la ubicación de ruta de acceso de búsqueda "{RawFileName}".
             Esta referencia no es "CopyLocal" porque existe al menos un elemento de origen con "Private" establecido en "false" y ningún elemento de origen con "Private" establecido en "true".
         Referencia principal "System.Numerics.Vectors, Version=7.0.0.0, Culture=neutral, PublicKeyToken=b03f5f7f11d50a3a".
             La ruta de acceso del archivo resuelta es "C:\Program Files\dotnet\packs\Microsoft.NETCore.App.Ref\7.0.20\ref\net7.0\System.Numerics.Vectors.dll".
             Se encontró una referencia en la ubicación de ruta de acceso de búsqueda "{RawFileName}".
             Esta referencia no es "CopyLocal" porque existe al menos un elemento de origen con "Private" establecido en "false" y ningún elemento de origen con "Private" establecido en "true".
         Referencia principal "System.Numerics, Version=4.0.0.0, Culture=neutral, PublicKeyToken=b77a5c561934e089".
             La ruta de acceso del archivo resuelta es "C:\Program Files\dotnet\packs\Microsoft.NETCore.App.Ref\7.0.20\ref\net7.0\System.Numerics.dll".
             Se encontró una referencia en la ubicación de ruta de acceso de búsqueda "{RawFileName}".
             Esta referencia no es "CopyLocal" porque existe al menos un elemento de origen con "Private" establecido en "false" y ningún elemento de origen con "Private" establecido en "true".
         Referencia principal "System.ObjectModel, Version=7.0.0.0, Culture=neutral, PublicKeyToken=b03f5f7f11d50a3a".
             La ruta de acceso del archivo resuelta es "C:\Program Files\dotnet\packs\Microsoft.NETCore.App.Ref\7.0.20\ref\net7.0\System.ObjectModel.dll".
             Se encontró una referencia en la ubicación de ruta de acceso de búsqueda "{RawFileName}".
             Esta referencia no es "CopyLocal" porque existe al menos un elemento de origen con "Private" establecido en "false" y ningún elemento de origen con "Private" establecido en "true".
         Referencia principal "System.Reflection.DispatchProxy, Version=7.0.0.0, Culture=neutral, PublicKeyToken=b03f5f7f11d50a3a".
             La ruta de acceso del archivo resuelta es "C:\Program Files\dotnet\packs\Microsoft.NETCore.App.Ref\7.0.20\ref\net7.0\System.Reflection.DispatchProxy.dll".
             Se encontró una referencia en la ubicación de ruta de acceso de búsqueda "{RawFileName}".
             Esta referencia no es "CopyLocal" porque existe al menos un elemento de origen con "Private" establecido en "false" y ningún elemento de origen con "Private" establecido en "true".
         Referencia principal "System.Reflection.Emit.ILGeneration, Version=7.0.0.0, Culture=neutral, PublicKeyToken=b03f5f7f11d50a3a".
             La ruta de acceso del archivo resuelta es "C:\Program Files\dotnet\packs\Microsoft.NETCore.App.Ref\7.0.20\ref\net7.0\System.Reflection.Emit.ILGeneration.dll".
             Se encontró una referencia en la ubicación de ruta de acceso de búsqueda "{RawFileName}".
             Esta referencia no es "CopyLocal" porque existe al menos un elemento de origen con "Private" establecido en "false" y ningún elemento de origen con "Private" establecido en "true".
         Referencia principal "System.Reflection.Emit.Lightweight, Version=7.0.0.0, Culture=neutral, PublicKeyToken=b03f5f7f11d50a3a".
             La ruta de acceso del archivo resuelta es "C:\Program Files\dotnet\packs\Microsoft.NETCore.App.Ref\7.0.20\ref\net7.0\System.Reflection.Emit.Lightweight.dll".
             Se encontró una referencia en la ubicación de ruta de acceso de búsqueda "{RawFileName}".
             Esta referencia no es "CopyLocal" porque existe al menos un elemento de origen con "Private" establecido en "false" y ningún elemento de origen con "Private" establecido en "true".
         Referencia principal "System.Reflection.Emit, Version=7.0.0.0, Culture=neutral, PublicKeyToken=b03f5f7f11d50a3a".
             La ruta de acceso del archivo resuelta es "C:\Program Files\dotnet\packs\Microsoft.NETCore.App.Ref\7.0.20\ref\net7.0\System.Reflection.Emit.dll".
             Se encontró una referencia en la ubicación de ruta de acceso de búsqueda "{RawFileName}".
             Esta referencia no es "CopyLocal" porque existe al menos un elemento de origen con "Private" establecido en "false" y ningún elemento de origen con "Private" establecido en "true".
         Referencia principal "System.Reflection.Extensions, Version=7.0.0.0, Culture=neutral, PublicKeyToken=b03f5f7f11d50a3a".
             La ruta de acceso del archivo resuelta es "C:\Program Files\dotnet\packs\Microsoft.NETCore.App.Ref\7.0.20\ref\net7.0\System.Reflection.Extensions.dll".
             Se encontró una referencia en la ubicación de ruta de acceso de búsqueda "{RawFileName}".
             Esta referencia no es "CopyLocal" porque existe al menos un elemento de origen con "Private" establecido en "false" y ningún elemento de origen con "Private" establecido en "true".
         Referencia principal "System.Reflection.Metadata, Version=7.0.0.0, Culture=neutral, PublicKeyToken=b03f5f7f11d50a3a".
             La ruta de acceso del archivo resuelta es "C:\Program Files\dotnet\packs\Microsoft.NETCore.App.Ref\7.0.20\ref\net7.0\System.Reflection.Metadata.dll".
             Se encontró una referencia en la ubicación de ruta de acceso de búsqueda "{RawFileName}".
             Esta referencia no es "CopyLocal" porque existe al menos un elemento de origen con "Private" establecido en "false" y ningún elemento de origen con "Private" establecido en "true".
         Referencia principal "System.Reflection.Primitives, Version=7.0.0.0, Culture=neutral, PublicKeyToken=b03f5f7f11d50a3a".
             La ruta de acceso del archivo resuelta es "C:\Program Files\dotnet\packs\Microsoft.NETCore.App.Ref\7.0.20\ref\net7.0\System.Reflection.Primitives.dll".
             Se encontró una referencia en la ubicación de ruta de acceso de búsqueda "{RawFileName}".
             Esta referencia no es "CopyLocal" porque existe al menos un elemento de origen con "Private" establecido en "false" y ningún elemento de origen con "Private" establecido en "true".
         Referencia principal "System.Reflection.TypeExtensions, Version=7.0.0.0, Culture=neutral, PublicKeyToken=b03f5f7f11d50a3a".
             La ruta de acceso del archivo resuelta es "C:\Program Files\dotnet\packs\Microsoft.NETCore.App.Ref\7.0.20\ref\net7.0\System.Reflection.TypeExtensions.dll".
             Se encontró una referencia en la ubicación de ruta de acceso de búsqueda "{RawFileName}".
             Esta referencia no es "CopyLocal" porque existe al menos un elemento de origen con "Private" establecido en "false" y ningún elemento de origen con "Private" establecido en "true".
         Referencia principal "System.Reflection, Version=7.0.0.0, Culture=neutral, PublicKeyToken=b03f5f7f11d50a3a".
             La ruta de acceso del archivo resuelta es "C:\Program Files\dotnet\packs\Microsoft.NETCore.App.Ref\7.0.20\ref\net7.0\System.Reflection.dll".
             Se encontró una referencia en la ubicación de ruta de acceso de búsqueda "{RawFileName}".
             Esta referencia no es "CopyLocal" porque existe al menos un elemento de origen con "Private" establecido en "false" y ningún elemento de origen con "Private" establecido en "true".
         Referencia principal "System.Resources.Reader, Version=7.0.0.0, Culture=neutral, PublicKeyToken=b03f5f7f11d50a3a".
             La ruta de acceso del archivo resuelta es "C:\Program Files\dotnet\packs\Microsoft.NETCore.App.Ref\7.0.20\ref\net7.0\System.Resources.Reader.dll".
             Se encontró una referencia en la ubicación de ruta de acceso de búsqueda "{RawFileName}".
             Esta referencia no es "CopyLocal" porque existe al menos un elemento de origen con "Private" establecido en "false" y ningún elemento de origen con "Private" establecido en "true".
         Referencia principal "System.Resources.ResourceManager, Version=7.0.0.0, Culture=neutral, PublicKeyToken=b03f5f7f11d50a3a".
             La ruta de acceso del archivo resuelta es "C:\Program Files\dotnet\packs\Microsoft.NETCore.App.Ref\7.0.20\ref\net7.0\System.Resources.ResourceManager.dll".
             Se encontró una referencia en la ubicación de ruta de acceso de búsqueda "{RawFileName}".
             Esta referencia no es "CopyLocal" porque existe al menos un elemento de origen con "Private" establecido en "false" y ningún elemento de origen con "Private" establecido en "true".
         Referencia principal "System.Resources.Writer, Version=7.0.0.0, Culture=neutral, PublicKeyToken=b03f5f7f11d50a3a".
             La ruta de acceso del archivo resuelta es "C:\Program Files\dotnet\packs\Microsoft.NETCore.App.Ref\7.0.20\ref\net7.0\System.Resources.Writer.dll".
             Se encontró una referencia en la ubicación de ruta de acceso de búsqueda "{RawFileName}".
             Esta referencia no es "CopyLocal" porque existe al menos un elemento de origen con "Private" establecido en "false" y ningún elemento de origen con "Private" establecido en "true".
         Referencia principal "System.Runtime.CompilerServices.Unsafe, Version=7.0.0.0, Culture=neutral, PublicKeyToken=b03f5f7f11d50a3a".
             La ruta de acceso del archivo resuelta es "C:\Program Files\dotnet\packs\Microsoft.NETCore.App.Ref\7.0.20\ref\net7.0\System.Runtime.CompilerServices.Unsafe.dll".
             Se encontró una referencia en la ubicación de ruta de acceso de búsqueda "{RawFileName}".
             Esta referencia no es "CopyLocal" porque existe al menos un elemento de origen con "Private" establecido en "false" y ningún elemento de origen con "Private" establecido en "true".
         Referencia principal "System.Runtime.CompilerServices.VisualC, Version=7.0.0.0, Culture=neutral, PublicKeyToken=b03f5f7f11d50a3a".
             La ruta de acceso del archivo resuelta es "C:\Program Files\dotnet\packs\Microsoft.NETCore.App.Ref\7.0.20\ref\net7.0\System.Runtime.CompilerServices.VisualC.dll".
             Se encontró una referencia en la ubicación de ruta de acceso de búsqueda "{RawFileName}".
             Esta referencia no es "CopyLocal" porque existe al menos un elemento de origen con "Private" establecido en "false" y ningún elemento de origen con "Private" establecido en "true".
         Referencia principal "System.Runtime.Extensions, Version=7.0.0.0, Culture=neutral, PublicKeyToken=b03f5f7f11d50a3a".
             La ruta de acceso del archivo resuelta es "C:\Program Files\dotnet\packs\Microsoft.NETCore.App.Ref\7.0.20\ref\net7.0\System.Runtime.Extensions.dll".
             Se encontró una referencia en la ubicación de ruta de acceso de búsqueda "{RawFileName}".
             Esta referencia no es "CopyLocal" porque existe al menos un elemento de origen con "Private" establecido en "false" y ningún elemento de origen con "Private" establecido en "true".
         Referencia principal "System.Runtime.Handles, Version=7.0.0.0, Culture=neutral, PublicKeyToken=b03f5f7f11d50a3a".
             La ruta de acceso del archivo resuelta es "C:\Program Files\dotnet\packs\Microsoft.NETCore.App.Ref\7.0.20\ref\net7.0\System.Runtime.Handles.dll".
             Se encontró una referencia en la ubicación de ruta de acceso de búsqueda "{RawFileName}".
             Esta referencia no es "CopyLocal" porque existe al menos un elemento de origen con "Private" establecido en "false" y ningún elemento de origen con "Private" establecido en "true".
         Referencia principal "System.Runtime.InteropServices.JavaScript, Version=7.0.0.0, Culture=neutral, PublicKeyToken=b03f5f7f11d50a3a".
             La ruta de acceso del archivo resuelta es "C:\Program Files\dotnet\packs\Microsoft.NETCore.App.Ref\7.0.20\ref\net7.0\System.Runtime.InteropServices.JavaScript.dll".
             Se encontró una referencia en la ubicación de ruta de acceso de búsqueda "{RawFileName}".
             Esta referencia no es "CopyLocal" porque existe al menos un elemento de origen con "Private" establecido en "false" y ningún elemento de origen con "Private" establecido en "true".
         Referencia principal "System.Runtime.InteropServices.RuntimeInformation, Version=7.0.0.0, Culture=neutral, PublicKeyToken=b03f5f7f11d50a3a".
             La ruta de acceso del archivo resuelta es "C:\Program Files\dotnet\packs\Microsoft.NETCore.App.Ref\7.0.20\ref\net7.0\System.Runtime.InteropServices.RuntimeInformation.dll".
             Se encontró una referencia en la ubicación de ruta de acceso de búsqueda "{RawFileName}".
             Esta referencia no es "CopyLocal" porque existe al menos un elemento de origen con "Private" establecido en "false" y ningún elemento de origen con "Private" establecido en "true".
         Referencia principal "System.Runtime.InteropServices, Version=7.0.0.0, Culture=neutral, PublicKeyToken=b03f5f7f11d50a3a".
             La ruta de acceso del archivo resuelta es "C:\Program Files\dotnet\packs\Microsoft.NETCore.App.Ref\7.0.20\ref\net7.0\System.Runtime.InteropServices.dll".
             Se encontró una referencia en la ubicación de ruta de acceso de búsqueda "{RawFileName}".
             Esta referencia no es "CopyLocal" porque existe al menos un elemento de origen con "Private" establecido en "false" y ningún elemento de origen con "Private" establecido en "true".
         Referencia principal "System.Runtime.Intrinsics, Version=7.0.0.0, Culture=neutral, PublicKeyToken=cc7b13ffcd2ddd51".
             La ruta de acceso del archivo resuelta es "C:\Program Files\dotnet\packs\Microsoft.NETCore.App.Ref\7.0.20\ref\net7.0\System.Runtime.Intrinsics.dll".
             Se encontró una referencia en la ubicación de ruta de acceso de búsqueda "{RawFileName}".
             Esta referencia no es "CopyLocal" porque existe al menos un elemento de origen con "Private" establecido en "false" y ningún elemento de origen con "Private" establecido en "true".
         Referencia principal "System.Runtime.Loader, Version=7.0.0.0, Culture=neutral, PublicKeyToken=b03f5f7f11d50a3a".
             La ruta de acceso del archivo resuelta es "C:\Program Files\dotnet\packs\Microsoft.NETCore.App.Ref\7.0.20\ref\net7.0\System.Runtime.Loader.dll".
             Se encontró una referencia en la ubicación de ruta de acceso de búsqueda "{RawFileName}".
             Esta referencia no es "CopyLocal" porque existe al menos un elemento de origen con "Private" establecido en "false" y ningún elemento de origen con "Private" establecido en "true".
         Referencia principal "System.Runtime.Numerics, Version=7.0.0.0, Culture=neutral, PublicKeyToken=b03f5f7f11d50a3a".
             La ruta de acceso del archivo resuelta es "C:\Program Files\dotnet\packs\Microsoft.NETCore.App.Ref\7.0.20\ref\net7.0\System.Runtime.Numerics.dll".
             Se encontró una referencia en la ubicación de ruta de acceso de búsqueda "{RawFileName}".
             Esta referencia no es "CopyLocal" porque existe al menos un elemento de origen con "Private" establecido en "false" y ningún elemento de origen con "Private" establecido en "true".
         Referencia principal "System.Runtime.Serialization.Formatters, Version=7.0.0.0, Culture=neutral, PublicKeyToken=b03f5f7f11d50a3a".
             La ruta de acceso del archivo resuelta es "C:\Program Files\dotnet\packs\Microsoft.NETCore.App.Ref\7.0.20\ref\net7.0\System.Runtime.Serialization.Formatters.dll".
             Se encontró una referencia en la ubicación de ruta de acceso de búsqueda "{RawFileName}".
             Esta referencia no es "CopyLocal" porque existe al menos un elemento de origen con "Private" establecido en "false" y ningún elemento de origen con "Private" establecido en "true".
         Referencia principal "System.Runtime.Serialization.Json, Version=7.0.0.0, Culture=neutral, PublicKeyToken=b03f5f7f11d50a3a".
             La ruta de acceso del archivo resuelta es "C:\Program Files\dotnet\packs\Microsoft.NETCore.App.Ref\7.0.20\ref\net7.0\System.Runtime.Serialization.Json.dll".
             Se encontró una referencia en la ubicación de ruta de acceso de búsqueda "{RawFileName}".
             Esta referencia no es "CopyLocal" porque existe al menos un elemento de origen con "Private" establecido en "false" y ningún elemento de origen con "Private" establecido en "true".
         Referencia principal "System.Runtime.Serialization.Primitives, Version=7.0.0.0, Culture=neutral, PublicKeyToken=b03f5f7f11d50a3a".
             La ruta de acceso del archivo resuelta es "C:\Program Files\dotnet\packs\Microsoft.NETCore.App.Ref\7.0.20\ref\net7.0\System.Runtime.Serialization.Primitives.dll".
             Se encontró una referencia en la ubicación de ruta de acceso de búsqueda "{RawFileName}".
             Esta referencia no es "CopyLocal" porque existe al menos un elemento de origen con "Private" establecido en "false" y ningún elemento de origen con "Private" establecido en "true".
         Referencia principal "System.Runtime.Serialization.Xml, Version=7.0.0.0, Culture=neutral, PublicKeyToken=b03f5f7f11d50a3a".
             La ruta de acceso del archivo resuelta es "C:\Program Files\dotnet\packs\Microsoft.NETCore.App.Ref\7.0.20\ref\net7.0\System.Runtime.Serialization.Xml.dll".
             Se encontró una referencia en la ubicación de ruta de acceso de búsqueda "{RawFileName}".
             Esta referencia no es "CopyLocal" porque existe al menos un elemento de origen con "Private" establecido en "false" y ningún elemento de origen con "Private" establecido en "true".
         Referencia principal "System.Runtime.Serialization, Version=4.0.0.0, Culture=neutral, PublicKeyToken=b77a5c561934e089".
             La ruta de acceso del archivo resuelta es "C:\Program Files\dotnet\packs\Microsoft.NETCore.App.Ref\7.0.20\ref\net7.0\System.Runtime.Serialization.dll".
             Se encontró una referencia en la ubicación de ruta de acceso de búsqueda "{RawFileName}".
             Esta referencia no es "CopyLocal" porque existe al menos un elemento de origen con "Private" establecido en "false" y ningún elemento de origen con "Private" establecido en "true".
         Referencia principal "System.Runtime, Version=7.0.0.0, Culture=neutral, PublicKeyToken=b03f5f7f11d50a3a".
             La ruta de acceso del archivo resuelta es "C:\Program Files\dotnet\packs\Microsoft.NETCore.App.Ref\7.0.20\ref\net7.0\System.Runtime.dll".
             Se encontró una referencia en la ubicación de ruta de acceso de búsqueda "{RawFileName}".
             Esta referencia no es "CopyLocal" porque existe al menos un elemento de origen con "Private" establecido en "false" y ningún elemento de origen con "Private" establecido en "true".
         Referencia principal "System.Security.AccessControl, Version=7.0.0.0, Culture=neutral, PublicKeyToken=b03f5f7f11d50a3a".
             La ruta de acceso del archivo resuelta es "C:\Program Files\dotnet\packs\Microsoft.NETCore.App.Ref\7.0.20\ref\net7.0\System.Security.AccessControl.dll".
             Se encontró una referencia en la ubicación de ruta de acceso de búsqueda "{RawFileName}".
             Esta referencia no es "CopyLocal" porque existe al menos un elemento de origen con "Private" establecido en "false" y ningún elemento de origen con "Private" establecido en "true".
         Referencia principal "System.Security.Claims, Version=7.0.0.0, Culture=neutral, PublicKeyToken=b03f5f7f11d50a3a".
             La ruta de acceso del archivo resuelta es "C:\Program Files\dotnet\packs\Microsoft.NETCore.App.Ref\7.0.20\ref\net7.0\System.Security.Claims.dll".
             Se encontró una referencia en la ubicación de ruta de acceso de búsqueda "{RawFileName}".
             Esta referencia no es "CopyLocal" porque existe al menos un elemento de origen con "Private" establecido en "false" y ningún elemento de origen con "Private" establecido en "true".
         Referencia principal "System.Security.Cryptography.Algorithms, Version=7.0.0.0, Culture=neutral, PublicKeyToken=b03f5f7f11d50a3a".
             La ruta de acceso del archivo resuelta es "C:\Program Files\dotnet\packs\Microsoft.NETCore.App.Ref\7.0.20\ref\net7.0\System.Security.Cryptography.Algorithms.dll".
             Se encontró una referencia en la ubicación de ruta de acceso de búsqueda "{RawFileName}".
             Esta referencia no es "CopyLocal" porque existe al menos un elemento de origen con "Private" establecido en "false" y ningún elemento de origen con "Private" establecido en "true".
         Referencia principal "System.Security.Cryptography.Cng, Version=7.0.0.0, Culture=neutral, PublicKeyToken=b03f5f7f11d50a3a".
             La ruta de acceso del archivo resuelta es "C:\Program Files\dotnet\packs\Microsoft.NETCore.App.Ref\7.0.20\ref\net7.0\System.Security.Cryptography.Cng.dll".
             Se encontró una referencia en la ubicación de ruta de acceso de búsqueda "{RawFileName}".
             Esta referencia no es "CopyLocal" porque existe al menos un elemento de origen con "Private" establecido en "false" y ningún elemento de origen con "Private" establecido en "true".
         Referencia principal "System.Security.Cryptography.Csp, Version=7.0.0.0, Culture=neutral, PublicKeyToken=b03f5f7f11d50a3a".
             La ruta de acceso del archivo resuelta es "C:\Program Files\dotnet\packs\Microsoft.NETCore.App.Ref\7.0.20\ref\net7.0\System.Security.Cryptography.Csp.dll".
             Se encontró una referencia en la ubicación de ruta de acceso de búsqueda "{RawFileName}".
             Esta referencia no es "CopyLocal" porque existe al menos un elemento de origen con "Private" establecido en "false" y ningún elemento de origen con "Private" establecido en "true".
         Referencia principal "System.Security.Cryptography.Encoding, Version=7.0.0.0, Culture=neutral, PublicKeyToken=b03f5f7f11d50a3a".
             La ruta de acceso del archivo resuelta es "C:\Program Files\dotnet\packs\Microsoft.NETCore.App.Ref\7.0.20\ref\net7.0\System.Security.Cryptography.Encoding.dll".
             Se encontró una referencia en la ubicación de ruta de acceso de búsqueda "{RawFileName}".
             Esta referencia no es "CopyLocal" porque existe al menos un elemento de origen con "Private" establecido en "false" y ningún elemento de origen con "Private" establecido en "true".
         Referencia principal "System.Security.Cryptography.OpenSsl, Version=7.0.0.0, Culture=neutral, PublicKeyToken=b03f5f7f11d50a3a".
             La ruta de acceso del archivo resuelta es "C:\Program Files\dotnet\packs\Microsoft.NETCore.App.Ref\7.0.20\ref\net7.0\System.Security.Cryptography.OpenSsl.dll".
             Se encontró una referencia en la ubicación de ruta de acceso de búsqueda "{RawFileName}".
             Esta referencia no es "CopyLocal" porque existe al menos un elemento de origen con "Private" establecido en "false" y ningún elemento de origen con "Private" establecido en "true".
         Referencia principal "System.Security.Cryptography.Primitives, Version=7.0.0.0, Culture=neutral, PublicKeyToken=b03f5f7f11d50a3a".
             La ruta de acceso del archivo resuelta es "C:\Program Files\dotnet\packs\Microsoft.NETCore.App.Ref\7.0.20\ref\net7.0\System.Security.Cryptography.Primitives.dll".
             Se encontró una referencia en la ubicación de ruta de acceso de búsqueda "{RawFileName}".
             Esta referencia no es "CopyLocal" porque existe al menos un elemento de origen con "Private" establecido en "false" y ningún elemento de origen con "Private" establecido en "true".
         Referencia principal "System.Security.Cryptography.X509Certificates, Version=7.0.0.0, Culture=neutral, PublicKeyToken=b03f5f7f11d50a3a".
             La ruta de acceso del archivo resuelta es "C:\Program Files\dotnet\packs\Microsoft.NETCore.App.Ref\7.0.20\ref\net7.0\System.Security.Cryptography.X509Certificates.dll".
             Se encontró una referencia en la ubicación de ruta de acceso de búsqueda "{RawFileName}".
             Esta referencia no es "CopyLocal" porque existe al menos un elemento de origen con "Private" establecido en "false" y ningún elemento de origen con "Private" establecido en "true".
         Referencia principal "System.Security.Cryptography, Version=7.0.0.0, Culture=neutral, PublicKeyToken=b03f5f7f11d50a3a".
             La ruta de acceso del archivo resuelta es "C:\Program Files\dotnet\packs\Microsoft.NETCore.App.Ref\7.0.20\ref\net7.0\System.Security.Cryptography.dll".
             Se encontró una referencia en la ubicación de ruta de acceso de búsqueda "{RawFileName}".
             Esta referencia no es "CopyLocal" porque existe al menos un elemento de origen con "Private" establecido en "false" y ningún elemento de origen con "Private" establecido en "true".
         Referencia principal "System.Security.Principal.Windows, Version=7.0.0.0, Culture=neutral, PublicKeyToken=b03f5f7f11d50a3a".
             La ruta de acceso del archivo resuelta es "C:\Program Files\dotnet\packs\Microsoft.NETCore.App.Ref\7.0.20\ref\net7.0\System.Security.Principal.Windows.dll".
             Se encontró una referencia en la ubicación de ruta de acceso de búsqueda "{RawFileName}".
             Esta referencia no es "CopyLocal" porque existe al menos un elemento de origen con "Private" establecido en "false" y ningún elemento de origen con "Private" establecido en "true".
         Referencia principal "System.Security.Principal, Version=7.0.0.0, Culture=neutral, PublicKeyToken=b03f5f7f11d50a3a".
             La ruta de acceso del archivo resuelta es "C:\Program Files\dotnet\packs\Microsoft.NETCore.App.Ref\7.0.20\ref\net7.0\System.Security.Principal.dll".
             Se encontró una referencia en la ubicación de ruta de acceso de búsqueda "{RawFileName}".
             Esta referencia no es "CopyLocal" porque existe al menos un elemento de origen con "Private" establecido en "false" y ningún elemento de origen con "Private" establecido en "true".
         Referencia principal "System.Security.SecureString, Version=7.0.0.0, Culture=neutral, PublicKeyToken=b03f5f7f11d50a3a".
             La ruta de acceso del archivo resuelta es "C:\Program Files\dotnet\packs\Microsoft.NETCore.App.Ref\7.0.20\ref\net7.0\System.Security.SecureString.dll".
             Se encontró una referencia en la ubicación de ruta de acceso de búsqueda "{RawFileName}".
             Esta referencia no es "CopyLocal" porque existe al menos un elemento de origen con "Private" establecido en "false" y ningún elemento de origen con "Private" establecido en "true".
         Referencia principal "System.Security, Version=4.0.0.0, Culture=neutral, PublicKeyToken=b03f5f7f11d50a3a".
             La ruta de acceso del archivo resuelta es "C:\Program Files\dotnet\packs\Microsoft.NETCore.App.Ref\7.0.20\ref\net7.0\System.Security.dll".
             Se encontró una referencia en la ubicación de ruta de acceso de búsqueda "{RawFileName}".
             Esta referencia no es "CopyLocal" porque existe al menos un elemento de origen con "Private" establecido en "false" y ningún elemento de origen con "Private" establecido en "true".
         Referencia principal "System.ServiceModel.Web, Version=4.0.0.0, Culture=neutral, PublicKeyToken=31bf3856ad364e35".
             La ruta de acceso del archivo resuelta es "C:\Program Files\dotnet\packs\Microsoft.NETCore.App.Ref\7.0.20\ref\net7.0\System.ServiceModel.Web.dll".
             Se encontró una referencia en la ubicación de ruta de acceso de búsqueda "{RawFileName}".
             Esta referencia no es "CopyLocal" porque existe al menos un elemento de origen con "Private" establecido en "false" y ningún elemento de origen con "Private" establecido en "true".
         Referencia principal "System.ServiceProcess, Version=4.0.0.0, Culture=neutral, PublicKeyToken=b03f5f7f11d50a3a".
             La ruta de acceso del archivo resuelta es "C:\Program Files\dotnet\packs\Microsoft.NETCore.App.Ref\7.0.20\ref\net7.0\System.ServiceProcess.dll".
             Se encontró una referencia en la ubicación de ruta de acceso de búsqueda "{RawFileName}".
             Esta referencia no es "CopyLocal" porque existe al menos un elemento de origen con "Private" establecido en "false" y ningún elemento de origen con "Private" establecido en "true".
         Referencia principal "System.Text.Encoding.CodePages, Version=7.0.0.0, Culture=neutral, PublicKeyToken=b03f5f7f11d50a3a".
             La ruta de acceso del archivo resuelta es "C:\Program Files\dotnet\packs\Microsoft.NETCore.App.Ref\7.0.20\ref\net7.0\System.Text.Encoding.CodePages.dll".
             Se encontró una referencia en la ubicación de ruta de acceso de búsqueda "{RawFileName}".
             Esta referencia no es "CopyLocal" porque existe al menos un elemento de origen con "Private" establecido en "false" y ningún elemento de origen con "Private" establecido en "true".
         Referencia principal "System.Text.Encoding.Extensions, Version=7.0.0.0, Culture=neutral, PublicKeyToken=b03f5f7f11d50a3a".
             La ruta de acceso del archivo resuelta es "C:\Program Files\dotnet\packs\Microsoft.NETCore.App.Ref\7.0.20\ref\net7.0\System.Text.Encoding.Extensions.dll".
             Se encontró una referencia en la ubicación de ruta de acceso de búsqueda "{RawFileName}".
             Esta referencia no es "CopyLocal" porque existe al menos un elemento de origen con "Private" establecido en "false" y ningún elemento de origen con "Private" establecido en "true".
         Referencia principal "System.Text.Encoding, Version=7.0.0.0, Culture=neutral, PublicKeyToken=b03f5f7f11d50a3a".
             La ruta de acceso del archivo resuelta es "C:\Program Files\dotnet\packs\Microsoft.NETCore.App.Ref\7.0.20\ref\net7.0\System.Text.Encoding.dll".
             Se encontró una referencia en la ubicación de ruta de acceso de búsqueda "{RawFileName}".
             Esta referencia no es "CopyLocal" porque existe al menos un elemento de origen con "Private" establecido en "false" y ningún elemento de origen con "Private" establecido en "true".
         Referencia principal "System.Text.Encodings.Web, Version=7.0.0.0, Culture=neutral, PublicKeyToken=cc7b13ffcd2ddd51".
             La ruta de acceso del archivo resuelta es "C:\Program Files\dotnet\packs\Microsoft.NETCore.App.Ref\7.0.20\ref\net7.0\System.Text.Encodings.Web.dll".
             Se encontró una referencia en la ubicación de ruta de acceso de búsqueda "{RawFileName}".
             Esta referencia no es "CopyLocal" porque existe al menos un elemento de origen con "Private" establecido en "false" y ningún elemento de origen con "Private" establecido en "true".
         Referencia principal "System.Text.Json, Version=7.0.0.0, Culture=neutral, PublicKeyToken=cc7b13ffcd2ddd51".
             La ruta de acceso del archivo resuelta es "C:\Program Files\dotnet\packs\Microsoft.NETCore.App.Ref\7.0.20\ref\net7.0\System.Text.Json.dll".
             Se encontró una referencia en la ubicación de ruta de acceso de búsqueda "{RawFileName}".
             Esta referencia no es "CopyLocal" porque existe al menos un elemento de origen con "Private" establecido en "false" y ningún elemento de origen con "Private" establecido en "true".
         Referencia principal "System.Text.RegularExpressions, Version=7.0.0.0, Culture=neutral, PublicKeyToken=b03f5f7f11d50a3a".
             La ruta de acceso del archivo resuelta es "C:\Program Files\dotnet\packs\Microsoft.NETCore.App.Ref\7.0.20\ref\net7.0\System.Text.RegularExpressions.dll".
             Se encontró una referencia en la ubicación de ruta de acceso de búsqueda "{RawFileName}".
             Esta referencia no es "CopyLocal" porque existe al menos un elemento de origen con "Private" establecido en "false" y ningún elemento de origen con "Private" establecido en "true".
         Referencia principal "System.Threading.Channels, Version=7.0.0.0, Culture=neutral, PublicKeyToken=cc7b13ffcd2ddd51".
             La ruta de acceso del archivo resuelta es "C:\Program Files\dotnet\packs\Microsoft.NETCore.App.Ref\7.0.20\ref\net7.0\System.Threading.Channels.dll".
             Se encontró una referencia en la ubicación de ruta de acceso de búsqueda "{RawFileName}".
             Esta referencia no es "CopyLocal" porque existe al menos un elemento de origen con "Private" establecido en "false" y ningún elemento de origen con "Private" establecido en "true".
         Referencia principal "System.Threading.Overlapped, Version=7.0.0.0, Culture=neutral, PublicKeyToken=b03f5f7f11d50a3a".
             La ruta de acceso del archivo resuelta es "C:\Program Files\dotnet\packs\Microsoft.NETCore.App.Ref\7.0.20\ref\net7.0\System.Threading.Overlapped.dll".
             Se encontró una referencia en la ubicación de ruta de acceso de búsqueda "{RawFileName}".
             Esta referencia no es "CopyLocal" porque existe al menos un elemento de origen con "Private" establecido en "false" y ningún elemento de origen con "Private" establecido en "true".
         Referencia principal "System.Threading.Tasks.Dataflow, Version=7.0.0.0, Culture=neutral, PublicKeyToken=b03f5f7f11d50a3a".
             La ruta de acceso del archivo resuelta es "C:\Program Files\dotnet\packs\Microsoft.NETCore.App.Ref\7.0.20\ref\net7.0\System.Threading.Tasks.Dataflow.dll".
             Se encontró una referencia en la ubicación de ruta de acceso de búsqueda "{RawFileName}".
             Esta referencia no es "CopyLocal" porque existe al menos un elemento de origen con "Private" establecido en "false" y ningún elemento de origen con "Private" establecido en "true".
         Referencia principal "System.Threading.Tasks.Extensions, Version=7.0.0.0, Culture=neutral, PublicKeyToken=cc7b13ffcd2ddd51".
             La ruta de acceso del archivo resuelta es "C:\Program Files\dotnet\packs\Microsoft.NETCore.App.Ref\7.0.20\ref\net7.0\System.Threading.Tasks.Extensions.dll".
             Se encontró una referencia en la ubicación de ruta de acceso de búsqueda "{RawFileName}".
             Esta referencia no es "CopyLocal" porque existe al menos un elemento de origen con "Private" establecido en "false" y ningún elemento de origen con "Private" establecido en "true".
         Referencia principal "System.Threading.Tasks.Parallel, Version=7.0.0.0, Culture=neutral, PublicKeyToken=b03f5f7f11d50a3a".
             La ruta de acceso del archivo resuelta es "C:\Program Files\dotnet\packs\Microsoft.NETCore.App.Ref\7.0.20\ref\net7.0\System.Threading.Tasks.Parallel.dll".
             Se encontró una referencia en la ubicación de ruta de acceso de búsqueda "{RawFileName}".
             Esta referencia no es "CopyLocal" porque existe al menos un elemento de origen con "Private" establecido en "false" y ningún elemento de origen con "Private" establecido en "true".
         Referencia principal "System.Threading.Tasks, Version=7.0.0.0, Culture=neutral, PublicKeyToken=b03f5f7f11d50a3a".
             La ruta de acceso del archivo resuelta es "C:\Program Files\dotnet\packs\Microsoft.NETCore.App.Ref\7.0.20\ref\net7.0\System.Threading.Tasks.dll".
             Se encontró una referencia en la ubicación de ruta de acceso de búsqueda "{RawFileName}".
             Esta referencia no es "CopyLocal" porque existe al menos un elemento de origen con "Private" establecido en "false" y ningún elemento de origen con "Private" establecido en "true".
         Referencia principal "System.Threading.Thread, Version=7.0.0.0, Culture=neutral, PublicKeyToken=b03f5f7f11d50a3a".
             La ruta de acceso del archivo resuelta es "C:\Program Files\dotnet\packs\Microsoft.NETCore.App.Ref\7.0.20\ref\net7.0\System.Threading.Thread.dll".
             Se encontró una referencia en la ubicación de ruta de acceso de búsqueda "{RawFileName}".
             Esta referencia no es "CopyLocal" porque existe al menos un elemento de origen con "Private" establecido en "false" y ningún elemento de origen con "Private" establecido en "true".
         Referencia principal "System.Threading.ThreadPool, Version=7.0.0.0, Culture=neutral, PublicKeyToken=b03f5f7f11d50a3a".
             La ruta de acceso del archivo resuelta es "C:\Program Files\dotnet\packs\Microsoft.NETCore.App.Ref\7.0.20\ref\net7.0\System.Threading.ThreadPool.dll".
             Se encontró una referencia en la ubicación de ruta de acceso de búsqueda "{RawFileName}".
             Esta referencia no es "CopyLocal" porque existe al menos un elemento de origen con "Private" establecido en "false" y ningún elemento de origen con "Private" establecido en "true".
         Referencia principal "System.Threading.Timer, Version=7.0.0.0, Culture=neutral, PublicKeyToken=b03f5f7f11d50a3a".
             La ruta de acceso del archivo resuelta es "C:\Program Files\dotnet\packs\Microsoft.NETCore.App.Ref\7.0.20\ref\net7.0\System.Threading.Timer.dll".
             Se encontró una referencia en la ubicación de ruta de acceso de búsqueda "{RawFileName}".
             Esta referencia no es "CopyLocal" porque existe al menos un elemento de origen con "Private" establecido en "false" y ningún elemento de origen con "Private" establecido en "true".
         Referencia principal "System.Threading, Version=7.0.0.0, Culture=neutral, PublicKeyToken=b03f5f7f11d50a3a".
             La ruta de acceso del archivo resuelta es "C:\Program Files\dotnet\packs\Microsoft.NETCore.App.Ref\7.0.20\ref\net7.0\System.Threading.dll".
             Se encontró una referencia en la ubicación de ruta de acceso de búsqueda "{RawFileName}".
             Esta referencia no es "CopyLocal" porque existe al menos un elemento de origen con "Private" establecido en "false" y ningún elemento de origen con "Private" establecido en "true".
         Referencia principal "System.Transactions.Local, Version=7.0.0.0, Culture=neutral, PublicKeyToken=cc7b13ffcd2ddd51".
             La ruta de acceso del archivo resuelta es "C:\Program Files\dotnet\packs\Microsoft.NETCore.App.Ref\7.0.20\ref\net7.0\System.Transactions.Local.dll".
             Se encontró una referencia en la ubicación de ruta de acceso de búsqueda "{RawFileName}".
             Esta referencia no es "CopyLocal" porque existe al menos un elemento de origen con "Private" establecido en "false" y ningún elemento de origen con "Private" establecido en "true".
         Referencia principal "System.Transactions, Version=4.0.0.0, Culture=neutral, PublicKeyToken=b77a5c561934e089".
             La ruta de acceso del archivo resuelta es "C:\Program Files\dotnet\packs\Microsoft.NETCore.App.Ref\7.0.20\ref\net7.0\System.Transactions.dll".
             Se encontró una referencia en la ubicación de ruta de acceso de búsqueda "{RawFileName}".
             Esta referencia no es "CopyLocal" porque existe al menos un elemento de origen con "Private" establecido en "false" y ningún elemento de origen con "Private" establecido en "true".
         Referencia principal "System.ValueTuple, Version=4.0.3.0, Culture=neutral, PublicKeyToken=cc7b13ffcd2ddd51".
             La ruta de acceso del archivo resuelta es "C:\Program Files\dotnet\packs\Microsoft.NETCore.App.Ref\7.0.20\ref\net7.0\System.ValueTuple.dll".
             Se encontró una referencia en la ubicación de ruta de acceso de búsqueda "{RawFileName}".
             Esta referencia no es "CopyLocal" porque existe al menos un elemento de origen con "Private" establecido en "false" y ningún elemento de origen con "Private" establecido en "true".
         Referencia principal "System.Web.HttpUtility, Version=7.0.0.0, Culture=neutral, PublicKeyToken=cc7b13ffcd2ddd51".
             La ruta de acceso del archivo resuelta es "C:\Program Files\dotnet\packs\Microsoft.NETCore.App.Ref\7.0.20\ref\net7.0\System.Web.HttpUtility.dll".
             Se encontró una referencia en la ubicación de ruta de acceso de búsqueda "{RawFileName}".
             Esta referencia no es "CopyLocal" porque existe al menos un elemento de origen con "Private" establecido en "false" y ningún elemento de origen con "Private" establecido en "true".
         Referencia principal "System.Web, Version=4.0.0.0, Culture=neutral, PublicKeyToken=b03f5f7f11d50a3a".
             La ruta de acceso del archivo resuelta es "C:\Program Files\dotnet\packs\Microsoft.NETCore.App.Ref\7.0.20\ref\net7.0\System.Web.dll".
             Se encontró una referencia en la ubicación de ruta de acceso de búsqueda "{RawFileName}".
             Esta referencia no es "CopyLocal" porque existe al menos un elemento de origen con "Private" establecido en "false" y ningún elemento de origen con "Private" establecido en "true".
         Referencia principal "System.Windows, Version=4.0.0.0, Culture=neutral, PublicKeyToken=b03f5f7f11d50a3a".
             La ruta de acceso del archivo resuelta es "C:\Program Files\dotnet\packs\Microsoft.NETCore.App.Ref\7.0.20\ref\net7.0\System.Windows.dll".
             Se encontró una referencia en la ubicación de ruta de acceso de búsqueda "{RawFileName}".
             Esta referencia no es "CopyLocal" porque existe al menos un elemento de origen con "Private" establecido en "false" y ningún elemento de origen con "Private" establecido en "true".
         Referencia principal "System.Xml.Linq, Version=4.0.0.0, Culture=neutral, PublicKeyToken=b77a5c561934e089".
             La ruta de acceso del archivo resuelta es "C:\Program Files\dotnet\packs\Microsoft.NETCore.App.Ref\7.0.20\ref\net7.0\System.Xml.Linq.dll".
             Se encontró una referencia en la ubicación de ruta de acceso de búsqueda "{RawFileName}".
             Esta referencia no es "CopyLocal" porque existe al menos un elemento de origen con "Private" establecido en "false" y ningún elemento de origen con "Private" establecido en "true".
         Referencia principal "System.Xml.ReaderWriter, Version=7.0.0.0, Culture=neutral, PublicKeyToken=b03f5f7f11d50a3a".
             La ruta de acceso del archivo resuelta es "C:\Program Files\dotnet\packs\Microsoft.NETCore.App.Ref\7.0.20\ref\net7.0\System.Xml.ReaderWriter.dll".
             Se encontró una referencia en la ubicación de ruta de acceso de búsqueda "{RawFileName}".
             Esta referencia no es "CopyLocal" porque existe al menos un elemento de origen con "Private" establecido en "false" y ningún elemento de origen con "Private" establecido en "true".
         Referencia principal "System.Xml.Serialization, Version=4.0.0.0, Culture=neutral, PublicKeyToken=b77a5c561934e089".
             La ruta de acceso del archivo resuelta es "C:\Program Files\dotnet\packs\Microsoft.NETCore.App.Ref\7.0.20\ref\net7.0\System.Xml.Serialization.dll".
             Se encontró una referencia en la ubicación de ruta de acceso de búsqueda "{RawFileName}".
             Esta referencia no es "CopyLocal" porque existe al menos un elemento de origen con "Private" establecido en "false" y ningún elemento de origen con "Private" establecido en "true".
         Referencia principal "System.Xml.XDocument, Version=7.0.0.0, Culture=neutral, PublicKeyToken=b03f5f7f11d50a3a".
             La ruta de acceso del archivo resuelta es "C:\Program Files\dotnet\packs\Microsoft.NETCore.App.Ref\7.0.20\ref\net7.0\System.Xml.XDocument.dll".
             Se encontró una referencia en la ubicación de ruta de acceso de búsqueda "{RawFileName}".
             Esta referencia no es "CopyLocal" porque existe al menos un elemento de origen con "Private" establecido en "false" y ningún elemento de origen con "Private" establecido en "true".
         Referencia principal "System.Xml.XPath.XDocument, Version=7.0.0.0, Culture=neutral, PublicKeyToken=b03f5f7f11d50a3a".
             La ruta de acceso del archivo resuelta es "C:\Program Files\dotnet\packs\Microsoft.NETCore.App.Ref\7.0.20\ref\net7.0\System.Xml.XPath.XDocument.dll".
             Se encontró una referencia en la ubicación de ruta de acceso de búsqueda "{RawFileName}".
             Esta referencia no es "CopyLocal" porque existe al menos un elemento de origen con "Private" establecido en "false" y ningún elemento de origen con "Private" establecido en "true".
         Referencia principal "System.Xml.XPath, Version=7.0.0.0, Culture=neutral, PublicKeyToken=b03f5f7f11d50a3a".
             La ruta de acceso del archivo resuelta es "C:\Program Files\dotnet\packs\Microsoft.NETCore.App.Ref\7.0.20\ref\net7.0\System.Xml.XPath.dll".
             Se encontró una referencia en la ubicación de ruta de acceso de búsqueda "{RawFileName}".
             Esta referencia no es "CopyLocal" porque existe al menos un elemento de origen con "Private" establecido en "false" y ningún elemento de origen con "Private" establecido en "true".
         Referencia principal "System.Xml.XmlDocument, Version=7.0.0.0, Culture=neutral, PublicKeyToken=b03f5f7f11d50a3a".
             La ruta de acceso del archivo resuelta es "C:\Program Files\dotnet\packs\Microsoft.NETCore.App.Ref\7.0.20\ref\net7.0\System.Xml.XmlDocument.dll".
             Se encontró una referencia en la ubicación de ruta de acceso de búsqueda "{RawFileName}".
             Esta referencia no es "CopyLocal" porque existe al menos un elemento de origen con "Private" establecido en "false" y ningún elemento de origen con "Private" establecido en "true".
         Referencia principal "System.Xml.XmlSerializer, Version=7.0.0.0, Culture=neutral, PublicKeyToken=b03f5f7f11d50a3a".
             La ruta de acceso del archivo resuelta es "C:\Program Files\dotnet\packs\Microsoft.NETCore.App.Ref\7.0.20\ref\net7.0\System.Xml.XmlSerializer.dll".
             Se encontró una referencia en la ubicación de ruta de acceso de búsqueda "{RawFileName}".
             Esta referencia no es "CopyLocal" porque existe al menos un elemento de origen con "Private" establecido en "false" y ningún elemento de origen con "Private" establecido en "true".
         Referencia principal "System.Xml, Version=4.0.0.0, Culture=neutral, PublicKeyToken=b77a5c561934e089".
             La ruta de acceso del archivo resuelta es "C:\Program Files\dotnet\packs\Microsoft.NETCore.App.Ref\7.0.20\ref\net7.0\System.Xml.dll".
             Se encontró una referencia en la ubicación de ruta de acceso de búsqueda "{RawFileName}".
             Esta referencia no es "CopyLocal" porque existe al menos un elemento de origen con "Private" establecido en "false" y ningún elemento de origen con "Private" establecido en "true".
         Referencia principal "System, Version=4.0.0.0, Culture=neutral, PublicKeyToken=b77a5c561934e089".
             La ruta de acceso del archivo resuelta es "C:\Program Files\dotnet\packs\Microsoft.NETCore.App.Ref\7.0.20\ref\net7.0\System.dll".
             Se encontró una referencia en la ubicación de ruta de acceso de búsqueda "{RawFileName}".
             Esta referencia no es "CopyLocal" porque existe al menos un elemento de origen con "Private" establecido en "false" y ningún elemento de origen con "Private" establecido en "true".
         Referencia principal "mscorlib, Version=4.0.0.0, Culture=neutral, PublicKeyToken=b77a5c561934e089".
             La ruta de acceso del archivo resuelta es "C:\Program Files\dotnet\packs\Microsoft.NETCore.App.Ref\7.0.20\ref\net7.0\mscorlib.dll".
             Se encontró una referencia en la ubicación de ruta de acceso de búsqueda "{RawFileName}".
             Esta referencia no es "CopyLocal" porque existe al menos un elemento de origen con "Private" establecido en "false" y ningún elemento de origen con "Private" establecido en "true".
         Referencia principal "netstandard, Version=2.1.0.0, Culture=neutral, PublicKeyToken=cc7b13ffcd2ddd51".
             La ruta de acceso del archivo resuelta es "C:\Program Files\dotnet\packs\Microsoft.NETCore.App.Ref\7.0.20\ref\net7.0\netstandard.dll".
             Se encontró una referencia en la ubicación de ruta de acceso de búsqueda "{RawFileName}".
             Esta referencia no es "CopyLocal" porque existe al menos un elemento de origen con "Private" establecido en "false" y ningún elemento de origen con "Private" establecido en "true".
         Referencia principal "Accessibility, Version=4.0.0.0, Culture=neutral, PublicKeyToken=31bf3856ad364e35".
             La ruta de acceso del archivo resuelta es "C:\Program Files\dotnet\packs\Microsoft.WindowsDesktop.App.Ref\7.0.20\ref\net7.0\Accessibility.dll".
             Se encontró una referencia en la ubicación de ruta de acceso de búsqueda "{RawFileName}".
             Esta referencia no es "CopyLocal" porque existe al menos un elemento de origen con "Private" establecido en "false" y ningún elemento de origen con "Private" establecido en "true".
         Referencia principal "Microsoft.Win32.Registry.AccessControl, Version=7.0.0.0, Culture=neutral, PublicKeyToken=b03f5f7f11d50a3a".
             La ruta de acceso del archivo resuelta es "C:\Program Files\dotnet\packs\Microsoft.WindowsDesktop.App.Ref\7.0.20\ref\net7.0\Microsoft.Win32.Registry.AccessControl.dll".
             Se encontró una referencia en la ubicación de ruta de acceso de búsqueda "{RawFileName}".
             Esta referencia no es "CopyLocal" porque existe al menos un elemento de origen con "Private" establecido en "false" y ningún elemento de origen con "Private" establecido en "true".
         Referencia principal "Microsoft.Win32.SystemEvents, Version=7.0.0.0, Culture=neutral, PublicKeyToken=cc7b13ffcd2ddd51".
             La ruta de acceso del archivo resuelta es "C:\Program Files\dotnet\packs\Microsoft.WindowsDesktop.App.Ref\7.0.20\ref\net7.0\Microsoft.Win32.SystemEvents.dll".
             Se encontró una referencia en la ubicación de ruta de acceso de búsqueda "{RawFileName}".
             Esta referencia no es "CopyLocal" porque existe al menos un elemento de origen con "Private" establecido en "false" y ningún elemento de origen con "Private" establecido en "true".
         Referencia principal "PresentationCore, Version=7.0.0.0, Culture=neutral, PublicKeyToken=31bf3856ad364e35".
             La ruta de acceso del archivo resuelta es "C:\Program Files\dotnet\packs\Microsoft.WindowsDesktop.App.Ref\7.0.20\ref\net7.0\PresentationCore.dll".
             Se encontró una referencia en la ubicación de ruta de acceso de búsqueda "{RawFileName}".
             Esta referencia no es "CopyLocal" porque existe al menos un elemento de origen con "Private" establecido en "false" y ningún elemento de origen con "Private" establecido en "true".
         Referencia principal "PresentationFramework.Aero, Version=7.0.0.0, Culture=neutral, PublicKeyToken=31bf3856ad364e35".
             La ruta de acceso del archivo resuelta es "C:\Program Files\dotnet\packs\Microsoft.WindowsDesktop.App.Ref\7.0.20\ref\net7.0\PresentationFramework.Aero.dll".
             Se encontró una referencia en la ubicación de ruta de acceso de búsqueda "{RawFileName}".
             Esta referencia no es "CopyLocal" porque existe al menos un elemento de origen con "Private" establecido en "false" y ningún elemento de origen con "Private" establecido en "true".
         Referencia principal "PresentationFramework.Aero2, Version=7.0.0.0, Culture=neutral, PublicKeyToken=31bf3856ad364e35".
             La ruta de acceso del archivo resuelta es "C:\Program Files\dotnet\packs\Microsoft.WindowsDesktop.App.Ref\7.0.20\ref\net7.0\PresentationFramework.Aero2.dll".
             Se encontró una referencia en la ubicación de ruta de acceso de búsqueda "{RawFileName}".
             Esta referencia no es "CopyLocal" porque existe al menos un elemento de origen con "Private" establecido en "false" y ningún elemento de origen con "Private" establecido en "true".
         Referencia principal "PresentationFramework.AeroLite, Version=7.0.0.0, Culture=neutral, PublicKeyToken=31bf3856ad364e35".
             La ruta de acceso del archivo resuelta es "C:\Program Files\dotnet\packs\Microsoft.WindowsDesktop.App.Ref\7.0.20\ref\net7.0\PresentationFramework.AeroLite.dll".
             Se encontró una referencia en la ubicación de ruta de acceso de búsqueda "{RawFileName}".
             Esta referencia no es "CopyLocal" porque existe al menos un elemento de origen con "Private" establecido en "false" y ningún elemento de origen con "Private" establecido en "true".
         Referencia principal "PresentationFramework.Classic, Version=7.0.0.0, Culture=neutral, PublicKeyToken=31bf3856ad364e35".
             La ruta de acceso del archivo resuelta es "C:\Program Files\dotnet\packs\Microsoft.WindowsDesktop.App.Ref\7.0.20\ref\net7.0\PresentationFramework.Classic.dll".
             Se encontró una referencia en la ubicación de ruta de acceso de búsqueda "{RawFileName}".
             Esta referencia no es "CopyLocal" porque existe al menos un elemento de origen con "Private" establecido en "false" y ningún elemento de origen con "Private" establecido en "true".
         Referencia principal "PresentationFramework.Luna, Version=7.0.0.0, Culture=neutral, PublicKeyToken=31bf3856ad364e35".
             La ruta de acceso del archivo resuelta es "C:\Program Files\dotnet\packs\Microsoft.WindowsDesktop.App.Ref\7.0.20\ref\net7.0\PresentationFramework.Luna.dll".
             Se encontró una referencia en la ubicación de ruta de acceso de búsqueda "{RawFileName}".
             Esta referencia no es "CopyLocal" porque existe al menos un elemento de origen con "Private" establecido en "false" y ningún elemento de origen con "Private" establecido en "true".
         Referencia principal "PresentationFramework.Royale, Version=7.0.0.0, Culture=neutral, PublicKeyToken=31bf3856ad364e35".
             La ruta de acceso del archivo resuelta es "C:\Program Files\dotnet\packs\Microsoft.WindowsDesktop.App.Ref\7.0.20\ref\net7.0\PresentationFramework.Royale.dll".
             Se encontró una referencia en la ubicación de ruta de acceso de búsqueda "{RawFileName}".
             Esta referencia no es "CopyLocal" porque existe al menos un elemento de origen con "Private" establecido en "false" y ningún elemento de origen con "Private" establecido en "true".
         Referencia principal "PresentationFramework, Version=7.0.0.0, Culture=neutral, PublicKeyToken=31bf3856ad364e35".
             La ruta de acceso del archivo resuelta es "C:\Program Files\dotnet\packs\Microsoft.WindowsDesktop.App.Ref\7.0.20\ref\net7.0\PresentationFramework.dll".
             Se encontró una referencia en la ubicación de ruta de acceso de búsqueda "{RawFileName}".
             Esta referencia no es "CopyLocal" porque existe al menos un elemento de origen con "Private" establecido en "false" y ningún elemento de origen con "Private" establecido en "true".
         Referencia principal "PresentationUI, Version=7.0.0.0, Culture=neutral, PublicKeyToken=b77a5c561934e089".
             La ruta de acceso del archivo resuelta es "C:\Program Files\dotnet\packs\Microsoft.WindowsDesktop.App.Ref\7.0.20\ref\net7.0\PresentationUI.dll".
             Se encontró una referencia en la ubicación de ruta de acceso de búsqueda "{RawFileName}".
             Esta referencia no es "CopyLocal" porque existe al menos un elemento de origen con "Private" establecido en "false" y ningún elemento de origen con "Private" establecido en "true".
         Referencia principal "ReachFramework, Version=7.0.0.0, Culture=neutral, PublicKeyToken=31bf3856ad364e35".
             La ruta de acceso del archivo resuelta es "C:\Program Files\dotnet\packs\Microsoft.WindowsDesktop.App.Ref\7.0.20\ref\net7.0\ReachFramework.dll".
             Se encontró una referencia en la ubicación de ruta de acceso de búsqueda "{RawFileName}".
             Esta referencia no es "CopyLocal" porque existe al menos un elemento de origen con "Private" establecido en "false" y ningún elemento de origen con "Private" establecido en "true".
         Referencia principal "System.CodeDom, Version=7.0.0.0, Culture=neutral, PublicKeyToken=cc7b13ffcd2ddd51".
             La ruta de acceso del archivo resuelta es "C:\Program Files\dotnet\packs\Microsoft.WindowsDesktop.App.Ref\7.0.20\ref\net7.0\System.CodeDom.dll".
             Se encontró una referencia en la ubicación de ruta de acceso de búsqueda "{RawFileName}".
             Esta referencia no es "CopyLocal" porque existe al menos un elemento de origen con "Private" establecido en "false" y ningún elemento de origen con "Private" establecido en "true".
         Referencia principal "System.Configuration.ConfigurationManager, Version=7.0.0.0, Culture=neutral, PublicKeyToken=cc7b13ffcd2ddd51".
             La ruta de acceso del archivo resuelta es "C:\Program Files\dotnet\packs\Microsoft.WindowsDesktop.App.Ref\7.0.20\ref\net7.0\System.Configuration.ConfigurationManager.dll".
             Se encontró una referencia en la ubicación de ruta de acceso de búsqueda "{RawFileName}".
             Esta referencia no es "CopyLocal" porque existe al menos un elemento de origen con "Private" establecido en "false" y ningún elemento de origen con "Private" establecido en "true".
         Referencia principal "System.Diagnostics.EventLog, Version=7.0.0.0, Culture=neutral, PublicKeyToken=cc7b13ffcd2ddd51".
             La ruta de acceso del archivo resuelta es "C:\Program Files\dotnet\packs\Microsoft.WindowsDesktop.App.Ref\7.0.20\ref\net7.0\System.Diagnostics.EventLog.dll".
             Se encontró una referencia en la ubicación de ruta de acceso de búsqueda "{RawFileName}".
             Esta referencia no es "CopyLocal" porque existe al menos un elemento de origen con "Private" establecido en "false" y ningún elemento de origen con "Private" establecido en "true".
         Referencia principal "System.Diagnostics.PerformanceCounter, Version=7.0.0.0, Culture=neutral, PublicKeyToken=cc7b13ffcd2ddd51".
             La ruta de acceso del archivo resuelta es "C:\Program Files\dotnet\packs\Microsoft.WindowsDesktop.App.Ref\7.0.20\ref\net7.0\System.Diagnostics.PerformanceCounter.dll".
             Se encontró una referencia en la ubicación de ruta de acceso de búsqueda "{RawFileName}".
             Esta referencia no es "CopyLocal" porque existe al menos un elemento de origen con "Private" establecido en "false" y ningún elemento de origen con "Private" establecido en "true".
         Referencia principal "System.DirectoryServices, Version=4.0.0.0, Culture=neutral, PublicKeyToken=b03f5f7f11d50a3a".
             La ruta de acceso del archivo resuelta es "C:\Program Files\dotnet\packs\Microsoft.WindowsDesktop.App.Ref\7.0.20\ref\net7.0\System.DirectoryServices.dll".
             Se encontró una referencia en la ubicación de ruta de acceso de búsqueda "{RawFileName}".
             Esta referencia no es "CopyLocal" porque existe al menos un elemento de origen con "Private" establecido en "false" y ningún elemento de origen con "Private" establecido en "true".
         Referencia principal "System.IO.Packaging, Version=7.0.0.0, Culture=neutral, PublicKeyToken=b03f5f7f11d50a3a".
             La ruta de acceso del archivo resuelta es "C:\Program Files\dotnet\packs\Microsoft.WindowsDesktop.App.Ref\7.0.20\ref\net7.0\System.IO.Packaging.dll".
             Se encontró una referencia en la ubicación de ruta de acceso de búsqueda "{RawFileName}".
             Esta referencia no es "CopyLocal" porque existe al menos un elemento de origen con "Private" establecido en "false" y ningún elemento de origen con "Private" establecido en "true".
         Referencia principal "System.Printing, Version=7.0.0.0, Culture=neutral, PublicKeyToken=31bf3856ad364e35".
             La ruta de acceso del archivo resuelta es "C:\Program Files\dotnet\packs\Microsoft.WindowsDesktop.App.Ref\7.0.20\ref\net7.0\System.Printing.dll".
             Se encontró una referencia en la ubicación de ruta de acceso de búsqueda "{RawFileName}".
             Esta referencia no es "CopyLocal" porque existe al menos un elemento de origen con "Private" establecido en "false" y ningún elemento de origen con "Private" establecido en "true".
         Referencia principal "System.Resources.Extensions, Version=7.0.0.0, Culture=neutral, PublicKeyToken=cc7b13ffcd2ddd51".
             La ruta de acceso del archivo resuelta es "C:\Program Files\dotnet\packs\Microsoft.WindowsDesktop.App.Ref\7.0.20\ref\net7.0\System.Resources.Extensions.dll".
             Se encontró una referencia en la ubicación de ruta de acceso de búsqueda "{RawFileName}".
             Esta referencia no es "CopyLocal" porque existe al menos un elemento de origen con "Private" establecido en "false" y ningún elemento de origen con "Private" establecido en "true".
         Referencia principal "System.Security.Cryptography.Pkcs, Version=7.0.0.0, Culture=neutral, PublicKeyToken=b03f5f7f11d50a3a".
             La ruta de acceso del archivo resuelta es "C:\Program Files\dotnet\packs\Microsoft.WindowsDesktop.App.Ref\7.0.20\ref\net7.0\System.Security.Cryptography.Pkcs.dll".
             Se encontró una referencia en la ubicación de ruta de acceso de búsqueda "{RawFileName}".
             Esta referencia no es "CopyLocal" porque existe al menos un elemento de origen con "Private" establecido en "false" y ningún elemento de origen con "Private" establecido en "true".
         Referencia principal "System.Security.Cryptography.ProtectedData, Version=7.0.0.0, Culture=neutral, PublicKeyToken=b03f5f7f11d50a3a".
             La ruta de acceso del archivo resuelta es "C:\Program Files\dotnet\packs\Microsoft.WindowsDesktop.App.Ref\7.0.20\ref\net7.0\System.Security.Cryptography.ProtectedData.dll".
             Se encontró una referencia en la ubicación de ruta de acceso de búsqueda "{RawFileName}".
             Esta referencia no es "CopyLocal" porque existe al menos un elemento de origen con "Private" establecido en "false" y ningún elemento de origen con "Private" establecido en "true".
         Referencia principal "System.Security.Cryptography.Xml, Version=7.0.0.0, Culture=neutral, PublicKeyToken=cc7b13ffcd2ddd51".
             La ruta de acceso del archivo resuelta es "C:\Program Files\dotnet\packs\Microsoft.WindowsDesktop.App.Ref\7.0.20\ref\net7.0\System.Security.Cryptography.Xml.dll".
             Se encontró una referencia en la ubicación de ruta de acceso de búsqueda "{RawFileName}".
             Esta referencia no es "CopyLocal" porque existe al menos un elemento de origen con "Private" establecido en "false" y ningún elemento de origen con "Private" establecido en "true".
         Referencia principal "System.Security.Permissions, Version=7.0.0.0, Culture=neutral, PublicKeyToken=cc7b13ffcd2ddd51".
             La ruta de acceso del archivo resuelta es "C:\Program Files\dotnet\packs\Microsoft.WindowsDesktop.App.Ref\7.0.20\ref\net7.0\System.Security.Permissions.dll".
             Se encontró una referencia en la ubicación de ruta de acceso de búsqueda "{RawFileName}".
             Esta referencia no es "CopyLocal" porque existe al menos un elemento de origen con "Private" establecido en "false" y ningún elemento de origen con "Private" establecido en "true".
         Referencia principal "System.Threading.AccessControl, Version=7.0.0.0, Culture=neutral, PublicKeyToken=b03f5f7f11d50a3a".
             La ruta de acceso del archivo resuelta es "C:\Program Files\dotnet\packs\Microsoft.WindowsDesktop.App.Ref\7.0.20\ref\net7.0\System.Threading.AccessControl.dll".
             Se encontró una referencia en la ubicación de ruta de acceso de búsqueda "{RawFileName}".
             Esta referencia no es "CopyLocal" porque existe al menos un elemento de origen con "Private" establecido en "false" y ningún elemento de origen con "Private" establecido en "true".
         Referencia principal "System.Windows.Controls.Ribbon, Version=7.0.0.0, Culture=neutral, PublicKeyToken=b77a5c561934e089".
             La ruta de acceso del archivo resuelta es "C:\Program Files\dotnet\packs\Microsoft.WindowsDesktop.App.Ref\7.0.20\ref\net7.0\System.Windows.Controls.Ribbon.dll".
             Se encontró una referencia en la ubicación de ruta de acceso de búsqueda "{RawFileName}".
             Esta referencia no es "CopyLocal" porque existe al menos un elemento de origen con "Private" establecido en "false" y ningún elemento de origen con "Private" establecido en "true".
         Referencia principal "System.Windows.Extensions, Version=7.0.0.0, Culture=neutral, PublicKeyToken=cc7b13ffcd2ddd51".
             La ruta de acceso del archivo resuelta es "C:\Program Files\dotnet\packs\Microsoft.WindowsDesktop.App.Ref\7.0.20\ref\net7.0\System.Windows.Extensions.dll".
             Se encontró una referencia en la ubicación de ruta de acceso de búsqueda "{RawFileName}".
             Esta referencia no es "CopyLocal" porque existe al menos un elemento de origen con "Private" establecido en "false" y ningún elemento de origen con "Private" establecido en "true".
         Referencia principal "System.Windows.Input.Manipulations, Version=7.0.0.0, Culture=neutral, PublicKeyToken=b77a5c561934e089".
             La ruta de acceso del archivo resuelta es "C:\Program Files\dotnet\packs\Microsoft.WindowsDesktop.App.Ref\7.0.20\ref\net7.0\System.Windows.Input.Manipulations.dll".
             Se encontró una referencia en la ubicación de ruta de acceso de búsqueda "{RawFileName}".
             Esta referencia no es "CopyLocal" porque existe al menos un elemento de origen con "Private" establecido en "false" y ningún elemento de origen con "Private" establecido en "true".
         Referencia principal "System.Windows.Presentation, Version=7.0.0.0, Culture=neutral, PublicKeyToken=b77a5c561934e089".
             La ruta de acceso del archivo resuelta es "C:\Program Files\dotnet\packs\Microsoft.WindowsDesktop.App.Ref\7.0.20\ref\net7.0\System.Windows.Presentation.dll".
             Se encontró una referencia en la ubicación de ruta de acceso de búsqueda "{RawFileName}".
             Esta referencia no es "CopyLocal" porque existe al menos un elemento de origen con "Private" establecido en "false" y ningún elemento de origen con "Private" establecido en "true".
         Referencia principal "System.Xaml, Version=7.0.0.0, Culture=neutral, PublicKeyToken=b77a5c561934e089".
             La ruta de acceso del archivo resuelta es "C:\Program Files\dotnet\packs\Microsoft.WindowsDesktop.App.Ref\7.0.20\ref\net7.0\System.Xaml.dll".
             Se encontró una referencia en la ubicación de ruta de acceso de búsqueda "{RawFileName}".
             Esta referencia no es "CopyLocal" porque existe al menos un elemento de origen con "Private" establecido en "false" y ningún elemento de origen con "Private" establecido en "true".
         Referencia principal "UIAutomationClient, Version=7.0.0.0, Culture=neutral, PublicKeyToken=31bf3856ad364e35".
             La ruta de acceso del archivo resuelta es "C:\Program Files\dotnet\packs\Microsoft.WindowsDesktop.App.Ref\7.0.20\ref\net7.0\UIAutomationClient.dll".
             Se encontró una referencia en la ubicación de ruta de acceso de búsqueda "{RawFileName}".
             Esta referencia no es "CopyLocal" porque existe al menos un elemento de origen con "Private" establecido en "false" y ningún elemento de origen con "Private" establecido en "true".
         Referencia principal "UIAutomationClientSideProviders, Version=7.0.0.0, Culture=neutral, PublicKeyToken=b77a5c561934e089".
             La ruta de acceso del archivo resuelta es "C:\Program Files\dotnet\packs\Microsoft.WindowsDesktop.App.Ref\7.0.20\ref\net7.0\UIAutomationClientSideProviders.dll".
             Se encontró una referencia en la ubicación de ruta de acceso de búsqueda "{RawFileName}".
             Esta referencia no es "CopyLocal" porque existe al menos un elemento de origen con "Private" establecido en "false" y ningún elemento de origen con "Private" establecido en "true".
         Referencia principal "UIAutomationProvider, Version=7.0.0.0, Culture=neutral, PublicKeyToken=31bf3856ad364e35".
             La ruta de acceso del archivo resuelta es "C:\Program Files\dotnet\packs\Microsoft.WindowsDesktop.App.Ref\7.0.20\ref\net7.0\UIAutomationProvider.dll".
             Se encontró una referencia en la ubicación de ruta de acceso de búsqueda "{RawFileName}".
             Esta referencia no es "CopyLocal" porque existe al menos un elemento de origen con "Private" establecido en "false" y ningún elemento de origen con "Private" establecido en "true".
         Referencia principal "UIAutomationTypes, Version=7.0.0.0, Culture=neutral, PublicKeyToken=31bf3856ad364e35".
             La ruta de acceso del archivo resuelta es "C:\Program Files\dotnet\packs\Microsoft.WindowsDesktop.App.Ref\7.0.20\ref\net7.0\UIAutomationTypes.dll".
             Se encontró una referencia en la ubicación de ruta de acceso de búsqueda "{RawFileName}".
             Esta referencia no es "CopyLocal" porque existe al menos un elemento de origen con "Private" establecido en "false" y ningún elemento de origen con "Private" establecido en "true".
         Referencia principal "WindowsBase, Version=7.0.0.0, Culture=neutral, PublicKeyToken=31bf3856ad364e35".
             La ruta de acceso del archivo resuelta es "C:\Program Files\dotnet\packs\Microsoft.WindowsDesktop.App.Ref\7.0.20\ref\net7.0\WindowsBase.dll".
             Se encontró una referencia en la ubicación de ruta de acceso de búsqueda "{RawFileName}".
             Esta referencia no es "CopyLocal" porque existe al menos un elemento de origen con "Private" establecido en "false" y ningún elemento de origen con "Private" establecido en "true".
       Ejecución de la tarea "ResolveAssemblyReference" terminada.
   1:7>Compilación terminada del destino "ResolveAssemblyReferences" en el proyecto "OptimizadorAdmin.csproj".
       Se omitió el destino "_ErrorOnUnresolvedWindowsSDKAssemblyConflict" debido a una condición falsa (False); ( '@(ResolveAssemblyReferenceUnresolvedAssemblyConflicts)' != '' ) se evaluó como ( '' != '' ).
       Se omitió el destino "GenerateBindingRedirects" debido a una condición falsa (False); ('$(AutoGenerateBindingRedirects)' == 'true' and '$(GenerateBindingRedirectsOutputType)' == 'true' and '@(SuggestedBindingRedirects)' != '') se evaluó como ('' == 'true' and 'true' == 'true' and '' != '').
       Se omitió el destino "GenerateSupportedRuntime" debido a una condición falsa (False); ('$(GenerateSupportedRuntime)' != 'false' and '$(TargetFrameworkIdentifier)' == '.NETFramework' and '$(HasRuntimeOutput)' == 'true') se evaluó como ('' != 'false' and '.NETCoreApp' == '.NETFramework' and 'true' == 'true').
       Se omitió el destino "GenerateBindingRedirectsUpdateAppConfig" debido a una condición falsa (False); ('$(AutoGenerateBindingRedirects)' == 'true' and '$(GenerateBindingRedirectsOutputType)' == 'true') se evaluó como ('' == 'true' and 'true' == 'true').
       Se omitió el destino "ResolveComReferences" debido a una condición falsa (False); ('@(COMReference)'!='' or '@(COMFileReference)'!='') se evaluó como (''!='' or ''!='').
   1:7>Destino "AfterResolveReferences" en el archivo "C:\Program Files\dotnet\sdk\7.0.410\Microsoft.Common.CurrentVersion.targets" del proyecto "c:\Users\Tosito\Desktop\Tosito\windows\Optimizacion\src\OptimizadorAdmin\OptimizadorAdmin.csproj" (el destino "ResolveReferences" depende de él):
   1:7>Compilación terminada del destino "AfterResolveReferences" en el proyecto "OptimizadorAdmin.csproj".
   1:7>Destino "ResolveReferences" en el archivo "C:\Program Files\dotnet\sdk\7.0.410\Microsoft.Common.CurrentVersion.targets" del proyecto "c:\Users\Tosito\Desktop\Tosito\windows\Optimizacion\src\OptimizadorAdmin\OptimizadorAdmin.csproj" (el destino "_BlockWinMDsOnUnsupportedTFMs" depende de él):
   1:7>Compilación terminada del destino "ResolveReferences" en el proyecto "OptimizadorAdmin.csproj".
   1:7>Destino "_BlockWinMDsOnUnsupportedTFMs" en el archivo "C:\Program Files\dotnet\sdk\7.0.410\Sdks\Microsoft.NET.Sdk\targets\Microsoft.NET.Sdk.targets" del proyecto "c:\Users\Tosito\Desktop\Tosito\windows\Optimizacion\src\OptimizadorAdmin\OptimizadorAdmin.csproj" (el destino "CoreBuild" depende de él):
       Usando la tarea "CheckForUnsupportedWinMDReferences" del ensamblado "C:\Program Files\dotnet\sdk\7.0.410\Sdks\Microsoft.NET.Sdk\targets\..\tools\net7.0\Microsoft.NET.Build.Tasks.dll".
       Tarea "CheckForUnsupportedWinMDReferences"
       Ejecución de la tarea "CheckForUnsupportedWinMDReferences" terminada.
       Se omitió la tarea "NETSdkError" debido a una condición falsa (False); ('$(OutputType)' == 'winmdobj') se evaluó como ('WinExe' == 'winmdobj').
   1:7>Compilación terminada del destino "_BlockWinMDsOnUnsupportedTFMs" en el proyecto "OptimizadorAdmin.csproj".
       Se omitió el destino "ResolveReferences". Compilado previamente de forma correcta.
       Se omitió el destino "SplashScreenValidation" debido a una condición falsa (False); ('@(SplashScreen)' != '') se evaluó como ('' != '').
   1:7>Destino "MarkupCompilePass1" en el archivo "C:\Program Files\dotnet\sdk\7.0.410\Sdks\Microsoft.NET.Sdk.WindowsDesktop\targets\Microsoft.WinFX.targets" del proyecto "c:\Users\Tosito\Desktop\Tosito\windows\Optimizacion\src\OptimizadorAdmin\OptimizadorAdmin.csproj" (el destino "PrepareResources" depende de él):
       Se omitió la tarea "Message" debido a una condición falsa (False); ('$(MSBuildTargetsVerbose)'=='true') se evaluó como (''=='true').
       Se omitió la tarea "Message" debido a una condición falsa (False); ('$(MSBuildTargetsVerbose)'=='true') se evaluó como (''=='true').
       Se omitió la tarea "Message" debido a una condición falsa (False); ('$(MSBuildTargetsVerbose)'=='true') se evaluó como (''=='true').
       Se omitió la tarea "Message" debido a una condición falsa (False); ('$(MSBuildTargetsVerbose)'=='true') se evaluó como (''=='true').
       Ensamblado cargado durante TaskRun: PresentationBuildTasks, Version=7.0.20.0, Culture=neutral, PublicKeyToken=31bf3856ad364e35 (ubicación: C:\Program Files\dotnet\sdk\7.0.410\Sdks\Microsoft.NET.Sdk.WindowsDesktop\tools\net7.0\PresentationBuildTasks.dll, MVID: 506355d3-1bc9-48a7-afec-3ef9f77a989e, AppDomain: [Default])
       Usando la tarea "MarkupCompilePass1" del ensamblado "C:\Program Files\dotnet\sdk\7.0.410\Sdks\Microsoft.NET.Sdk.WindowsDesktop\tools\net7.0\PresentationBuildTasks.dll".
       Tarea "MarkupCompilePass1"
         
         
         Microsoft (R) Build Task 'MarkupCompilePass1' Versión '7.0.2024.26905'.
         Copyright (C) Microsoft Corporation 2005. Reservados todos los derechos.
         
         
         Entrada: archivo ApplicationDefinition de marcado: 'c:\Users\Tosito\Desktop\Tosito\windows\Optimizacion\src\OptimizadorAdmin\App.xaml'.
         El directorio del proyecto actual es 'c:\Users\Tosito\Desktop\Tosito\windows\Optimizacion\src\OptimizadorAdmin\'.
         Resultado del análisis: 'ModifiedPages'.
         Archivo XAML compilado de nuevo: 'c:\Users\Tosito\Desktop\Tosito\windows\Optimizacion\src\OptimizadorAdmin\MainWindow.xaml'.
         Comenzó la compilación de marcado.
         OutputType es 'winexe'.
         Entrada: archivo Reference de ensamblado: 'C:\Program Files\dotnet\packs\Microsoft.WindowsDesktop.App.Ref\7.0.20\ref\net7.0\Accessibility.dll'.
         Entrada: archivo Reference de ensamblado: 'C:\Program Files\dotnet\packs\Microsoft.NETCore.App.Ref\7.0.20\ref\net7.0\Microsoft.CSharp.dll'.
         Entrada: archivo Reference de ensamblado: 'C:\Program Files\dotnet\packs\Microsoft.NETCore.App.Ref\7.0.20\ref\net7.0\Microsoft.VisualBasic.Core.dll'.
         Entrada: archivo Reference de ensamblado: 'C:\Program Files\dotnet\packs\Microsoft.NETCore.App.Ref\7.0.20\ref\net7.0\Microsoft.VisualBasic.dll'.
         Entrada: archivo Reference de ensamblado: 'C:\Program Files\dotnet\packs\Microsoft.NETCore.App.Ref\7.0.20\ref\net7.0\Microsoft.Win32.Primitives.dll'.
         Entrada: archivo Reference de ensamblado: 'C:\Program Files\dotnet\packs\Microsoft.WindowsDesktop.App.Ref\7.0.20\ref\net7.0\Microsoft.Win32.Registry.AccessControl.dll'.
         Entrada: archivo Reference de ensamblado: 'C:\Program Files\dotnet\packs\Microsoft.NETCore.App.Ref\7.0.20\ref\net7.0\Microsoft.Win32.Registry.dll'.
         Entrada: archivo Reference de ensamblado: 'C:\Program Files\dotnet\packs\Microsoft.WindowsDesktop.App.Ref\7.0.20\ref\net7.0\Microsoft.Win32.SystemEvents.dll'.
         Entrada: archivo Reference de ensamblado: 'C:\Program Files\dotnet\packs\Microsoft.NETCore.App.Ref\7.0.20\ref\net7.0\mscorlib.dll'.
         Entrada: archivo Reference de ensamblado: 'C:\Program Files\dotnet\packs\Microsoft.NETCore.App.Ref\7.0.20\ref\net7.0\netstandard.dll'.
         Entrada: archivo Reference de ensamblado: 'C:\Program Files\dotnet\packs\Microsoft.WindowsDesktop.App.Ref\7.0.20\ref\net7.0\PresentationCore.dll'.
         Entrada: archivo Reference de ensamblado: 'C:\Program Files\dotnet\packs\Microsoft.WindowsDesktop.App.Ref\7.0.20\ref\net7.0\PresentationFramework.Aero.dll'.
         Entrada: archivo Reference de ensamblado: 'C:\Program Files\dotnet\packs\Microsoft.WindowsDesktop.App.Ref\7.0.20\ref\net7.0\PresentationFramework.Aero2.dll'.
         Entrada: archivo Reference de ensamblado: 'C:\Program Files\dotnet\packs\Microsoft.WindowsDesktop.App.Ref\7.0.20\ref\net7.0\PresentationFramework.AeroLite.dll'.
         Entrada: archivo Reference de ensamblado: 'C:\Program Files\dotnet\packs\Microsoft.WindowsDesktop.App.Ref\7.0.20\ref\net7.0\PresentationFramework.Classic.dll'.
         Entrada: archivo Reference de ensamblado: 'C:\Program Files\dotnet\packs\Microsoft.WindowsDesktop.App.Ref\7.0.20\ref\net7.0\PresentationFramework.dll'.
         Entrada: archivo Reference de ensamblado: 'C:\Program Files\dotnet\packs\Microsoft.WindowsDesktop.App.Ref\7.0.20\ref\net7.0\PresentationFramework.Luna.dll'.
         Entrada: archivo Reference de ensamblado: 'C:\Program Files\dotnet\packs\Microsoft.WindowsDesktop.App.Ref\7.0.20\ref\net7.0\PresentationFramework.Royale.dll'.
         Entrada: archivo Reference de ensamblado: 'C:\Program Files\dotnet\packs\Microsoft.WindowsDesktop.App.Ref\7.0.20\ref\net7.0\PresentationUI.dll'.
         Entrada: archivo Reference de ensamblado: 'C:\Program Files\dotnet\packs\Microsoft.WindowsDesktop.App.Ref\7.0.20\ref\net7.0\ReachFramework.dll'.
         Entrada: archivo Reference de ensamblado: 'C:\Program Files\dotnet\packs\Microsoft.NETCore.App.Ref\7.0.20\ref\net7.0\System.AppContext.dll'.
         Entrada: archivo Reference de ensamblado: 'C:\Program Files\dotnet\packs\Microsoft.NETCore.App.Ref\7.0.20\ref\net7.0\System.Buffers.dll'.
         Entrada: archivo Reference de ensamblado: 'C:\Program Files\dotnet\packs\Microsoft.WindowsDesktop.App.Ref\7.0.20\ref\net7.0\System.CodeDom.dll'.
         Entrada: archivo Reference de ensamblado: 'C:\Program Files\dotnet\packs\Microsoft.NETCore.App.Ref\7.0.20\ref\net7.0\System.Collections.Concurrent.dll'.
         Entrada: archivo Reference de ensamblado: 'C:\Program Files\dotnet\packs\Microsoft.NETCore.App.Ref\7.0.20\ref\net7.0\System.Collections.dll'.
         Entrada: archivo Reference de ensamblado: 'C:\Program Files\dotnet\packs\Microsoft.NETCore.App.Ref\7.0.20\ref\net7.0\System.Collections.Immutable.dll'.
         Entrada: archivo Reference de ensamblado: 'C:\Program Files\dotnet\packs\Microsoft.NETCore.App.Ref\7.0.20\ref\net7.0\System.Collections.NonGeneric.dll'.
         Entrada: archivo Reference de ensamblado: 'C:\Program Files\dotnet\packs\Microsoft.NETCore.App.Ref\7.0.20\ref\net7.0\System.Collections.Specialized.dll'.
         Entrada: archivo Reference de ensamblado: 'C:\Program Files\dotnet\packs\Microsoft.NETCore.App.Ref\7.0.20\ref\net7.0\System.ComponentModel.Annotations.dll'.
         Entrada: archivo Reference de ensamblado: 'C:\Program Files\dotnet\packs\Microsoft.NETCore.App.Ref\7.0.20\ref\net7.0\System.ComponentModel.DataAnnotations.dll'.
         Entrada: archivo Reference de ensamblado: 'C:\Program Files\dotnet\packs\Microsoft.NETCore.App.Ref\7.0.20\ref\net7.0\System.ComponentModel.dll'.
         Entrada: archivo Reference de ensamblado: 'C:\Program Files\dotnet\packs\Microsoft.NETCore.App.Ref\7.0.20\ref\net7.0\System.ComponentModel.EventBasedAsync.dll'.
         Entrada: archivo Reference de ensamblado: 'C:\Program Files\dotnet\packs\Microsoft.NETCore.App.Ref\7.0.20\ref\net7.0\System.ComponentModel.Primitives.dll'.
         Entrada: archivo Reference de ensamblado: 'C:\Program Files\dotnet\packs\Microsoft.NETCore.App.Ref\7.0.20\ref\net7.0\System.ComponentModel.TypeConverter.dll'.
         Entrada: archivo Reference de ensamblado: 'C:\Program Files\dotnet\packs\Microsoft.WindowsDesktop.App.Ref\7.0.20\ref\net7.0\System.Configuration.ConfigurationManager.dll'.
         Entrada: archivo Reference de ensamblado: 'C:\Program Files\dotnet\packs\Microsoft.NETCore.App.Ref\7.0.20\ref\net7.0\System.Configuration.dll'.
         Entrada: archivo Reference de ensamblado: 'C:\Program Files\dotnet\packs\Microsoft.NETCore.App.Ref\7.0.20\ref\net7.0\System.Console.dll'.
         Entrada: archivo Reference de ensamblado: 'C:\Program Files\dotnet\packs\Microsoft.NETCore.App.Ref\7.0.20\ref\net7.0\System.Core.dll'.
         Entrada: archivo Reference de ensamblado: 'C:\Program Files\dotnet\packs\Microsoft.NETCore.App.Ref\7.0.20\ref\net7.0\System.Data.Common.dll'.
         Entrada: archivo Reference de ensamblado: 'C:\Program Files\dotnet\packs\Microsoft.NETCore.App.Ref\7.0.20\ref\net7.0\System.Data.DataSetExtensions.dll'.
         Entrada: archivo Reference de ensamblado: 'C:\Program Files\dotnet\packs\Microsoft.NETCore.App.Ref\7.0.20\ref\net7.0\System.Data.dll'.
         Entrada: archivo Reference de ensamblado: 'C:\Program Files\dotnet\packs\Microsoft.NETCore.App.Ref\7.0.20\ref\net7.0\System.Diagnostics.Contracts.dll'.
         Entrada: archivo Reference de ensamblado: 'C:\Program Files\dotnet\packs\Microsoft.NETCore.App.Ref\7.0.20\ref\net7.0\System.Diagnostics.Debug.dll'.
         Entrada: archivo Reference de ensamblado: 'C:\Program Files\dotnet\packs\Microsoft.NETCore.App.Ref\7.0.20\ref\net7.0\System.Diagnostics.DiagnosticSource.dll'.
         Entrada: archivo Reference de ensamblado: 'C:\Program Files\dotnet\packs\Microsoft.WindowsDesktop.App.Ref\7.0.20\ref\net7.0\System.Diagnostics.EventLog.dll'.
         Entrada: archivo Reference de ensamblado: 'C:\Program Files\dotnet\packs\Microsoft.NETCore.App.Ref\7.0.20\ref\net7.0\System.Diagnostics.FileVersionInfo.dll'.
         Entrada: archivo Reference de ensamblado: 'C:\Program Files\dotnet\packs\Microsoft.WindowsDesktop.App.Ref\7.0.20\ref\net7.0\System.Diagnostics.PerformanceCounter.dll'.
         Entrada: archivo Reference de ensamblado: 'C:\Program Files\dotnet\packs\Microsoft.NETCore.App.Ref\7.0.20\ref\net7.0\System.Diagnostics.Process.dll'.
         Entrada: archivo Reference de ensamblado: 'C:\Program Files\dotnet\packs\Microsoft.NETCore.App.Ref\7.0.20\ref\net7.0\System.Diagnostics.StackTrace.dll'.
         Entrada: archivo Reference de ensamblado: 'C:\Program Files\dotnet\packs\Microsoft.NETCore.App.Ref\7.0.20\ref\net7.0\System.Diagnostics.TextWriterTraceListener.dll'.
         Entrada: archivo Reference de ensamblado: 'C:\Program Files\dotnet\packs\Microsoft.NETCore.App.Ref\7.0.20\ref\net7.0\System.Diagnostics.Tools.dll'.
         Entrada: archivo Reference de ensamblado: 'C:\Program Files\dotnet\packs\Microsoft.NETCore.App.Ref\7.0.20\ref\net7.0\System.Diagnostics.TraceSource.dll'.
         Entrada: archivo Reference de ensamblado: 'C:\Program Files\dotnet\packs\Microsoft.NETCore.App.Ref\7.0.20\ref\net7.0\System.Diagnostics.Tracing.dll'.
         Entrada: archivo Reference de ensamblado: 'C:\Program Files\dotnet\packs\Microsoft.WindowsDesktop.App.Ref\7.0.20\ref\net7.0\System.DirectoryServices.dll'.
         Entrada: archivo Reference de ensamblado: 'C:\Program Files\dotnet\packs\Microsoft.NETCore.App.Ref\7.0.20\ref\net7.0\System.dll'.
         Entrada: archivo Reference de ensamblado: 'C:\Program Files\dotnet\packs\Microsoft.NETCore.App.Ref\7.0.20\ref\net7.0\System.Drawing.dll'.
         Entrada: archivo Reference de ensamblado: 'C:\Program Files\dotnet\packs\Microsoft.NETCore.App.Ref\7.0.20\ref\net7.0\System.Drawing.Primitives.dll'.
         Entrada: archivo Reference de ensamblado: 'C:\Program Files\dotnet\packs\Microsoft.NETCore.App.Ref\7.0.20\ref\net7.0\System.Dynamic.Runtime.dll'.
         Entrada: archivo Reference de ensamblado: 'C:\Program Files\dotnet\packs\Microsoft.NETCore.App.Ref\7.0.20\ref\net7.0\System.Formats.Asn1.dll'.
         Entrada: archivo Reference de ensamblado: 'C:\Program Files\dotnet\packs\Microsoft.NETCore.App.Ref\7.0.20\ref\net7.0\System.Formats.Tar.dll'.
         Entrada: archivo Reference de ensamblado: 'C:\Program Files\dotnet\packs\Microsoft.NETCore.App.Ref\7.0.20\ref\net7.0\System.Globalization.Calendars.dll'.
         Entrada: archivo Reference de ensamblado: 'C:\Program Files\dotnet\packs\Microsoft.NETCore.App.Ref\7.0.20\ref\net7.0\System.Globalization.dll'.
         Entrada: archivo Reference de ensamblado: 'C:\Program Files\dotnet\packs\Microsoft.NETCore.App.Ref\7.0.20\ref\net7.0\System.Globalization.Extensions.dll'.
         Entrada: archivo Reference de ensamblado: 'C:\Program Files\dotnet\packs\Microsoft.NETCore.App.Ref\7.0.20\ref\net7.0\System.IO.Compression.Brotli.dll'.
         Entrada: archivo Reference de ensamblado: 'C:\Program Files\dotnet\packs\Microsoft.NETCore.App.Ref\7.0.20\ref\net7.0\System.IO.Compression.dll'.
         Entrada: archivo Reference de ensamblado: 'C:\Program Files\dotnet\packs\Microsoft.NETCore.App.Ref\7.0.20\ref\net7.0\System.IO.Compression.FileSystem.dll'.
         Entrada: archivo Reference de ensamblado: 'C:\Program Files\dotnet\packs\Microsoft.NETCore.App.Ref\7.0.20\ref\net7.0\System.IO.Compression.ZipFile.dll'.
         Entrada: archivo Reference de ensamblado: 'C:\Program Files\dotnet\packs\Microsoft.NETCore.App.Ref\7.0.20\ref\net7.0\System.IO.dll'.
         Entrada: archivo Reference de ensamblado: 'C:\Program Files\dotnet\packs\Microsoft.NETCore.App.Ref\7.0.20\ref\net7.0\System.IO.FileSystem.AccessControl.dll'.
         Entrada: archivo Reference de ensamblado: 'C:\Program Files\dotnet\packs\Microsoft.NETCore.App.Ref\7.0.20\ref\net7.0\System.IO.FileSystem.dll'.
         Entrada: archivo Reference de ensamblado: 'C:\Program Files\dotnet\packs\Microsoft.NETCore.App.Ref\7.0.20\ref\net7.0\System.IO.FileSystem.DriveInfo.dll'.
         Entrada: archivo Reference de ensamblado: 'C:\Program Files\dotnet\packs\Microsoft.NETCore.App.Ref\7.0.20\ref\net7.0\System.IO.FileSystem.Primitives.dll'.
         Entrada: archivo Reference de ensamblado: 'C:\Program Files\dotnet\packs\Microsoft.NETCore.App.Ref\7.0.20\ref\net7.0\System.IO.FileSystem.Watcher.dll'.
         Entrada: archivo Reference de ensamblado: 'C:\Program Files\dotnet\packs\Microsoft.NETCore.App.Ref\7.0.20\ref\net7.0\System.IO.IsolatedStorage.dll'.
         Entrada: archivo Reference de ensamblado: 'C:\Program Files\dotnet\packs\Microsoft.NETCore.App.Ref\7.0.20\ref\net7.0\System.IO.MemoryMappedFiles.dll'.
         Entrada: archivo Reference de ensamblado: 'C:\Program Files\dotnet\packs\Microsoft.WindowsDesktop.App.Ref\7.0.20\ref\net7.0\System.IO.Packaging.dll'.
         Entrada: archivo Reference de ensamblado: 'C:\Program Files\dotnet\packs\Microsoft.NETCore.App.Ref\7.0.20\ref\net7.0\System.IO.Pipes.AccessControl.dll'.
         Entrada: archivo Reference de ensamblado: 'C:\Program Files\dotnet\packs\Microsoft.NETCore.App.Ref\7.0.20\ref\net7.0\System.IO.Pipes.dll'.
         Entrada: archivo Reference de ensamblado: 'C:\Program Files\dotnet\packs\Microsoft.NETCore.App.Ref\7.0.20\ref\net7.0\System.IO.UnmanagedMemoryStream.dll'.
         Entrada: archivo Reference de ensamblado: 'C:\Program Files\dotnet\packs\Microsoft.NETCore.App.Ref\7.0.20\ref\net7.0\System.Linq.dll'.
         Entrada: archivo Reference de ensamblado: 'C:\Program Files\dotnet\packs\Microsoft.NETCore.App.Ref\7.0.20\ref\net7.0\System.Linq.Expressions.dll'.
         Entrada: archivo Reference de ensamblado: 'C:\Program Files\dotnet\packs\Microsoft.NETCore.App.Ref\7.0.20\ref\net7.0\System.Linq.Parallel.dll'.
         Entrada: archivo Reference de ensamblado: 'C:\Program Files\dotnet\packs\Microsoft.NETCore.App.Ref\7.0.20\ref\net7.0\System.Linq.Queryable.dll'.
         Entrada: archivo Reference de ensamblado: 'C:\Program Files\dotnet\packs\Microsoft.NETCore.App.Ref\7.0.20\ref\net7.0\System.Memory.dll'.
         Entrada: archivo Reference de ensamblado: 'C:\Program Files\dotnet\packs\Microsoft.NETCore.App.Ref\7.0.20\ref\net7.0\System.Net.dll'.
         Entrada: archivo Reference de ensamblado: 'C:\Program Files\dotnet\packs\Microsoft.NETCore.App.Ref\7.0.20\ref\net7.0\System.Net.Http.dll'.
         Entrada: archivo Reference de ensamblado: 'C:\Program Files\dotnet\packs\Microsoft.NETCore.App.Ref\7.0.20\ref\net7.0\System.Net.Http.Json.dll'.
         Entrada: archivo Reference de ensamblado: 'C:\Program Files\dotnet\packs\Microsoft.NETCore.App.Ref\7.0.20\ref\net7.0\System.Net.HttpListener.dll'.
         Entrada: archivo Reference de ensamblado: 'C:\Program Files\dotnet\packs\Microsoft.NETCore.App.Ref\7.0.20\ref\net7.0\System.Net.Mail.dll'.
         Entrada: archivo Reference de ensamblado: 'C:\Program Files\dotnet\packs\Microsoft.NETCore.App.Ref\7.0.20\ref\net7.0\System.Net.NameResolution.dll'.
         Entrada: archivo Reference de ensamblado: 'C:\Program Files\dotnet\packs\Microsoft.NETCore.App.Ref\7.0.20\ref\net7.0\System.Net.NetworkInformation.dll'.
         Entrada: archivo Reference de ensamblado: 'C:\Program Files\dotnet\packs\Microsoft.NETCore.App.Ref\7.0.20\ref\net7.0\System.Net.Ping.dll'.
         Entrada: archivo Reference de ensamblado: 'C:\Program Files\dotnet\packs\Microsoft.NETCore.App.Ref\7.0.20\ref\net7.0\System.Net.Primitives.dll'.
         Entrada: archivo Reference de ensamblado: 'C:\Program Files\dotnet\packs\Microsoft.NETCore.App.Ref\7.0.20\ref\net7.0\System.Net.Quic.dll'.
         Entrada: archivo Reference de ensamblado: 'C:\Program Files\dotnet\packs\Microsoft.NETCore.App.Ref\7.0.20\ref\net7.0\System.Net.Requests.dll'.
         Entrada: archivo Reference de ensamblado: 'C:\Program Files\dotnet\packs\Microsoft.NETCore.App.Ref\7.0.20\ref\net7.0\System.Net.Security.dll'.
         Entrada: archivo Reference de ensamblado: 'C:\Program Files\dotnet\packs\Microsoft.NETCore.App.Ref\7.0.20\ref\net7.0\System.Net.ServicePoint.dll'.
         Entrada: archivo Reference de ensamblado: 'C:\Program Files\dotnet\packs\Microsoft.NETCore.App.Ref\7.0.20\ref\net7.0\System.Net.Sockets.dll'.
         Entrada: archivo Reference de ensamblado: 'C:\Program Files\dotnet\packs\Microsoft.NETCore.App.Ref\7.0.20\ref\net7.0\System.Net.WebClient.dll'.
         Entrada: archivo Reference de ensamblado: 'C:\Program Files\dotnet\packs\Microsoft.NETCore.App.Ref\7.0.20\ref\net7.0\System.Net.WebHeaderCollection.dll'.
         Entrada: archivo Reference de ensamblado: 'C:\Program Files\dotnet\packs\Microsoft.NETCore.App.Ref\7.0.20\ref\net7.0\System.Net.WebProxy.dll'.
         Entrada: archivo Reference de ensamblado: 'C:\Program Files\dotnet\packs\Microsoft.NETCore.App.Ref\7.0.20\ref\net7.0\System.Net.WebSockets.Client.dll'.
         Entrada: archivo Reference de ensamblado: 'C:\Program Files\dotnet\packs\Microsoft.NETCore.App.Ref\7.0.20\ref\net7.0\System.Net.WebSockets.dll'.
         Entrada: archivo Reference de ensamblado: 'C:\Program Files\dotnet\packs\Microsoft.NETCore.App.Ref\7.0.20\ref\net7.0\System.Numerics.dll'.
         Entrada: archivo Reference de ensamblado: 'C:\Program Files\dotnet\packs\Microsoft.NETCore.App.Ref\7.0.20\ref\net7.0\System.Numerics.Vectors.dll'.
         Entrada: archivo Reference de ensamblado: 'C:\Program Files\dotnet\packs\Microsoft.NETCore.App.Ref\7.0.20\ref\net7.0\System.ObjectModel.dll'.
         Entrada: archivo Reference de ensamblado: 'C:\Program Files\dotnet\packs\Microsoft.WindowsDesktop.App.Ref\7.0.20\ref\net7.0\System.Printing.dll'.
         Entrada: archivo Reference de ensamblado: 'C:\Program Files\dotnet\packs\Microsoft.NETCore.App.Ref\7.0.20\ref\net7.0\System.Reflection.DispatchProxy.dll'.
         Entrada: archivo Reference de ensamblado: 'C:\Program Files\dotnet\packs\Microsoft.NETCore.App.Ref\7.0.20\ref\net7.0\System.Reflection.dll'.
         Entrada: archivo Reference de ensamblado: 'C:\Program Files\dotnet\packs\Microsoft.NETCore.App.Ref\7.0.20\ref\net7.0\System.Reflection.Emit.dll'.
         Entrada: archivo Reference de ensamblado: 'C:\Program Files\dotnet\packs\Microsoft.NETCore.App.Ref\7.0.20\ref\net7.0\System.Reflection.Emit.ILGeneration.dll'.
         Entrada: archivo Reference de ensamblado: 'C:\Program Files\dotnet\packs\Microsoft.NETCore.App.Ref\7.0.20\ref\net7.0\System.Reflection.Emit.Lightweight.dll'.
         Entrada: archivo Reference de ensamblado: 'C:\Program Files\dotnet\packs\Microsoft.NETCore.App.Ref\7.0.20\ref\net7.0\System.Reflection.Extensions.dll'.
         Entrada: archivo Reference de ensamblado: 'C:\Program Files\dotnet\packs\Microsoft.NETCore.App.Ref\7.0.20\ref\net7.0\System.Reflection.Metadata.dll'.
         Entrada: archivo Reference de ensamblado: 'C:\Program Files\dotnet\packs\Microsoft.NETCore.App.Ref\7.0.20\ref\net7.0\System.Reflection.Primitives.dll'.
         Entrada: archivo Reference de ensamblado: 'C:\Program Files\dotnet\packs\Microsoft.NETCore.App.Ref\7.0.20\ref\net7.0\System.Reflection.TypeExtensions.dll'.
         Entrada: archivo Reference de ensamblado: 'C:\Program Files\dotnet\packs\Microsoft.WindowsDesktop.App.Ref\7.0.20\ref\net7.0\System.Resources.Extensions.dll'.
         Entrada: archivo Reference de ensamblado: 'C:\Program Files\dotnet\packs\Microsoft.NETCore.App.Ref\7.0.20\ref\net7.0\System.Resources.Reader.dll'.
         Entrada: archivo Reference de ensamblado: 'C:\Program Files\dotnet\packs\Microsoft.NETCore.App.Ref\7.0.20\ref\net7.0\System.Resources.ResourceManager.dll'.
         Entrada: archivo Reference de ensamblado: 'C:\Program Files\dotnet\packs\Microsoft.NETCore.App.Ref\7.0.20\ref\net7.0\System.Resources.Writer.dll'.
         Entrada: archivo Reference de ensamblado: 'C:\Program Files\dotnet\packs\Microsoft.NETCore.App.Ref\7.0.20\ref\net7.0\System.Runtime.CompilerServices.Unsafe.dll'.
         Entrada: archivo Reference de ensamblado: 'C:\Program Files\dotnet\packs\Microsoft.NETCore.App.Ref\7.0.20\ref\net7.0\System.Runtime.CompilerServices.VisualC.dll'.
         Entrada: archivo Reference de ensamblado: 'C:\Program Files\dotnet\packs\Microsoft.NETCore.App.Ref\7.0.20\ref\net7.0\System.Runtime.dll'.
         Entrada: archivo Reference de ensamblado: 'C:\Program Files\dotnet\packs\Microsoft.NETCore.App.Ref\7.0.20\ref\net7.0\System.Runtime.Extensions.dll'.
         Entrada: archivo Reference de ensamblado: 'C:\Program Files\dotnet\packs\Microsoft.NETCore.App.Ref\7.0.20\ref\net7.0\System.Runtime.Handles.dll'.
         Entrada: archivo Reference de ensamblado: 'C:\Program Files\dotnet\packs\Microsoft.NETCore.App.Ref\7.0.20\ref\net7.0\System.Runtime.InteropServices.dll'.
         Entrada: archivo Reference de ensamblado: 'C:\Program Files\dotnet\packs\Microsoft.NETCore.App.Ref\7.0.20\ref\net7.0\System.Runtime.InteropServices.JavaScript.dll'.
         Entrada: archivo Reference de ensamblado: 'C:\Program Files\dotnet\packs\Microsoft.NETCore.App.Ref\7.0.20\ref\net7.0\System.Runtime.InteropServices.RuntimeInformation.dll'.
         Entrada: archivo Reference de ensamblado: 'C:\Program Files\dotnet\packs\Microsoft.NETCore.App.Ref\7.0.20\ref\net7.0\System.Runtime.Intrinsics.dll'.
         Entrada: archivo Reference de ensamblado: 'C:\Program Files\dotnet\packs\Microsoft.NETCore.App.Ref\7.0.20\ref\net7.0\System.Runtime.Loader.dll'.
         Entrada: archivo Reference de ensamblado: 'C:\Program Files\dotnet\packs\Microsoft.NETCore.App.Ref\7.0.20\ref\net7.0\System.Runtime.Numerics.dll'.
         Entrada: archivo Reference de ensamblado: 'C:\Program Files\dotnet\packs\Microsoft.NETCore.App.Ref\7.0.20\ref\net7.0\System.Runtime.Serialization.dll'.
         Entrada: archivo Reference de ensamblado: 'C:\Program Files\dotnet\packs\Microsoft.NETCore.App.Ref\7.0.20\ref\net7.0\System.Runtime.Serialization.Formatters.dll'.
         Entrada: archivo Reference de ensamblado: 'C:\Program Files\dotnet\packs\Microsoft.NETCore.App.Ref\7.0.20\ref\net7.0\System.Runtime.Serialization.Json.dll'.
         Entrada: archivo Reference de ensamblado: 'C:\Program Files\dotnet\packs\Microsoft.NETCore.App.Ref\7.0.20\ref\net7.0\System.Runtime.Serialization.Primitives.dll'.
         Entrada: archivo Reference de ensamblado: 'C:\Program Files\dotnet\packs\Microsoft.NETCore.App.Ref\7.0.20\ref\net7.0\System.Runtime.Serialization.Xml.dll'.
         Entrada: archivo Reference de ensamblado: 'C:\Program Files\dotnet\packs\Microsoft.NETCore.App.Ref\7.0.20\ref\net7.0\System.Security.AccessControl.dll'.
         Entrada: archivo Reference de ensamblado: 'C:\Program Files\dotnet\packs\Microsoft.NETCore.App.Ref\7.0.20\ref\net7.0\System.Security.Claims.dll'.
         Entrada: archivo Reference de ensamblado: 'C:\Program Files\dotnet\packs\Microsoft.NETCore.App.Ref\7.0.20\ref\net7.0\System.Security.Cryptography.Algorithms.dll'.
         Entrada: archivo Reference de ensamblado: 'C:\Program Files\dotnet\packs\Microsoft.NETCore.App.Ref\7.0.20\ref\net7.0\System.Security.Cryptography.Cng.dll'.
         Entrada: archivo Reference de ensamblado: 'C:\Program Files\dotnet\packs\Microsoft.NETCore.App.Ref\7.0.20\ref\net7.0\System.Security.Cryptography.Csp.dll'.
         Entrada: archivo Reference de ensamblado: 'C:\Program Files\dotnet\packs\Microsoft.NETCore.App.Ref\7.0.20\ref\net7.0\System.Security.Cryptography.dll'.
         Entrada: archivo Reference de ensamblado: 'C:\Program Files\dotnet\packs\Microsoft.NETCore.App.Ref\7.0.20\ref\net7.0\System.Security.Cryptography.Encoding.dll'.
         Entrada: archivo Reference de ensamblado: 'C:\Program Files\dotnet\packs\Microsoft.NETCore.App.Ref\7.0.20\ref\net7.0\System.Security.Cryptography.OpenSsl.dll'.
         Entrada: archivo Reference de ensamblado: 'C:\Program Files\dotnet\packs\Microsoft.WindowsDesktop.App.Ref\7.0.20\ref\net7.0\System.Security.Cryptography.Pkcs.dll'.
         Entrada: archivo Reference de ensamblado: 'C:\Program Files\dotnet\packs\Microsoft.NETCore.App.Ref\7.0.20\ref\net7.0\System.Security.Cryptography.Primitives.dll'.
         Entrada: archivo Reference de ensamblado: 'C:\Program Files\dotnet\packs\Microsoft.WindowsDesktop.App.Ref\7.0.20\ref\net7.0\System.Security.Cryptography.ProtectedData.dll'.
         Entrada: archivo Reference de ensamblado: 'C:\Program Files\dotnet\packs\Microsoft.NETCore.App.Ref\7.0.20\ref\net7.0\System.Security.Cryptography.X509Certificates.dll'.
         Entrada: archivo Reference de ensamblado: 'C:\Program Files\dotnet\packs\Microsoft.WindowsDesktop.App.Ref\7.0.20\ref\net7.0\System.Security.Cryptography.Xml.dll'.
         Entrada: archivo Reference de ensamblado: 'C:\Program Files\dotnet\packs\Microsoft.NETCore.App.Ref\7.0.20\ref\net7.0\System.Security.dll'.
         Entrada: archivo Reference de ensamblado: 'C:\Program Files\dotnet\packs\Microsoft.WindowsDesktop.App.Ref\7.0.20\ref\net7.0\System.Security.Permissions.dll'.
         Entrada: archivo Reference de ensamblado: 'C:\Program Files\dotnet\packs\Microsoft.NETCore.App.Ref\7.0.20\ref\net7.0\System.Security.Principal.dll'.
         Entrada: archivo Reference de ensamblado: 'C:\Program Files\dotnet\packs\Microsoft.NETCore.App.Ref\7.0.20\ref\net7.0\System.Security.Principal.Windows.dll'.
         Entrada: archivo Reference de ensamblado: 'C:\Program Files\dotnet\packs\Microsoft.NETCore.App.Ref\7.0.20\ref\net7.0\System.Security.SecureString.dll'.
         Entrada: archivo Reference de ensamblado: 'C:\Program Files\dotnet\packs\Microsoft.NETCore.App.Ref\7.0.20\ref\net7.0\System.ServiceModel.Web.dll'.
         Entrada: archivo Reference de ensamblado: 'C:\Program Files\dotnet\packs\Microsoft.NETCore.App.Ref\7.0.20\ref\net7.0\System.ServiceProcess.dll'.
         Entrada: archivo Reference de ensamblado: 'C:\Program Files\dotnet\packs\Microsoft.NETCore.App.Ref\7.0.20\ref\net7.0\System.Text.Encoding.CodePages.dll'.
         Entrada: archivo Reference de ensamblado: 'C:\Program Files\dotnet\packs\Microsoft.NETCore.App.Ref\7.0.20\ref\net7.0\System.Text.Encoding.dll'.
         Entrada: archivo Reference de ensamblado: 'C:\Program Files\dotnet\packs\Microsoft.NETCore.App.Ref\7.0.20\ref\net7.0\System.Text.Encoding.Extensions.dll'.
         Entrada: archivo Reference de ensamblado: 'C:\Program Files\dotnet\packs\Microsoft.NETCore.App.Ref\7.0.20\ref\net7.0\System.Text.Encodings.Web.dll'.
         Entrada: archivo Reference de ensamblado: 'C:\Program Files\dotnet\packs\Microsoft.NETCore.App.Ref\7.0.20\ref\net7.0\System.Text.Json.dll'.
         Entrada: archivo Reference de ensamblado: 'C:\Program Files\dotnet\packs\Microsoft.NETCore.App.Ref\7.0.20\ref\net7.0\System.Text.RegularExpressions.dll'.
         Entrada: archivo Reference de ensamblado: 'C:\Program Files\dotnet\packs\Microsoft.WindowsDesktop.App.Ref\7.0.20\ref\net7.0\System.Threading.AccessControl.dll'.
         Entrada: archivo Reference de ensamblado: 'C:\Program Files\dotnet\packs\Microsoft.NETCore.App.Ref\7.0.20\ref\net7.0\System.Threading.Channels.dll'.
         Entrada: archivo Reference de ensamblado: 'C:\Program Files\dotnet\packs\Microsoft.NETCore.App.Ref\7.0.20\ref\net7.0\System.Threading.dll'.
         Entrada: archivo Reference de ensamblado: 'C:\Program Files\dotnet\packs\Microsoft.NETCore.App.Ref\7.0.20\ref\net7.0\System.Threading.Overlapped.dll'.
         Entrada: archivo Reference de ensamblado: 'C:\Program Files\dotnet\packs\Microsoft.NETCore.App.Ref\7.0.20\ref\net7.0\System.Threading.Tasks.Dataflow.dll'.
         Entrada: archivo Reference de ensamblado: 'C:\Program Files\dotnet\packs\Microsoft.NETCore.App.Ref\7.0.20\ref\net7.0\System.Threading.Tasks.dll'.
         Entrada: archivo Reference de ensamblado: 'C:\Program Files\dotnet\packs\Microsoft.NETCore.App.Ref\7.0.20\ref\net7.0\System.Threading.Tasks.Extensions.dll'.
         Entrada: archivo Reference de ensamblado: 'C:\Program Files\dotnet\packs\Microsoft.NETCore.App.Ref\7.0.20\ref\net7.0\System.Threading.Tasks.Parallel.dll'.
         Entrada: archivo Reference de ensamblado: 'C:\Program Files\dotnet\packs\Microsoft.NETCore.App.Ref\7.0.20\ref\net7.0\System.Threading.Thread.dll'.
         Entrada: archivo Reference de ensamblado: 'C:\Program Files\dotnet\packs\Microsoft.NETCore.App.Ref\7.0.20\ref\net7.0\System.Threading.ThreadPool.dll'.
         Entrada: archivo Reference de ensamblado: 'C:\Program Files\dotnet\packs\Microsoft.NETCore.App.Ref\7.0.20\ref\net7.0\System.Threading.Timer.dll'.
         Entrada: archivo Reference de ensamblado: 'C:\Program Files\dotnet\packs\Microsoft.NETCore.App.Ref\7.0.20\ref\net7.0\System.Transactions.dll'.
         Entrada: archivo Reference de ensamblado: 'C:\Program Files\dotnet\packs\Microsoft.NETCore.App.Ref\7.0.20\ref\net7.0\System.Transactions.Local.dll'.
         Entrada: archivo Reference de ensamblado: 'C:\Program Files\dotnet\packs\Microsoft.NETCore.App.Ref\7.0.20\ref\net7.0\System.ValueTuple.dll'.
         Entrada: archivo Reference de ensamblado: 'C:\Program Files\dotnet\packs\Microsoft.NETCore.App.Ref\7.0.20\ref\net7.0\System.Web.dll'.
         Entrada: archivo Reference de ensamblado: 'C:\Program Files\dotnet\packs\Microsoft.NETCore.App.Ref\7.0.20\ref\net7.0\System.Web.HttpUtility.dll'.
         Entrada: archivo Reference de ensamblado: 'C:\Program Files\dotnet\packs\Microsoft.WindowsDesktop.App.Ref\7.0.20\ref\net7.0\System.Windows.Controls.Ribbon.dll'.
         Entrada: archivo Reference de ensamblado: 'C:\Program Files\dotnet\packs\Microsoft.NETCore.App.Ref\7.0.20\ref\net7.0\System.Windows.dll'.
         Entrada: archivo Reference de ensamblado: 'C:\Program Files\dotnet\packs\Microsoft.WindowsDesktop.App.Ref\7.0.20\ref\net7.0\System.Windows.Extensions.dll'.
         Entrada: archivo Reference de ensamblado: 'C:\Program Files\dotnet\packs\Microsoft.WindowsDesktop.App.Ref\7.0.20\ref\net7.0\System.Windows.Input.Manipulations.dll'.
         Entrada: archivo Reference de ensamblado: 'C:\Program Files\dotnet\packs\Microsoft.WindowsDesktop.App.Ref\7.0.20\ref\net7.0\System.Windows.Presentation.dll'.
         Entrada: archivo Reference de ensamblado: 'C:\Program Files\dotnet\packs\Microsoft.WindowsDesktop.App.Ref\7.0.20\ref\net7.0\System.Xaml.dll'.
         Entrada: archivo Reference de ensamblado: 'C:\Program Files\dotnet\packs\Microsoft.NETCore.App.Ref\7.0.20\ref\net7.0\System.Xml.dll'.
         Entrada: archivo Reference de ensamblado: 'C:\Program Files\dotnet\packs\Microsoft.NETCore.App.Ref\7.0.20\ref\net7.0\System.Xml.Linq.dll'.
         Entrada: archivo Reference de ensamblado: 'C:\Program Files\dotnet\packs\Microsoft.NETCore.App.Ref\7.0.20\ref\net7.0\System.Xml.ReaderWriter.dll'.
         Entrada: archivo Reference de ensamblado: 'C:\Program Files\dotnet\packs\Microsoft.NETCore.App.Ref\7.0.20\ref\net7.0\System.Xml.Serialization.dll'.
         Entrada: archivo Reference de ensamblado: 'C:\Program Files\dotnet\packs\Microsoft.NETCore.App.Ref\7.0.20\ref\net7.0\System.Xml.XDocument.dll'.
         Entrada: archivo Reference de ensamblado: 'C:\Program Files\dotnet\packs\Microsoft.NETCore.App.Ref\7.0.20\ref\net7.0\System.Xml.XmlDocument.dll'.
         Entrada: archivo Reference de ensamblado: 'C:\Program Files\dotnet\packs\Microsoft.NETCore.App.Ref\7.0.20\ref\net7.0\System.Xml.XmlSerializer.dll'.
         Entrada: archivo Reference de ensamblado: 'C:\Program Files\dotnet\packs\Microsoft.NETCore.App.Ref\7.0.20\ref\net7.0\System.Xml.XPath.dll'.
         Entrada: archivo Reference de ensamblado: 'C:\Program Files\dotnet\packs\Microsoft.NETCore.App.Ref\7.0.20\ref\net7.0\System.Xml.XPath.XDocument.dll'.
         Entrada: archivo Reference de ensamblado: 'C:\Program Files\dotnet\packs\Microsoft.WindowsDesktop.App.Ref\7.0.20\ref\net7.0\UIAutomationClient.dll'.
         Entrada: archivo Reference de ensamblado: 'C:\Program Files\dotnet\packs\Microsoft.WindowsDesktop.App.Ref\7.0.20\ref\net7.0\UIAutomationClientSideProviders.dll'.
         Entrada: archivo Reference de ensamblado: 'C:\Program Files\dotnet\packs\Microsoft.WindowsDesktop.App.Ref\7.0.20\ref\net7.0\UIAutomationProvider.dll'.
         Entrada: archivo Reference de ensamblado: 'C:\Program Files\dotnet\packs\Microsoft.WindowsDesktop.App.Ref\7.0.20\ref\net7.0\UIAutomationTypes.dll'.
         Entrada: archivo Reference de ensamblado: 'C:\Program Files\dotnet\packs\Microsoft.WindowsDesktop.App.Ref\7.0.20\ref\net7.0\WindowsBase.dll'.
         El archivo de entrada 'c:\Users\Tosito\Desktop\Tosito\windows\Optimizacion\src\OptimizadorAdmin\MainWindow.xaml' se resuelve en una ruta de acceso relativa 'MainWindow.xaml' en el directorio 'c:\Users\Tosito\Desktop\Tosito\windows\Optimizacion\src\OptimizadorAdmin\'.
         Archivo de código generado: 'c:\Users\Tosito\Desktop\Tosito\windows\Optimizacion\src\OptimizadorAdmin\obj\Debug\net7.0-windows\MainWindow.g.cs'.
         Archivo BAML generado: 'c:\Users\Tosito\Desktop\Tosito\windows\Optimizacion\src\OptimizadorAdmin\obj\Debug\net7.0-windows\MainWindow.baml'.
         Archivo de código generado: 'c:\Users\Tosito\Desktop\Tosito\windows\Optimizacion\src\OptimizadorAdmin\obj\Debug\net7.0-windows\App.g.cs'.
         Compilación de marcado finalizada.
         MarkupCompilePass1 generó correctamente los archivos BAML o de código fuente.
       Ejecución de la tarea "MarkupCompilePass1" terminada.
       Se omitió la tarea "Message" debido a una condición falsa (False); ('$(MSBuildTargetsVerbose)'=='true') se evaluó como (''=='true').
       Se omitió la tarea "Message" debido a una condición falsa (False); ('$(MSBuildTargetsVerbose)'=='true') se evaluó como (''=='true').
       Se omitió la tarea "Message" debido a una condición falsa (False); ('$(MSBuildTargetsVerbose)'=='true') se evaluó como (''=='true').
       Se omitió la tarea "Message" debido a una condición falsa (False); ('$(MSBuildTargetsVerbose)'=='true') se evaluó como (''=='true').
       Se omitió la tarea "Message" debido a una condición falsa (False); ('$(MSBuildTargetsVerbose)'=='true') se evaluó como (''=='true').
       Se omitió la tarea "Message" debido a una condición falsa (False); ('$(MSBuildTargetsVerbose)'=='true') se evaluó como (''=='true').
   1:7>Compilación terminada del destino "MarkupCompilePass1" en el proyecto "OptimizadorAdmin.csproj".
   1:7>Destino "AfterMarkupCompilePass1" en el archivo "C:\Program Files\dotnet\sdk\7.0.410\Sdks\Microsoft.NET.Sdk.WindowsDesktop\targets\Microsoft.WinFX.targets" del proyecto "c:\Users\Tosito\Desktop\Tosito\windows\Optimizacion\src\OptimizadorAdmin\OptimizadorAdmin.csproj" (el destino "PrepareResources" depende de él):
   1:7>Compilación terminada del destino "AfterMarkupCompilePass1" en el proyecto "OptimizadorAdmin.csproj".
       Se omitió el destino "MarkupCompilePass2ForMainAssembly" debido a una condición falsa (False); ('$(_RequireMCPass2ForMainAssembly)' == 'true' ) se evaluó como ('False' == 'true' ).
   1:7>Destino "FileClassification" en el archivo "C:\Program Files\dotnet\sdk\7.0.410\Sdks\Microsoft.NET.Sdk.WindowsDesktop\targets\Microsoft.WinFX.targets" del proyecto "c:\Users\Tosito\Desktop\Tosito\windows\Optimizacion\src\OptimizadorAdmin\OptimizadorAdmin.csproj" (el destino "PrepareResources" depende de él):
       Usando la tarea "FileClassifier" del ensamblado "C:\Program Files\dotnet\sdk\7.0.410\Sdks\Microsoft.NET.Sdk.WindowsDesktop\tools\net7.0\PresentationBuildTasks.dll".
       Tarea "FileClassifier"
         
         
         Microsoft (R) Build Task 'FileClassifier' Versión '7.0.2024.26905'.
         Copyright (C) Microsoft Corporation 2005. Reservados todos los derechos.
         
         
       Ejecución de la tarea "FileClassifier" terminada.
       Se omitió la tarea "Message" debido a una condición falsa (False); ('$(MSBuildTargetsVerbose)'=='true') se evaluó como (''=='true').
       Se omitió la tarea "Message" debido a una condición falsa (False); ('$(MSBuildTargetsVerbose)'=='true') se evaluó como (''=='true').
   1:7>Compilación terminada del destino "FileClassification" en el proyecto "OptimizadorAdmin.csproj".
   1:7>Destino "MainResourcesGeneration" en el archivo "C:\Program Files\dotnet\sdk\7.0.410\Sdks\Microsoft.NET.Sdk.WindowsDesktop\targets\Microsoft.WinFX.targets" del proyecto "c:\Users\Tosito\Desktop\Tosito\windows\Optimizacion\src\OptimizadorAdmin\OptimizadorAdmin.csproj" (el destino "PrepareResources" depende de él):
       Compilando completamente el destino "MainResourcesGeneration".
       El archivo de entrada "c:\Users\Tosito\Desktop\Tosito\windows\Optimizacion\src\OptimizadorAdmin\obj\Debug\net7.0-windows\MainWindow.baml" es más reciente que el archivo de salida "obj\Debug\net7.0-windows\OptimizadorAdmin.g.resources".
       Se omitió la tarea "Message" debido a una condición falsa (False); ('$(MSBuildTargetsVerbose)'=='true') se evaluó como (''=='true').
       Usando la tarea "ResourcesGenerator" del ensamblado "C:\Program Files\dotnet\sdk\7.0.410\Sdks\Microsoft.NET.Sdk.WindowsDesktop\tools\net7.0\PresentationBuildTasks.dll".
       Tarea "ResourcesGenerator"
         
         
         Microsoft (R) Build Task 'ResourcesGenerator' Versión '7.0.2024.26905'.
         Copyright (C) Microsoft Corporation 2005. Reservados todos los derechos.
         
         
         Generando archivo .resources: 'obj\Debug\net7.0-windows\OptimizadorAdmin.g.resources'...
         Leyendo el archivo Resource: 'c:\Users\Tosito\Desktop\Tosito\windows\Optimizacion\src\OptimizadorAdmin\obj\Debug\net7.0-windows\MainWindow.baml'...
         El Id. de recurso es 'mainwindow.baml'.
         Leyendo el archivo Resource: 'AppIcon.ico'...
         El Id. de recurso es 'appicon.ico'.
         Archivo .resources generado: 'obj\Debug\net7.0-windows\OptimizadorAdmin.g.resources'.
       Ejecución de la tarea "ResourcesGenerator" terminada.
   1:7>Compilación terminada del destino "MainResourcesGeneration" en el proyecto "OptimizadorAdmin.csproj".
       Se omitió el destino "ResolvePackageDependenciesForBuild". Compilado previamente de forma correcta.
       Se omitió el destino "_HandlePackageFileConflicts". Compilado previamente de forma correcta.
       Se omitió el destino "AssignWinFXEmbeddedResource" debido a una condición falsa (False); ('@(WinFXEmbeddedResource)' != '') se evaluó como ('' != '').
   1:7>Destino "CopyAdditionalFiles" en el archivo "C:\Program Files\dotnet\sdk\7.0.410\Roslyn\Microsoft.Managed.Core.targets" del proyecto "c:\Users\Tosito\Desktop\Tosito\windows\Optimizacion\src\OptimizadorAdmin\OptimizadorAdmin.csproj" (el destino "AssignTargetPaths" depende de él):
   1:7>Compilación terminada del destino "CopyAdditionalFiles" en el proyecto "OptimizadorAdmin.csproj".
       Se omitió el destino "ResolvePackageAssets". Compilado previamente de forma correcta.
       Se omitió el destino "ResolveFrameworkReferences". Compilado previamente de forma correcta.
   1:7>Destino "_GetAppHostPaths" en el archivo "C:\Program Files\dotnet\sdk\7.0.410\Sdks\Microsoft.NET.Sdk\targets\Microsoft.NET.Sdk.targets" del proyecto "c:\Users\Tosito\Desktop\Tosito\windows\Optimizacion\src\OptimizadorAdmin\OptimizadorAdmin.csproj" (el destino "_ChooseAppHost" depende de él):
       Se omitió la tarea "NETSdkError" debido a una condición falsa (False); ('@(_NativeRestoredAppHostNETCore->Count())' > 1) se evaluó como ('0' > 1).
   1:7>Compilación terminada del destino "_GetAppHostPaths" en el proyecto "OptimizadorAdmin.csproj".
   1:7>Destino "_ChooseAppHost" en el archivo "C:\Program Files\dotnet\sdk\7.0.410\Sdks\Microsoft.NET.Sdk\targets\Microsoft.NET.Sdk.targets" del proyecto "c:\Users\Tosito\Desktop\Tosito\windows\Optimizacion\src\OptimizadorAdmin\OptimizadorAdmin.csproj" (el destino "_ComputeNETCoreBuildOutputFiles" depende de él):
   1:7>Compilación terminada del destino "_ChooseAppHost" en el proyecto "OptimizadorAdmin.csproj".
       Se omitió el destino "_GetComHostPaths" debido a una condición falsa (False); ('$(EnableComHosting)' == 'true' and '$(_IsExecutable)' != 'true') se evaluó como ('' == 'true' and 'true' != 'true').
       Se omitió el destino "_GetIjwHostPaths" debido a una condición falsa (False); ('$(UseIJWHost)' == 'true') se evaluó como ('' == 'true').
   1:7>Destino "_ComputeNETCoreBuildOutputFiles" en el archivo "C:\Program Files\dotnet\sdk\7.0.410\Sdks\Microsoft.NET.Sdk\targets\Microsoft.NET.Sdk.targets" del proyecto "c:\Users\Tosito\Desktop\Tosito\windows\Optimizacion\src\OptimizadorAdmin\OptimizadorAdmin.csproj" (el destino "AssignTargetPaths" depende de él):
   1:7>Compilación terminada del destino "_ComputeNETCoreBuildOutputFiles" en el proyecto "OptimizadorAdmin.csproj".
   1:7>Destino "AssignTargetPaths" en el archivo "C:\Program Files\dotnet\sdk\7.0.410\Microsoft.Common.CurrentVersion.targets" del proyecto "c:\Users\Tosito\Desktop\Tosito\windows\Optimizacion\src\OptimizadorAdmin\OptimizadorAdmin.csproj" (el destino "PrepareResourceNames" depende de él):
       Usando la tarea "AssignTargetPath" del ensamblado "Microsoft.Build.Tasks.Core, Version=15.1.0.0, Culture=neutral, PublicKeyToken=b03f5f7f11d50a3a".
       Tarea "AssignTargetPath"
       Ejecución de la tarea "AssignTargetPath" terminada.
       Tarea "AssignTargetPath"
       Ejecución de la tarea "AssignTargetPath" terminada.
       Tarea "AssignTargetPath"
       Ejecución de la tarea "AssignTargetPath" terminada.
       Tarea "AssignTargetPath"
       Ejecución de la tarea "AssignTargetPath" terminada.
       Se omitió la tarea "AssignTargetPath" debido a una condición falsa (False); ('@(_DeploymentBaseManifestWithTargetPath)'=='' and '%(None.Extension)'=='.manifest') se evaluó como (''=='' and '.ico'=='.manifest').
       Se omitió la tarea "AssignTargetPath" debido a una condición falsa (False); ('@(_DeploymentBaseManifestWithTargetPath)'=='' and '%(None.Extension)'=='.manifest') se evaluó como (''=='' and '.log'=='.manifest').
       Se omitió la tarea "AssignTargetPath" debido a una condición falsa (False); ('@(_DeploymentBaseManifestWithTargetPath)'=='' and '%(None.Extension)'=='.manifest') se evaluó como (''=='' and '.exe'=='.manifest').
   1:7>Compilación terminada del destino "AssignTargetPaths" en el proyecto "OptimizadorAdmin.csproj".
       Se omitió el destino "AssignTargetPaths". Compilado previamente de forma correcta.
   1:7>Destino "SplitResourcesByCulture" en el archivo "C:\Program Files\dotnet\sdk\7.0.410\Microsoft.Common.CurrentVersion.targets" del proyecto "c:\Users\Tosito\Desktop\Tosito\windows\Optimizacion\src\OptimizadorAdmin\OptimizadorAdmin.csproj" (el destino "PrepareResourceNames" depende de él):
       Se omitió la tarea "Warning" debido a una condición falsa (False); ('@(ResxWithNoCulture)'!='') se evaluó como (''!='').
       Se omitió la tarea "Warning" debido a una condición falsa (False); ('@(ResxWithCulture)'!='') se evaluó como (''!='').
       Se omitió la tarea "Warning" debido a una condición falsa (False); ('@(NonResxWithCulture)'!='') se evaluó como (''!='').
       Se omitió la tarea "Warning" debido a una condición falsa (False); ('@(NonResxWithNoCulture)'!='') se evaluó como (''!='').
       Usando la tarea "AssignCulture" del ensamblado "Microsoft.Build.Tasks.Core, Version=15.1.0.0, Culture=neutral, PublicKeyToken=b03f5f7f11d50a3a".
       Tarea "AssignCulture"
         La referencia cultural "" se asignó al archivo "obj\Debug\net7.0-windows\OptimizadorAdmin.g.resources".
       Ejecución de la tarea "AssignCulture" terminada.
   1:7>Compilación terminada del destino "SplitResourcesByCulture" en el proyecto "OptimizadorAdmin.csproj".
   1:7>Destino "CreateManifestResourceNames" en el archivo "C:\Program Files\dotnet\sdk\7.0.410\Microsoft.CSharp.CurrentVersion.targets" del proyecto "c:\Users\Tosito\Desktop\Tosito\windows\Optimizacion\src\OptimizadorAdmin\OptimizadorAdmin.csproj" (el destino "PrepareResourceNames" depende de él):
       Usando la tarea "CreateCSharpManifestResourceName" del ensamblado "Microsoft.Build.Tasks.Core, Version=15.1.0.0, Culture=neutral, PublicKeyToken=b03f5f7f11d50a3a".
       Tarea "CreateCSharpManifestResourceName"
         El espacio de nombres de la raíz es 'OptimizadorAdmin'.
         El archivo de recursos 'obj\Debug\net7.0-windows\OptimizadorAdmin.g.resources' no depende de ningún otro archivo.
         El archivo de recursos 'obj\Debug\net7.0-windows\OptimizadorAdmin.g.resources' obtiene el nombre del recurso de manifiesto 'OptimizadorAdmin.obj.Debug.net7._0_windows.OptimizadorAdmin.g.resources'.
       Ejecución de la tarea "CreateCSharpManifestResourceName" terminada.
       Se omitió la tarea "CreateCSharpManifestResourceName" debido a una condición falsa (False); ('%(EmbeddedResource.ManifestResourceName)' == '' and '%(EmbeddedResource.WithCulture)' == 'true' and '%(EmbeddedResource.Type)' == 'Non-Resx') se evaluó como ('' == '' and 'false' == 'true' and 'Resx' == 'Non-Resx').
   1:7>Compilación terminada del destino "CreateManifestResourceNames" en el proyecto "OptimizadorAdmin.csproj".
   1:7>Destino "CreateCustomManifestResourceNames" en el archivo "C:\Program Files\dotnet\sdk\7.0.410\Microsoft.Common.CurrentVersion.targets" del proyecto "c:\Users\Tosito\Desktop\Tosito\windows\Optimizacion\src\OptimizadorAdmin\OptimizadorAdmin.csproj" (el destino "PrepareResourceNames" depende de él):
   1:7>Compilación terminada del destino "CreateCustomManifestResourceNames" en el proyecto "OptimizadorAdmin.csproj".
   1:7>Destino "PrepareResourceNames" en el archivo "C:\Program Files\dotnet\sdk\7.0.410\Microsoft.Common.CurrentVersion.targets" del proyecto "c:\Users\Tosito\Desktop\Tosito\windows\Optimizacion\src\OptimizadorAdmin\OptimizadorAdmin.csproj" (el destino "PrepareResources" depende de él):
   1:7>Compilación terminada del destino "PrepareResourceNames" en el proyecto "OptimizadorAdmin.csproj".
       Se omitió el destino "ResolveAssemblyReferences". Compilado previamente de forma correcta.
       Se omitió el destino "SplitResourcesByCulture". Compilado previamente de forma correcta.
   1:7>Destino "BeforeResGen" en el archivo "C:\Program Files\dotnet\sdk\7.0.410\Microsoft.Common.CurrentVersion.targets" del proyecto "c:\Users\Tosito\Desktop\Tosito\windows\Optimizacion\src\OptimizadorAdmin\OptimizadorAdmin.csproj" (el destino "ResGen" depende de él):
   1:7>Compilación terminada del destino "BeforeResGen" en el proyecto "OptimizadorAdmin.csproj".
       Se omitió el destino "ResolveReferences". Compilado previamente de forma correcta.
   1:7>Destino "FindReferenceAssembliesForReferences" en el archivo "C:\Program Files\dotnet\sdk\7.0.410\Microsoft.Common.CurrentVersion.targets" del proyecto "c:\Users\Tosito\Desktop\Tosito\windows\Optimizacion\src\OptimizadorAdmin\OptimizadorAdmin.csproj" (el destino "CoreResGen" depende de él):
   1:7>Compilación terminada del destino "FindReferenceAssembliesForReferences" en el proyecto "OptimizadorAdmin.csproj".
   1:7>Destino "CoreResGen" en el archivo "C:\Program Files\dotnet\sdk\7.0.410\Microsoft.Common.CurrentVersion.targets" del proyecto "c:\Users\Tosito\Desktop\Tosito\windows\Optimizacion\src\OptimizadorAdmin\OptimizadorAdmin.csproj" (el destino "ResGen" depende de él):
       Se omitió la tarea "GenerateResource" debido a una condición falsa (False); ('%(EmbeddedResource.Type)' == 'Resx' and '%(EmbeddedResource.GenerateResource)' != 'false' and '$(GenerateResourceMSBuildRuntime)' != 'CLR2') se evaluó como ('Resx' == 'Resx' and 'false' != 'false' and 'CurrentRuntime' != 'CLR2').
       Se omitió la tarea "GenerateResource" debido a una condición falsa (False); ('%(EmbeddedResource.Type)' == 'Resx' and '%(EmbeddedResource.GenerateResource)' != 'false' and '$(GenerateResourceMSBuildRuntime)' == 'CLR2') se evaluó como ('Resx' == 'Resx' and 'false' != 'false' and 'CurrentRuntime' == 'CLR2').
   1:7>Compilación terminada del destino "CoreResGen" en el proyecto "OptimizadorAdmin.csproj".
   1:7>Destino "AfterResGen" en el archivo "C:\Program Files\dotnet\sdk\7.0.410\Microsoft.Common.CurrentVersion.targets" del proyecto "c:\Users\Tosito\Desktop\Tosito\windows\Optimizacion\src\OptimizadorAdmin\OptimizadorAdmin.csproj" (el destino "ResGen" depende de él):
   1:7>Compilación terminada del destino "AfterResGen" en el proyecto "OptimizadorAdmin.csproj".
   1:7>Destino "ResGen" en el archivo "C:\Program Files\dotnet\sdk\7.0.410\Microsoft.Common.CurrentVersion.targets" del proyecto "c:\Users\Tosito\Desktop\Tosito\windows\Optimizacion\src\OptimizadorAdmin\OptimizadorAdmin.csproj" (el destino "PrepareResources" depende de él):
   1:7>Compilación terminada del destino "ResGen" en el proyecto "OptimizadorAdmin.csproj".
       Se omitió el destino "CompileLicxFiles" debido a una condición falsa (False); ('@(_LicxFile)'!='') se evaluó como (''!='').
   1:7>Destino "PrepareResources" en el archivo "C:\Program Files\dotnet\sdk\7.0.410\Microsoft.Common.CurrentVersion.targets" del proyecto "c:\Users\Tosito\Desktop\Tosito\windows\Optimizacion\src\OptimizadorAdmin\OptimizadorAdmin.csproj" (el destino "CoreBuild" depende de él):
   1:7>Compilación terminada del destino "PrepareResources" en el proyecto "OptimizadorAdmin.csproj".
       Se omitió el destino "ResolveKeySource" debido a una condición falsa (False); ($(SignManifests) == 'true' or $(SignAssembly) == 'true') se evaluó como ( == 'true' or false == 'true').
       Se omitió el destino "ResolveReferences". Compilado previamente de forma correcta.
       Se omitió el destino "ResolveKeySource" debido a una condición falsa (False); ($(SignManifests) == 'true' or $(SignAssembly) == 'true') se evaluó como ( == 'true' or false == 'true').
       Se omitió el destino "ResolveComReferences" debido a una condición falsa (False); ('@(COMReference)'!='' or '@(COMFileReference)'!='') se evaluó como (''!='' or ''!='').
       Se omitió el destino "ResolveNativeReferences" debido a una condición falsa (False); ('@(NativeReference)'!='') se evaluó como (''!='').
       Se omitió el destino "_SetExternalWin32ManifestProperties" debido a una condición falsa (False); ('$(GenerateClickOnceManifests)'=='true' or '@(NativeReference)'!='' or '@(ResolvedIsolatedComModules)'!='') se evaluó como (''=='true' or ''!='' or ''!='').
   1:7>Destino "_SetEmbeddedWin32ManifestProperties" en el archivo "C:\Program Files\dotnet\sdk\7.0.410\Microsoft.Common.CurrentVersion.targets" del proyecto "c:\Users\Tosito\Desktop\Tosito\windows\Optimizacion\src\OptimizadorAdmin\OptimizadorAdmin.csproj" (el destino "SetWin32ManifestProperties" depende de él):
       Usando la tarea "GetFrameworkPath" del ensamblado "Microsoft.Build.Tasks.Core, Version=15.1.0.0, Culture=neutral, PublicKeyToken=b03f5f7f11d50a3a".
       Tarea "GetFrameworkPath"
       Ejecución de la tarea "GetFrameworkPath" terminada.
   1:7>Compilación terminada del destino "_SetEmbeddedWin32ManifestProperties" en el proyecto "OptimizadorAdmin.csproj".
   1:7>Destino "SetWin32ManifestProperties" en el archivo "C:\Program Files\dotnet\sdk\7.0.410\Microsoft.Common.CurrentVersion.targets" del proyecto "c:\Users\Tosito\Desktop\Tosito\windows\Optimizacion\src\OptimizadorAdmin\OptimizadorAdmin.csproj" (el destino "Compile" depende de él):
   1:7>Compilación terminada del destino "SetWin32ManifestProperties" en el proyecto "OptimizadorAdmin.csproj".
       Se omitió el destino "FindReferenceAssembliesForReferences". Compilado previamente de forma correcta.
   1:7>Destino "_GenerateCompileInputs" en el archivo "C:\Program Files\dotnet\sdk\7.0.410\Microsoft.Common.CurrentVersion.targets" del proyecto "c:\Users\Tosito\Desktop\Tosito\windows\Optimizacion\src\OptimizadorAdmin\OptimizadorAdmin.csproj" (el destino "Compile" depende de él):
       Se omitió la tarea "Warning" debido a una condición falsa (False); ('@(ManifestResourceWithNoCulture)'!='' and '%(ManifestResourceWithNoCulture.EmittedForCompatibilityOnly)'=='') se evaluó como ('obj\Debug\net7.0-windows\OptimizadorAdmin.g.resources'!='' and 'true'=='').
       Se omitió la tarea "Warning" debido a una condición falsa (False); ('@(ManifestNonResxWithNoCultureOnDisk)'!='' and '%(ManifestNonResxWithNoCultureOnDisk.EmittedForCompatibilityOnly)'=='') se evaluó como (''!='' and ''=='').
   1:7>Compilación terminada del destino "_GenerateCompileInputs" en el proyecto "OptimizadorAdmin.csproj".
       Se omitió el destino "PrepareForBuild". Compilado previamente de forma correcta.
   1:7>Destino "GenerateMSBuildEditorConfigFileShouldRun" en el archivo "C:\Program Files\dotnet\sdk\7.0.410\Roslyn\Microsoft.Managed.Core.targets" del proyecto "c:\Users\Tosito\Desktop\Tosito\windows\Optimizacion\src\OptimizadorAdmin\OptimizadorAdmin.csproj" (el destino "GenerateMSBuildEditorConfigFile" depende de él):
   1:7>Compilación terminada del destino "GenerateMSBuildEditorConfigFileShouldRun" en el proyecto "OptimizadorAdmin.csproj".
   1:7>Destino "GenerateMSBuildEditorConfigFileCore" en el archivo "C:\Program Files\dotnet\sdk\7.0.410\Roslyn\Microsoft.Managed.Core.targets" del proyecto "c:\Users\Tosito\Desktop\Tosito\windows\Optimizacion\src\OptimizadorAdmin\OptimizadorAdmin.csproj" (el destino "GenerateMSBuildEditorConfigFile" depende de él):
       Compilando completamente el destino "GenerateMSBuildEditorConfigFileCore".
       No se especificaron archivos de entrada.
       Usando la tarea "GenerateMSBuildEditorConfig" del ensamblado "C:\Program Files\dotnet\sdk\7.0.410\Roslyn\Microsoft.Build.Tasks.CodeAnalysis.dll".
       Tarea "GenerateMSBuildEditorConfig"
       Ejecución de la tarea "GenerateMSBuildEditorConfig" terminada.
   1:7>Compilación terminada del destino "GenerateMSBuildEditorConfigFileCore" en el proyecto "OptimizadorAdmin.csproj".
   1:7>Destino "GenerateMSBuildEditorConfigFile" en el archivo "C:\Program Files\dotnet\sdk\7.0.410\Roslyn\Microsoft.Managed.Core.targets" del proyecto "c:\Users\Tosito\Desktop\Tosito\windows\Optimizacion\src\OptimizadorAdmin\OptimizadorAdmin.csproj" (el destino "BeforeCompile" depende de él):
   1:7>Compilación terminada del destino "GenerateMSBuildEditorConfigFile" en el proyecto "OptimizadorAdmin.csproj".
       Se omitió el destino "PrepareForBuild". Compilado previamente de forma correcta.
       Se omitió el destino "GetReferenceAssemblyPaths". Compilado previamente de forma correcta.
   1:7>Destino "_SetTargetFrameworkMonikerAttribute" en el archivo "C:\Program Files\dotnet\sdk\7.0.410\Microsoft.CSharp.CurrentVersion.targets" del proyecto "c:\Users\Tosito\Desktop\Tosito\windows\Optimizacion\src\OptimizadorAdmin\OptimizadorAdmin.csproj" (el destino "GenerateTargetFrameworkMonikerAttribute" depende de él):
   1:7>Compilación terminada del destino "_SetTargetFrameworkMonikerAttribute" en el proyecto "OptimizadorAdmin.csproj".
   1:7>Destino "GenerateTargetFrameworkMonikerAttribute" en el archivo "C:\Program Files\dotnet\sdk\7.0.410\Microsoft.Common.CurrentVersion.targets" del proyecto "c:\Users\Tosito\Desktop\Tosito\windows\Optimizacion\src\OptimizadorAdmin\OptimizadorAdmin.csproj" (el destino "BeforeCompile" depende de él):
       Se omitirá el destino "GenerateTargetFrameworkMonikerAttribute" porque todos los archivos de salida están actualizados respecto a los archivos de entrada.
       Archivos de entrada: C:\Program Files\dotnet\sdk\7.0.410\Microsoft.Common.targets
       Archivos de salida: obj\Debug\net7.0-windows\.NETCoreApp,Version=v7.0.AssemblyAttributes.cs
   1:7>Compilación terminada del destino "GenerateTargetFrameworkMonikerAttribute" en el proyecto "OptimizadorAdmin.csproj".
       Se omitió el destino "GenerateAdditionalSources" debido a una condición falsa (False); ('@(AssemblyAttributes)' != '' and '$(GenerateAdditionalSources)' == 'true') se evaluó como ('' != '' and '' == 'true').
       Se omitió el destino "PrepareForBuild". Compilado previamente de forma correcta.
   1:7>Destino "GetAssemblyVersion" en el archivo "C:\Program Files\dotnet\sdk\7.0.410\Sdks\Microsoft.NET.Sdk\targets\Microsoft.NET.GenerateAssemblyInfo.targets" del proyecto "c:\Users\Tosito\Desktop\Tosito\windows\Optimizacion\src\OptimizadorAdmin\OptimizadorAdmin.csproj" (el destino "GetAssemblyAttributes" depende de él):
       Usando la tarea "GetAssemblyVersion" del ensamblado "C:\Program Files\dotnet\sdk\7.0.410\Sdks\Microsoft.NET.Sdk\targets\..\tools\net7.0\Microsoft.NET.Build.Tasks.dll".
       Tarea "GetAssemblyVersion"
       Ejecución de la tarea "GetAssemblyVersion" terminada.
   1:7>Compilación terminada del destino "GetAssemblyVersion" en el proyecto "OptimizadorAdmin.csproj".
       Se omitió el destino "GetAssemblyVersion". Compilado previamente de forma correcta.
   1:7>Destino "InitializeSourceControlInformation" en el archivo "C:\Program Files\dotnet\sdk\7.0.410\Microsoft.Common.CurrentVersion.targets" del proyecto "c:\Users\Tosito\Desktop\Tosito\windows\Optimizacion\src\OptimizadorAdmin\OptimizadorAdmin.csproj" (el destino "AddSourceRevisionToInformationalVersion" depende de él):
   1:7>Compilación terminada del destino "InitializeSourceControlInformation" en el proyecto "OptimizadorAdmin.csproj".
   1:7>Destino "AddSourceRevisionToInformationalVersion" en el archivo "C:\Program Files\dotnet\sdk\7.0.410\Sdks\Microsoft.NET.Sdk\targets\Microsoft.NET.GenerateAssemblyInfo.targets" del proyecto "c:\Users\Tosito\Desktop\Tosito\windows\Optimizacion\src\OptimizadorAdmin\OptimizadorAdmin.csproj" (el destino "GetAssemblyAttributes" depende de él):
   1:7>Compilación terminada del destino "AddSourceRevisionToInformationalVersion" en el proyecto "OptimizadorAdmin.csproj".
       Se omitió el destino "_GetUserSecretsAssemblyAttribute" debido a una condición falsa (False); ( '$(UserSecretsId)' != '' AND '$(GenerateUserSecretsAttribute)' != 'false' AND '$(GeneratedUserSecretsAttributeFile)' == '' ) se evaluó como ( '' != '' AND '' != 'false' AND '' == '' ).
   1:7>Destino "GetAssemblyAttributes" en el archivo "C:\Program Files\dotnet\sdk\7.0.410\Sdks\Microsoft.NET.Sdk\targets\Microsoft.NET.GenerateAssemblyInfo.targets" del proyecto "c:\Users\Tosito\Desktop\Tosito\windows\Optimizacion\src\OptimizadorAdmin\OptimizadorAdmin.csproj" (el destino "CreateGeneratedAssemblyInfoInputsCacheFile" depende de él):
   1:7>Compilación terminada del destino "GetAssemblyAttributes" en el proyecto "OptimizadorAdmin.csproj".
   1:7>Destino "CreateGeneratedAssemblyInfoInputsCacheFile" en el archivo "C:\Program Files\dotnet\sdk\7.0.410\Sdks\Microsoft.NET.Sdk\targets\Microsoft.NET.GenerateAssemblyInfo.targets" del proyecto "c:\Users\Tosito\Desktop\Tosito\windows\Optimizacion\src\OptimizadorAdmin\OptimizadorAdmin.csproj" (el destino "CoreGenerateAssemblyInfo" depende de él):
       Usando la tarea "Hash" del ensamblado "Microsoft.Build.Tasks.Core, Version=15.1.0.0, Culture=neutral, PublicKeyToken=b03f5f7f11d50a3a".
       Tarea "Hash"
       Ejecución de la tarea "Hash" terminada.
       Usando la tarea "WriteLinesToFile" del ensamblado "Microsoft.Build.Tasks.Core, Version=15.1.0.0, Culture=neutral, PublicKeyToken=b03f5f7f11d50a3a".
       Tarea "WriteLinesToFile"
         Omitiendo la escritura en el archivo "obj\Debug\net7.0-windows\OptimizadorAdmin.AssemblyInfoInputs.cache" porque el contenido no cambiará.
       Ejecución de la tarea "WriteLinesToFile" terminada.
   1:7>Compilación terminada del destino "CreateGeneratedAssemblyInfoInputsCacheFile" en el proyecto "OptimizadorAdmin.csproj".
   1:7>Destino "CoreGenerateAssemblyInfo" en el archivo "C:\Program Files\dotnet\sdk\7.0.410\Sdks\Microsoft.NET.Sdk\targets\Microsoft.NET.GenerateAssemblyInfo.targets" del proyecto "c:\Users\Tosito\Desktop\Tosito\windows\Optimizacion\src\OptimizadorAdmin\OptimizadorAdmin.csproj" (el destino "GenerateAssemblyInfo" depende de él):
       Se omitirá el destino "CoreGenerateAssemblyInfo" porque todos los archivos de salida están actualizados respecto a los archivos de entrada.
       Archivos de entrada: obj\Debug\net7.0-windows\OptimizadorAdmin.AssemblyInfoInputs.cache
       Archivos de salida: obj\Debug\net7.0-windows\OptimizadorAdmin.AssemblyInfo.cs
   1:7>Compilación terminada del destino "CoreGenerateAssemblyInfo" en el proyecto "OptimizadorAdmin.csproj".
   1:7>Destino "GenerateAssemblyInfo" en el archivo "C:\Program Files\dotnet\sdk\7.0.410\Sdks\Microsoft.NET.Sdk\targets\Microsoft.NET.GenerateAssemblyInfo.targets" del proyecto "c:\Users\Tosito\Desktop\Tosito\windows\Optimizacion\src\OptimizadorAdmin\OptimizadorAdmin.csproj" (el destino "BeforeCompile" depende de él):
   1:7>Compilación terminada del destino "GenerateAssemblyInfo" en el proyecto "OptimizadorAdmin.csproj".
       Se omitió el destino "GenerateGlobalUsings" debido a una condición falsa (False); (@(Using->Count()) != 0) se evaluó como (0 != 0).
   1:7>Destino "BeforeCompile" en el archivo "C:\Program Files\dotnet\sdk\7.0.410\Microsoft.Common.CurrentVersion.targets" del proyecto "c:\Users\Tosito\Desktop\Tosito\windows\Optimizacion\src\OptimizadorAdmin\OptimizadorAdmin.csproj" (el destino "Compile" depende de él):
   1:7>Compilación terminada del destino "BeforeCompile" en el proyecto "OptimizadorAdmin.csproj".
       Se omitió el destino "_TimeStampBeforeCompile" debido a una condición falsa (False); ('$(RunPostBuildEvent)'=='OnOutputUpdated' or ('$(RegisterForComInterop)'=='true' and '$(OutputType)'=='library')) se evaluó como (''=='OnOutputUpdated' or (''=='true' and 'WinExe'=='library')).
       Se omitió el destino "ResolveAssemblyReferences". Compilado previamente de forma correcta.
   1:7>Destino "_GenerateCompileDependencyCache" en el archivo "C:\Program Files\dotnet\sdk\7.0.410\Microsoft.Common.CurrentVersion.targets" del proyecto "c:\Users\Tosito\Desktop\Tosito\windows\Optimizacion\src\OptimizadorAdmin\OptimizadorAdmin.csproj" (el destino "Compile" depende de él):
       Tarea "Hash"
       Ejecución de la tarea "Hash" terminada.
       Tarea "WriteLinesToFile"
         Omitiendo la escritura en el archivo "obj\Debug\net7.0-windows\OptimizadorAdmin.csproj.CoreCompileInputs.cache" porque el contenido no cambiará.
       Ejecución de la tarea "WriteLinesToFile" terminada.
   1:7>Compilación terminada del destino "_GenerateCompileDependencyCache" en el proyecto "OptimizadorAdmin.csproj".
       Se omitió el destino "_ComputeNonExistentFileProperty" debido a una condición falsa (False); (('$(BuildingInsideVisualStudio)' == 'true') and ('$(BuildingOutOfProcess)' != 'true') and (('$(BuildingProject)' == 'false') or ('$(UseHostCompilerIfAvailable)' == 'true'))) se evaluó como (('' == 'true') and ('' != 'true') and (('true' == 'false') or ('true' == 'true'))).
       Se omitió el destino "ResolveCodeAnalysisRuleSet" debido a una condición falsa (False); ('$(CodeAnalysisRuleSet)' != '') se evaluó como ('' != '').
       Se omitió el destino "ShimReferencePathsWhenCommonTargetsDoesNotUnderstandReferenceAssemblies" debido a una condición falsa (False); ('@(ReferencePathWithRefAssemblies)' == '') se evaluó como ('C:\Program Files\dotnet\packs\Microsoft.WindowsDesktop.App.Ref\7.0.20\ref\net7.0\Accessibility.dll;C:\Program Files\dotnet\packs\Microsoft.NETCore.App.Ref\7.0.20\ref\net7.0\Microsoft.CSharp.dll;C:\Program Files\dotnet\packs\Microsoft.NETCore.App.Ref\7.0.20\ref\net7.0\Microsoft.VisualBasic.Core.dll;...' == '').
   1:7>Destino "_BeforeVBCSCoreCompile" en el archivo "C:\Program Files\dotnet\sdk\7.0.410\Roslyn\Microsoft.Managed.Core.targets" del proyecto "c:\Users\Tosito\Desktop\Tosito\windows\Optimizacion\src\OptimizadorAdmin\OptimizadorAdmin.csproj" (el destino "CoreCompile" depende de él):
   1:7>Compilación terminada del destino "_BeforeVBCSCoreCompile" en el proyecto "OptimizadorAdmin.csproj".
       Se omitió el destino "AdjustDefaultPlatformTargetForNetFrameworkExeWithNoNativeCopyLocalItems" debido a una condición falsa (False); ('$(_UsingDefaultPlatformTarget)' == 'true' and
                            '$(_UsingDefaultRuntimeIdentifier)' == 'true') se evaluó como ('true' == 'true' and
                            '' == 'true').
   1:7>Destino "GenerateTargetPlatformDefineConstants" en el archivo "C:\Program Files\dotnet\sdk\7.0.410\Sdks\Microsoft.NET.Sdk\targets\Microsoft.NET.Sdk.BeforeCommon.targets" del proyecto "c:\Users\Tosito\Desktop\Tosito\windows\Optimizacion\src\OptimizadorAdmin\OptimizadorAdmin.csproj" (el destino "AddImplicitDefineConstants" depende de él):
   1:7>Compilación terminada del destino "GenerateTargetPlatformDefineConstants" en el proyecto "OptimizadorAdmin.csproj".
   1:7>Destino "GenerateNETCompatibleDefineConstants" en el archivo "C:\Program Files\dotnet\sdk\7.0.410\Sdks\Microsoft.NET.Sdk\targets\Microsoft.NET.Sdk.BeforeCommon.targets" del proyecto "c:\Users\Tosito\Desktop\Tosito\windows\Optimizacion\src\OptimizadorAdmin\OptimizadorAdmin.csproj" (el destino "AddImplicitDefineConstants" depende de él):
   1:7>Compilación terminada del destino "GenerateNETCompatibleDefineConstants" en el proyecto "OptimizadorAdmin.csproj".
   1:7>Destino "GeneratePlatformCompatibleDefineConstants" en el archivo "C:\Program Files\dotnet\sdk\7.0.410\Sdks\Microsoft.NET.Sdk\targets\Microsoft.NET.Sdk.BeforeCommon.targets" del proyecto "c:\Users\Tosito\Desktop\Tosito\windows\Optimizacion\src\OptimizadorAdmin\OptimizadorAdmin.csproj" (el destino "AddImplicitDefineConstants" depende de él):
   1:7>Compilación terminada del destino "GeneratePlatformCompatibleDefineConstants" en el proyecto "OptimizadorAdmin.csproj".
   1:7>Destino "AddImplicitDefineConstants" en el archivo "C:\Program Files\dotnet\sdk\7.0.410\Sdks\Microsoft.NET.Sdk\targets\Microsoft.NET.Sdk.BeforeCommon.targets" del proyecto "c:\Users\Tosito\Desktop\Tosito\windows\Optimizacion\src\OptimizadorAdmin\OptimizadorAdmin.csproj" (el destino "CoreCompile" depende de él):
   1:7>Compilación terminada del destino "AddImplicitDefineConstants" en el proyecto "OptimizadorAdmin.csproj".
       Se omitió el destino "ShimReferencePathsWhenCommonTargetsDoesNotUnderstandReferenceAssemblies" debido a una condición falsa (False); ('@(ReferencePathWithRefAssemblies)' == '') se evaluó como ('C:\Program Files\dotnet\packs\Microsoft.WindowsDesktop.App.Ref\7.0.20\ref\net7.0\Accessibility.dll;C:\Program Files\dotnet\packs\Microsoft.NETCore.App.Ref\7.0.20\ref\net7.0\Microsoft.CSharp.dll;C:\Program Files\dotnet\packs\Microsoft.NETCore.App.Ref\7.0.20\ref\net7.0\Microsoft.VisualBasic.Core.dll;...' == '').
   1:7>Destino "_ComputeSkipAnalyzers" en el archivo "C:\Program Files\dotnet\sdk\7.0.410\Roslyn\Microsoft.Managed.Core.targets" del proyecto "c:\Users\Tosito\Desktop\Tosito\windows\Optimizacion\src\OptimizadorAdmin\OptimizadorAdmin.csproj" (el destino "CoreCompile" depende de él):
       Se omitió la tarea "ShowMessageForImplicitlySkipAnalyzers" debido a una condición falsa (False); ('$(_ImplicitlySkipAnalyzers)' == 'true') se evaluó como ('' == 'true').
   1:7>Compilación terminada del destino "_ComputeSkipAnalyzers" en el proyecto "OptimizadorAdmin.csproj".
       Se omitió el destino "_SetPathMapFromSourceRoots" debido a una condición falsa (False); ('$(DeterministicSourcePaths)' == 'true') se evaluó como ('' == 'true').
       Se omitió el destino "CreateCompilerGeneratedFilesOutputPath" debido a una condición falsa (False); ('$(EmitCompilerGeneratedFiles)' == 'true' and !('$(DesignTimeBuild)' == 'true' OR '$(BuildingProject)' != 'true')) se evaluó como ('false' == 'true' and !('' == 'true' OR 'true' != 'true')).
       Se omitió el destino "GenerateGlobalUsings" debido a una condición falsa (False); (@(Using->Count()) != 0) se evaluó como (0 != 0).
   1:7>Destino "AddGlobalAnalyzerConfigForPackage_MicrosoftCodeAnalysisNetAnalyzers" en el archivo "C:\Program Files\dotnet\sdk\7.0.410\Sdks\Microsoft.NET.Sdk\analyzers\build\Microsoft.CodeAnalysis.NetAnalyzers.targets" del proyecto "c:\Users\Tosito\Desktop\Tosito\windows\Optimizacion\src\OptimizadorAdmin\OptimizadorAdmin.csproj" (el destino "CoreCompile" depende de él):
   1:7>Compilación terminada del destino "AddGlobalAnalyzerConfigForPackage_MicrosoftCodeAnalysisNetAnalyzers" en el proyecto "OptimizadorAdmin.csproj".
       Se omitió el destino "AddGlobalAnalyzerConfigForPackage_MicrosoftCodeAnalysisNetAnalyzersDesign" debido a una condición falsa (False); ('$(SkipGlobalAnalyzerConfigForPackage)' != 'true' and ('$(AnalysisLevelDesign)' != '' or '$(AnalysisModeDesign)' != '')) se evaluó como ('' != 'true' and ('' != '' or '' != '')).
       Se omitió el destino "AddGlobalAnalyzerConfigForPackage_MicrosoftCodeAnalysisNetAnalyzersDocumentation" debido a una condición falsa (False); ('$(SkipGlobalAnalyzerConfigForPackage)' != 'true' and ('$(AnalysisLevelDocumentation)' != '' or '$(AnalysisModeDocumentation)' != '')) se evaluó como ('' != 'true' and ('' != '' or '' != '')).
       Se omitió el destino "AddGlobalAnalyzerConfigForPackage_MicrosoftCodeAnalysisNetAnalyzersGlobalization" debido a una condición falsa (False); ('$(SkipGlobalAnalyzerConfigForPackage)' != 'true' and ('$(AnalysisLevelGlobalization)' != '' or '$(AnalysisModeGlobalization)' != '')) se evaluó como ('' != 'true' and ('' != '' or '' != '')).
       Se omitió el destino "AddGlobalAnalyzerConfigForPackage_MicrosoftCodeAnalysisNetAnalyzersInteroperability" debido a una condición falsa (False); ('$(SkipGlobalAnalyzerConfigForPackage)' != 'true' and ('$(AnalysisLevelInteroperability)' != '' or '$(AnalysisModeInteroperability)' != '')) se evaluó como ('' != 'true' and ('' != '' or '' != '')).
       Se omitió el destino "AddGlobalAnalyzerConfigForPackage_MicrosoftCodeAnalysisNetAnalyzersMaintainability" debido a una condición falsa (False); ('$(SkipGlobalAnalyzerConfigForPackage)' != 'true' and ('$(AnalysisLevelMaintainability)' != '' or '$(AnalysisModeMaintainability)' != '')) se evaluó como ('' != 'true' and ('' != '' or '' != '')).
       Se omitió el destino "AddGlobalAnalyzerConfigForPackage_MicrosoftCodeAnalysisNetAnalyzersNaming" debido a una condición falsa (False); ('$(SkipGlobalAnalyzerConfigForPackage)' != 'true' and ('$(AnalysisLevelNaming)' != '' or '$(AnalysisModeNaming)' != '')) se evaluó como ('' != 'true' and ('' != '' or '' != '')).
       Se omitió el destino "AddGlobalAnalyzerConfigForPackage_MicrosoftCodeAnalysisNetAnalyzersPerformance" debido a una condición falsa (False); ('$(SkipGlobalAnalyzerConfigForPackage)' != 'true' and ('$(AnalysisLevelPerformance)' != '' or '$(AnalysisModePerformance)' != '')) se evaluó como ('' != 'true' and ('' != '' or '' != '')).
       Se omitió el destino "AddGlobalAnalyzerConfigForPackage_MicrosoftCodeAnalysisNetAnalyzersReliability" debido a una condición falsa (False); ('$(SkipGlobalAnalyzerConfigForPackage)' != 'true' and ('$(AnalysisLevelReliability)' != '' or '$(AnalysisModeReliability)' != '')) se evaluó como ('' != 'true' and ('' != '' or '' != '')).
       Se omitió el destino "AddGlobalAnalyzerConfigForPackage_MicrosoftCodeAnalysisNetAnalyzersSecurity" debido a una condición falsa (False); ('$(SkipGlobalAnalyzerConfigForPackage)' != 'true' and ('$(AnalysisLevelSecurity)' != '' or '$(AnalysisModeSecurity)' != '')) se evaluó como ('' != 'true' and ('' != '' or '' != '')).
       Se omitió el destino "AddGlobalAnalyzerConfigForPackage_MicrosoftCodeAnalysisNetAnalyzersUsage" debido a una condición falsa (False); ('$(SkipGlobalAnalyzerConfigForPackage)' != 'true' and ('$(AnalysisLevelUsage)' != '' or '$(AnalysisModeUsage)' != '')) se evaluó como ('' != 'true' and ('' != '' or '' != '')).
       Se omitió el destino "_CodeAnalysisTreatWarningsAsErrors" debido a una condición falsa (False); ('$(DesignTimeBuild)' == 'true' OR '$(BuildingProject)' != 'true') se evaluó como ('' == 'true' OR 'true' != 'true').
   1:7>Destino "_ReportUpgradeNetAnalyzersNuGetWarning" en el archivo "C:\Program Files\dotnet\sdk\7.0.410\Sdks\Microsoft.NET.Sdk\analyzers\build\Microsoft.CodeAnalysis.NetAnalyzers.targets" del proyecto "c:\Users\Tosito\Desktop\Tosito\windows\Optimizacion\src\OptimizadorAdmin\OptimizadorAdmin.csproj" (el destino "CoreCompile" depende de él):
       Se omitió la tarea "Warning" debido a una condición falsa (False); ('$(_NETAnalyzersNuGetAssemblyVersion)' != '' AND
                                '$(_NETAnalyzersSDKAssemblyVersion)' != '' AND
                                 $(_NETAnalyzersNuGetAssemblyVersion) < $(_NETAnalyzersSDKAssemblyVersion)) se evaluó como ('' != '' AND
                                '7.0.4' != '' AND
                                  < 7.0.4).
   1:7>Compilación terminada del destino "_ReportUpgradeNetAnalyzersNuGetWarning" en el proyecto "OptimizadorAdmin.csproj".
   1:7>Destino "RemoveDuplicateAnalyzers" en el archivo "C:\Program Files\dotnet\sdk\7.0.410\Sdks\Microsoft.NET.Sdk.WindowsDesktop\targets\Microsoft.WinFX.targets" del proyecto "c:\Users\Tosito\Desktop\Tosito\windows\Optimizacion\src\OptimizadorAdmin\OptimizadorAdmin.csproj" (el destino "CoreCompile" depende de él):
   1:7>Compilación terminada del destino "RemoveDuplicateAnalyzers" en el proyecto "OptimizadorAdmin.csproj".
   1:7>Destino "CoreCompile" en el archivo "C:\Program Files\dotnet\sdk\7.0.410\Roslyn\Microsoft.CSharp.Core.targets" del proyecto "c:\Users\Tosito\Desktop\Tosito\windows\Optimizacion\src\OptimizadorAdmin\OptimizadorAdmin.csproj" (el destino "Compile" depende de él):
       Compilando completamente el destino "CoreCompile".
       El archivo de entrada "MainWindow.xaml.cs" es más reciente que el archivo de salida "obj\Debug\net7.0-windows\OptimizadorAdmin.pdb".
       Usando la tarea "Csc" del ensamblado "C:\Program Files\dotnet\sdk\7.0.410\Roslyn\Microsoft.Build.Tasks.CodeAnalysis.dll".
       Tarea "Csc"
         C:\Program Files\dotnet\dotnet.exe exec "C:\Program Files\dotnet\sdk\7.0.410\Roslyn\bincore\csc.dll" /noconfig /unsafe- /checked- /nowarn:1701,1702,1701,1702 /fullpaths /nostdlib+ /errorreport:prompt /warn:7 /define:TRACE;DEBUG;NET;NET7_0;NETCOREAPP;WINDOWS;WINDOWS7_0;NET5_0_OR_GREATER;NET6_0_OR_GREATER;NET7_0_OR_GREATER;NETCOREAPP3_0_OR_GREATER;NETCOREAPP3_1_OR_GREATER;WINDOWS7_0_OR_GREATER /highentropyva+ /nullable:enable /reference:"C:\Program Files\dotnet\packs\Microsoft.WindowsDesktop.App.Ref\7.0.20\ref\net7.0\Accessibility.dll" /reference:"C:\Program Files\dotnet\packs\Microsoft.NETCore.App.Ref\7.0.20\ref\net7.0\Microsoft.CSharp.dll" /reference:"C:\Program Files\dotnet\packs\Microsoft.NETCore.App.Ref\7.0.20\ref\net7.0\Microsoft.VisualBasic.Core.dll" /reference:"C:\Program Files\dotnet\packs\Microsoft.NETCore.App.Ref\7.0.20\ref\net7.0\Microsoft.VisualBasic.dll" /reference:"C:\Program Files\dotnet\packs\Microsoft.NETCore.App.Ref\7.0.20\ref\net7.0\Microsoft.Win32.Primitives.dll" /reference:"C:\Program Files\dotnet\packs\Microsoft.WindowsDesktop.App.Ref\7.0.20\ref\net7.0\Microsoft.Win32.Registry.AccessControl.dll" /reference:"C:\Program Files\dotnet\packs\Microsoft.NETCore.App.Ref\7.0.20\ref\net7.0\Microsoft.Win32.Registry.dll" /reference:"C:\Program Files\dotnet\packs\Microsoft.WindowsDesktop.App.Ref\7.0.20\ref\net7.0\Microsoft.Win32.SystemEvents.dll" /reference:"C:\Program Files\dotnet\packs\Microsoft.NETCore.App.Ref\7.0.20\ref\net7.0\mscorlib.dll" /reference:"C:\Program Files\dotnet\packs\Microsoft.NETCore.App.Ref\7.0.20\ref\net7.0\netstandard.dll" /reference:"C:\Program Files\dotnet\packs\Microsoft.WindowsDesktop.App.Ref\7.0.20\ref\net7.0\PresentationCore.dll" /reference:"C:\Program Files\dotnet\packs\Microsoft.WindowsDesktop.App.Ref\7.0.20\ref\net7.0\PresentationFramework.Aero.dll" /reference:"C:\Program Files\dotnet\packs\Microsoft.WindowsDesktop.App.Ref\7.0.20\ref\net7.0\PresentationFramework.Aero2.dll" /reference:"C:\Program Files\dotnet\packs\Microsoft.WindowsDesktop.App.Ref\7.0.20\ref\net7.0\PresentationFramework.AeroLite.dll" /reference:"C:\Program Files\dotnet\packs\Microsoft.WindowsDesktop.App.Ref\7.0.20\ref\net7.0\PresentationFramework.Classic.dll" /reference:"C:\Program Files\dotnet\packs\Microsoft.WindowsDesktop.App.Ref\7.0.20\ref\net7.0\PresentationFramework.dll" /reference:"C:\Program Files\dotnet\packs\Microsoft.WindowsDesktop.App.Ref\7.0.20\ref\net7.0\PresentationFramework.Luna.dll" /reference:"C:\Program Files\dotnet\packs\Microsoft.WindowsDesktop.App.Ref\7.0.20\ref\net7.0\PresentationFramework.Royale.dll" /reference:"C:\Program Files\dotnet\packs\Microsoft.WindowsDesktop.App.Ref\7.0.20\ref\net7.0\PresentationUI.dll" /reference:"C:\Program Files\dotnet\packs\Microsoft.WindowsDesktop.App.Ref\7.0.20\ref\net7.0\ReachFramework.dll" /reference:"C:\Program Files\dotnet\packs\Microsoft.NETCore.App.Ref\7.0.20\ref\net7.0\System.AppContext.dll" /reference:"C:\Program Files\dotnet\packs\Microsoft.NETCore.App.Ref\7.0.20\ref\net7.0\System.Buffers.dll" /reference:"C:\Program Files\dotnet\packs\Microsoft.WindowsDesktop.App.Ref\7.0.20\ref\net7.0\System.CodeDom.dll" /reference:"C:\Program Files\dotnet\packs\Microsoft.NETCore.App.Ref\7.0.20\ref\net7.0\System.Collections.Concurrent.dll" /reference:"C:\Program Files\dotnet\packs\Microsoft.NETCore.App.Ref\7.0.20\ref\net7.0\System.Collections.dll" /reference:"C:\Program Files\dotnet\packs\Microsoft.NETCore.App.Ref\7.0.20\ref\net7.0\System.Collections.Immutable.dll" /reference:"C:\Program Files\dotnet\packs\Microsoft.NETCore.App.Ref\7.0.20\ref\net7.0\System.Collections.NonGeneric.dll" /reference:"C:\Program Files\dotnet\packs\Microsoft.NETCore.App.Ref\7.0.20\ref\net7.0\System.Collections.Specialized.dll" /reference:"C:\Program Files\dotnet\packs\Microsoft.NETCore.App.Ref\7.0.20\ref\net7.0\System.ComponentModel.Annotations.dll" /reference:"C:\Program Files\dotnet\packs\Microsoft.NETCore.App.Ref\7.0.20\ref\net7.0\System.ComponentModel.DataAnnotations.dll" /reference:"C:\Program Files\dotnet\packs\Microsoft.NETCore.App.Ref\7.0.20\ref\net7.0\System.ComponentModel.dll" /reference:"C:\Program Files\dotnet\packs\Microsoft.NETCore.App.Ref\7.0.20\ref\net7.0\System.ComponentModel.EventBasedAsync.dll" /reference:"C:\Program Files\dotnet\packs\Microsoft.NETCore.App.Ref\7.0.20\ref\net7.0\System.ComponentModel.Primitives.dll" /reference:"C:\Program Files\dotnet\packs\Microsoft.NETCore.App.Ref\7.0.20\ref\net7.0\System.ComponentModel.TypeConverter.dll" /reference:"C:\Program Files\dotnet\packs\Microsoft.WindowsDesktop.App.Ref\7.0.20\ref\net7.0\System.Configuration.ConfigurationManager.dll" /reference:"C:\Program Files\dotnet\packs\Microsoft.NETCore.App.Ref\7.0.20\ref\net7.0\System.Configuration.dll" /reference:"C:\Program Files\dotnet\packs\Microsoft.NETCore.App.Ref\7.0.20\ref\net7.0\System.Console.dll" /reference:"C:\Program Files\dotnet\packs\Microsoft.NETCore.App.Ref\7.0.20\ref\net7.0\System.Core.dll" /reference:"C:\Program Files\dotnet\packs\Microsoft.NETCore.App.Ref\7.0.20\ref\net7.0\System.Data.Common.dll" /reference:"C:\Program Files\dotnet\packs\Microsoft.NETCore.App.Ref\7.0.20\ref\net7.0\System.Data.DataSetExtensions.dll" /reference:"C:\Program Files\dotnet\packs\Microsoft.NETCore.App.Ref\7.0.20\ref\net7.0\System.Data.dll" /reference:"C:\Program Files\dotnet\packs\Microsoft.NETCore.App.Ref\7.0.20\ref\net7.0\System.Diagnostics.Contracts.dll" /reference:"C:\Program Files\dotnet\packs\Microsoft.NETCore.App.Ref\7.0.20\ref\net7.0\System.Diagnostics.Debug.dll" /reference:"C:\Program Files\dotnet\packs\Microsoft.NETCore.App.Ref\7.0.20\ref\net7.0\System.Diagnostics.DiagnosticSource.dll" /reference:"C:\Program Files\dotnet\packs\Microsoft.WindowsDesktop.App.Ref\7.0.20\ref\net7.0\System.Diagnostics.EventLog.dll" /reference:"C:\Program Files\dotnet\packs\Microsoft.NETCore.App.Ref\7.0.20\ref\net7.0\System.Diagnostics.FileVersionInfo.dll" /reference:"C:\Program Files\dotnet\packs\Microsoft.WindowsDesktop.App.Ref\7.0.20\ref\net7.0\System.Diagnostics.PerformanceCounter.dll" /reference:"C:\Program Files\dotnet\packs\Microsoft.NETCore.App.Ref\7.0.20\ref\net7.0\System.Diagnostics.Process.dll" /reference:"C:\Program Files\dotnet\packs\Microsoft.NETCore.App.Ref\7.0.20\ref\net7.0\System.Diagnostics.StackTrace.dll" /reference:"C:\Program Files\dotnet\packs\Microsoft.NETCore.App.Ref\7.0.20\ref\net7.0\System.Diagnostics.TextWriterTraceListener.dll" /reference:"C:\Program Files\dotnet\packs\Microsoft.NETCore.App.Ref\7.0.20\ref\net7.0\System.Diagnostics.Tools.dll" /reference:"C:\Program Files\dotnet\packs\Microsoft.NETCore.App.Ref\7.0.20\ref\net7.0\System.Diagnostics.TraceSource.dll" /reference:"C:\Program Files\dotnet\packs\Microsoft.NETCore.App.Ref\7.0.20\ref\net7.0\System.Diagnostics.Tracing.dll" /reference:"C:\Program Files\dotnet\packs\Microsoft.WindowsDesktop.App.Ref\7.0.20\ref\net7.0\System.DirectoryServices.dll" /reference:"C:\Program Files\dotnet\packs\Microsoft.NETCore.App.Ref\7.0.20\ref\net7.0\System.dll" /reference:"C:\Program Files\dotnet\packs\Microsoft.NETCore.App.Ref\7.0.20\ref\net7.0\System.Drawing.dll" /reference:"C:\Program Files\dotnet\packs\Microsoft.NETCore.App.Ref\7.0.20\ref\net7.0\System.Drawing.Primitives.dll" /reference:"C:\Program Files\dotnet\packs\Microsoft.NETCore.App.Ref\7.0.20\ref\net7.0\System.Dynamic.Runtime.dll" /reference:"C:\Program Files\dotnet\packs\Microsoft.NETCore.App.Ref\7.0.20\ref\net7.0\System.Formats.Asn1.dll" /reference:"C:\Program Files\dotnet\packs\Microsoft.NETCore.App.Ref\7.0.20\ref\net7.0\System.Formats.Tar.dll" /reference:"C:\Program Files\dotnet\packs\Microsoft.NETCore.App.Ref\7.0.20\ref\net7.0\System.Globalization.Calendars.dll" /reference:"C:\Program Files\dotnet\packs\Microsoft.NETCore.App.Ref\7.0.20\ref\net7.0\System.Globalization.dll" /reference:"C:\Program Files\dotnet\packs\Microsoft.NETCore.App.Ref\7.0.20\ref\net7.0\System.Globalization.Extensions.dll" /reference:"C:\Program Files\dotnet\packs\Microsoft.NETCore.App.Ref\7.0.20\ref\net7.0\System.IO.Compression.Brotli.dll" /reference:"C:\Program Files\dotnet\packs\Microsoft.NETCore.App.Ref\7.0.20\ref\net7.0\System.IO.Compression.dll" /reference:"C:\Program Files\dotnet\packs\Microsoft.NETCore.App.Ref\7.0.20\ref\net7.0\System.IO.Compression.FileSystem.dll" /reference:"C:\Program Files\dotnet\packs\Microsoft.NETCore.App.Ref\7.0.20\ref\net7.0\System.IO.Compression.ZipFile.dll" /reference:"C:\Program Files\dotnet\packs\Microsoft.NETCore.App.Ref\7.0.20\ref\net7.0\System.IO.dll" /reference:"C:\Program Files\dotnet\packs\Microsoft.NETCore.App.Ref\7.0.20\ref\net7.0\System.IO.FileSystem.AccessControl.dll" /reference:"C:\Program Files\dotnet\packs\Microsoft.NETCore.App.Ref\7.0.20\ref\net7.0\System.IO.FileSystem.dll" /reference:"C:\Program Files\dotnet\packs\Microsoft.NETCore.App.Ref\7.0.20\ref\net7.0\System.IO.FileSystem.DriveInfo.dll" /reference:"C:\Program Files\dotnet\packs\Microsoft.NETCore.App.Ref\7.0.20\ref\net7.0\System.IO.FileSystem.Primitives.dll" /reference:"C:\Program Files\dotnet\packs\Microsoft.NETCore.App.Ref\7.0.20\ref\net7.0\System.IO.FileSystem.Watcher.dll" /reference:"C:\Program Files\dotnet\packs\Microsoft.NETCore.App.Ref\7.0.20\ref\net7.0\System.IO.IsolatedStorage.dll" /reference:"C:\Program Files\dotnet\packs\Microsoft.NETCore.App.Ref\7.0.20\ref\net7.0\System.IO.MemoryMappedFiles.dll" /reference:"C:\Program Files\dotnet\packs\Microsoft.WindowsDesktop.App.Ref\7.0.20\ref\net7.0\System.IO.Packaging.dll" /reference:"C:\Program Files\dotnet\packs\Microsoft.NETCore.App.Ref\7.0.20\ref\net7.0\System.IO.Pipes.AccessControl.dll" /reference:"C:\Program Files\dotnet\packs\Microsoft.NETCore.App.Ref\7.0.20\ref\net7.0\System.IO.Pipes.dll" /reference:"C:\Program Files\dotnet\packs\Microsoft.NETCore.App.Ref\7.0.20\ref\net7.0\System.IO.UnmanagedMemoryStream.dll" /reference:"C:\Program Files\dotnet\packs\Microsoft.NETCore.App.Ref\7.0.20\ref\net7.0\System.Linq.dll" /reference:"C:\Program Files\dotnet\packs\Microsoft.NETCore.App.Ref\7.0.20\ref\net7.0\System.Linq.Expressions.dll" /reference:"C:\Program Files\dotnet\packs\Microsoft.NETCore.App.Ref\7.0.20\ref\net7.0\System.Linq.Parallel.dll" /reference:"C:\Program Files\dotnet\packs\Microsoft.NETCore.App.Ref\7.0.20\ref\net7.0\System.Linq.Queryable.dll" /reference:"C:\Program Files\dotnet\packs\Microsoft.NETCore.App.Ref\7.0.20\ref\net7.0\System.Memory.dll" /reference:"C:\Program Files\dotnet\packs\Microsoft.NETCore.App.Ref\7.0.20\ref\net7.0\System.Net.dll" /reference:"C:\Program Files\dotnet\packs\Microsoft.NETCore.App.Ref\7.0.20\ref\net7.0\System.Net.Http.dll" /reference:"C:\Program Files\dotnet\packs\Microsoft.NETCore.App.Ref\7.0.20\ref\net7.0\System.Net.Http.Json.dll" /reference:"C:\Program Files\dotnet\packs\Microsoft.NETCore.App.Ref\7.0.20\ref\net7.0\System.Net.HttpListener.dll" /reference:"C:\Program Files\dotnet\packs\Microsoft.NETCore.App.Ref\7.0.20\ref\net7.0\System.Net.Mail.dll" /reference:"C:\Program Files\dotnet\packs\Microsoft.NETCore.App.Ref\7.0.20\ref\net7.0\System.Net.NameResolution.dll" /reference:"C:\Program Files\dotnet\packs\Microsoft.NETCore.App.Ref\7.0.20\ref\net7.0\System.Net.NetworkInformation.dll" /reference:"C:\Program Files\dotnet\packs\Microsoft.NETCore.App.Ref\7.0.20\ref\net7.0\System.Net.Ping.dll" /reference:"C:\Program Files\dotnet\packs\Microsoft.NETCore.App.Ref\7.0.20\ref\net7.0\System.Net.Primitives.dll" /reference:"C:\Program Files\dotnet\packs\Microsoft.NETCore.App.Ref\7.0.20\ref\net7.0\System.Net.Quic.dll" /reference:"C:\Program Files\dotnet\packs\Microsoft.NETCore.App.Ref\7.0.20\ref\net7.0\System.Net.Requests.dll" /reference:"C:\Program Files\dotnet\packs\Microsoft.NETCore.App.Ref\7.0.20\ref\net7.0\System.Net.Security.dll" /reference:"C:\Program Files\dotnet\packs\Microsoft.NETCore.App.Ref\7.0.20\ref\net7.0\System.Net.ServicePoint.dll" /reference:"C:\Program Files\dotnet\packs\Microsoft.NETCore.App.Ref\7.0.20\ref\net7.0\System.Net.Sockets.dll" /reference:"C:\Program Files\dotnet\packs\Microsoft.NETCore.App.Ref\7.0.20\ref\net7.0\System.Net.WebClient.dll" /reference:"C:\Program Files\dotnet\packs\Microsoft.NETCore.App.Ref\7.0.20\ref\net7.0\System.Net.WebHeaderCollection.dll" /reference:"C:\Program Files\dotnet\packs\Microsoft.NETCore.App.Ref\7.0.20\ref\net7.0\System.Net.WebProxy.dll" /reference:"C:\Program Files\dotnet\packs\Microsoft.NETCore.App.Ref\7.0.20\ref\net7.0\System.Net.WebSockets.Client.dll" /reference:"C:\Program Files\dotnet\packs\Microsoft.NETCore.App.Ref\7.0.20\ref\net7.0\System.Net.WebSockets.dll" /reference:"C:\Program Files\dotnet\packs\Microsoft.NETCore.App.Ref\7.0.20\ref\net7.0\System.Numerics.dll" /reference:"C:\Program Files\dotnet\packs\Microsoft.NETCore.App.Ref\7.0.20\ref\net7.0\System.Numerics.Vectors.dll" /reference:"C:\Program Files\dotnet\packs\Microsoft.NETCore.App.Ref\7.0.20\ref\net7.0\System.ObjectModel.dll" /reference:"C:\Program Files\dotnet\packs\Microsoft.WindowsDesktop.App.Ref\7.0.20\ref\net7.0\System.Printing.dll" /reference:"C:\Program Files\dotnet\packs\Microsoft.NETCore.App.Ref\7.0.20\ref\net7.0\System.Reflection.DispatchProxy.dll" /reference:"C:\Program Files\dotnet\packs\Microsoft.NETCore.App.Ref\7.0.20\ref\net7.0\System.Reflection.dll" /reference:"C:\Program Files\dotnet\packs\Microsoft.NETCore.App.Ref\7.0.20\ref\net7.0\System.Reflection.Emit.dll" /reference:"C:\Program Files\dotnet\packs\Microsoft.NETCore.App.Ref\7.0.20\ref\net7.0\System.Reflection.Emit.ILGeneration.dll" /reference:"C:\Program Files\dotnet\packs\Microsoft.NETCore.App.Ref\7.0.20\ref\net7.0\System.Reflection.Emit.Lightweight.dll" /reference:"C:\Program Files\dotnet\packs\Microsoft.NETCore.App.Ref\7.0.20\ref\net7.0\System.Reflection.Extensions.dll" /reference:"C:\Program Files\dotnet\packs\Microsoft.NETCore.App.Ref\7.0.20\ref\net7.0\System.Reflection.Metadata.dll" /reference:"C:\Program Files\dotnet\packs\Microsoft.NETCore.App.Ref\7.0.20\ref\net7.0\System.Reflection.Primitives.dll" /reference:"C:\Program Files\dotnet\packs\Microsoft.NETCore.App.Ref\7.0.20\ref\net7.0\System.Reflection.TypeExtensions.dll" /reference:"C:\Program Files\dotnet\packs\Microsoft.WindowsDesktop.App.Ref\7.0.20\ref\net7.0\System.Resources.Extensions.dll" /reference:"C:\Program Files\dotnet\packs\Microsoft.NETCore.App.Ref\7.0.20\ref\net7.0\System.Resources.Reader.dll" /reference:"C:\Program Files\dotnet\packs\Microsoft.NETCore.App.Ref\7.0.20\ref\net7.0\System.Resources.ResourceManager.dll" /reference:"C:\Program Files\dotnet\packs\Microsoft.NETCore.App.Ref\7.0.20\ref\net7.0\System.Resources.Writer.dll" /reference:"C:\Program Files\dotnet\packs\Microsoft.NETCore.App.Ref\7.0.20\ref\net7.0\System.Runtime.CompilerServices.Unsafe.dll" /reference:"C:\Program Files\dotnet\packs\Microsoft.NETCore.App.Ref\7.0.20\ref\net7.0\System.Runtime.CompilerServices.VisualC.dll" /reference:"C:\Program Files\dotnet\packs\Microsoft.NETCore.App.Ref\7.0.20\ref\net7.0\System.Runtime.dll" /reference:"C:\Program Files\dotnet\packs\Microsoft.NETCore.App.Ref\7.0.20\ref\net7.0\System.Runtime.Extensions.dll" /reference:"C:\Program Files\dotnet\packs\Microsoft.NETCore.App.Ref\7.0.20\ref\net7.0\System.Runtime.Handles.dll" /reference:"C:\Program Files\dotnet\packs\Microsoft.NETCore.App.Ref\7.0.20\ref\net7.0\System.Runtime.InteropServices.dll" /reference:"C:\Program Files\dotnet\packs\Microsoft.NETCore.App.Ref\7.0.20\ref\net7.0\System.Runtime.InteropServices.JavaScript.dll" /reference:"C:\Program Files\dotnet\packs\Microsoft.NETCore.App.Ref\7.0.20\ref\net7.0\System.Runtime.InteropServices.RuntimeInformation.dll" /reference:"C:\Program Files\dotnet\packs\Microsoft.NETCore.App.Ref\7.0.20\ref\net7.0\System.Runtime.Intrinsics.dll" /reference:"C:\Program Files\dotnet\packs\Microsoft.NETCore.App.Ref\7.0.20\ref\net7.0\System.Runtime.Loader.dll" /reference:"C:\Program Files\dotnet\packs\Microsoft.NETCore.App.Ref\7.0.20\ref\net7.0\System.Runtime.Numerics.dll" /reference:"C:\Program Files\dotnet\packs\Microsoft.NETCore.App.Ref\7.0.20\ref\net7.0\System.Runtime.Serialization.dll" /reference:"C:\Program Files\dotnet\packs\Microsoft.NETCore.App.Ref\7.0.20\ref\net7.0\System.Runtime.Serialization.Formatters.dll" /reference:"C:\Program Files\dotnet\packs\Microsoft.NETCore.App.Ref\7.0.20\ref\net7.0\System.Runtime.Serialization.Json.dll" /reference:"C:\Program Files\dotnet\packs\Microsoft.NETCore.App.Ref\7.0.20\ref\net7.0\System.Runtime.Serialization.Primitives.dll" /reference:"C:\Program Files\dotnet\packs\Microsoft.NETCore.App.Ref\7.0.20\ref\net7.0\System.Runtime.Serialization.Xml.dll" /reference:"C:\Program Files\dotnet\packs\Microsoft.NETCore.App.Ref\7.0.20\ref\net7.0\System.Security.AccessControl.dll" /reference:"C:\Program Files\dotnet\packs\Microsoft.NETCore.App.Ref\7.0.20\ref\net7.0\System.Security.Claims.dll" /reference:"C:\Program Files\dotnet\packs\Microsoft.NETCore.App.Ref\7.0.20\ref\net7.0\System.Security.Cryptography.Algorithms.dll" /reference:"C:\Program Files\dotnet\packs\Microsoft.NETCore.App.Ref\7.0.20\ref\net7.0\System.Security.Cryptography.Cng.dll" /reference:"C:\Program Files\dotnet\packs\Microsoft.NETCore.App.Ref\7.0.20\ref\net7.0\System.Security.Cryptography.Csp.dll" /reference:"C:\Program Files\dotnet\packs\Microsoft.NETCore.App.Ref\7.0.20\ref\net7.0\System.Security.Cryptography.dll" /reference:"C:\Program Files\dotnet\packs\Microsoft.NETCore.App.Ref\7.0.20\ref\net7.0\System.Security.Cryptography.Encoding.dll" /reference:"C:\Program Files\dotnet\packs\Microsoft.NETCore.App.Ref\7.0.20\ref\net7.0\System.Security.Cryptography.OpenSsl.dll" /reference:"C:\Program Files\dotnet\packs\Microsoft.WindowsDesktop.App.Ref\7.0.20\ref\net7.0\System.Security.Cryptography.Pkcs.dll" /reference:"C:\Program Files\dotnet\packs\Microsoft.NETCore.App.Ref\7.0.20\ref\net7.0\System.Security.Cryptography.Primitives.dll" /reference:"C:\Program Files\dotnet\packs\Microsoft.WindowsDesktop.App.Ref\7.0.20\ref\net7.0\System.Security.Cryptography.ProtectedData.dll" /reference:"C:\Program Files\dotnet\packs\Microsoft.NETCore.App.Ref\7.0.20\ref\net7.0\System.Security.Cryptography.X509Certificates.dll" /reference:"C:\Program Files\dotnet\packs\Microsoft.WindowsDesktop.App.Ref\7.0.20\ref\net7.0\System.Security.Cryptography.Xml.dll" /reference:"C:\Program Files\dotnet\packs\Microsoft.NETCore.App.Ref\7.0.20\ref\net7.0\System.Security.dll" /reference:"C:\Program Files\dotnet\packs\Microsoft.WindowsDesktop.App.Ref\7.0.20\ref\net7.0\System.Security.Permissions.dll" /reference:"C:\Program Files\dotnet\packs\Microsoft.NETCore.App.Ref\7.0.20\ref\net7.0\System.Security.Principal.dll" /reference:"C:\Program Files\dotnet\packs\Microsoft.NETCore.App.Ref\7.0.20\ref\net7.0\System.Security.Principal.Windows.dll" /reference:"C:\Program Files\dotnet\packs\Microsoft.NETCore.App.Ref\7.0.20\ref\net7.0\System.Security.SecureString.dll" /reference:"C:\Program Files\dotnet\packs\Microsoft.NETCore.App.Ref\7.0.20\ref\net7.0\System.ServiceModel.Web.dll" /reference:"C:\Program Files\dotnet\packs\Microsoft.NETCore.App.Ref\7.0.20\ref\net7.0\System.ServiceProcess.dll" /reference:"C:\Program Files\dotnet\packs\Microsoft.NETCore.App.Ref\7.0.20\ref\net7.0\System.Text.Encoding.CodePages.dll" /reference:"C:\Program Files\dotnet\packs\Microsoft.NETCore.App.Ref\7.0.20\ref\net7.0\System.Text.Encoding.dll" /reference:"C:\Program Files\dotnet\packs\Microsoft.NETCore.App.Ref\7.0.20\ref\net7.0\System.Text.Encoding.Extensions.dll" /reference:"C:\Program Files\dotnet\packs\Microsoft.NETCore.App.Ref\7.0.20\ref\net7.0\System.Text.Encodings.Web.dll" /reference:"C:\Program Files\dotnet\packs\Microsoft.NETCore.App.Ref\7.0.20\ref\net7.0\System.Text.Json.dll" /reference:"C:\Program Files\dotnet\packs\Microsoft.NETCore.App.Ref\7.0.20\ref\net7.0\System.Text.RegularExpressions.dll" /reference:"C:\Program Files\dotnet\packs\Microsoft.WindowsDesktop.App.Ref\7.0.20\ref\net7.0\System.Threading.AccessControl.dll" /reference:"C:\Program Files\dotnet\packs\Microsoft.NETCore.App.Ref\7.0.20\ref\net7.0\System.Threading.Channels.dll" /reference:"C:\Program Files\dotnet\packs\Microsoft.NETCore.App.Ref\7.0.20\ref\net7.0\System.Threading.dll" /reference:"C:\Program Files\dotnet\packs\Microsoft.NETCore.App.Ref\7.0.20\ref\net7.0\System.Threading.Overlapped.dll" /reference:"C:\Program Files\dotnet\packs\Microsoft.NETCore.App.Ref\7.0.20\ref\net7.0\System.Threading.Tasks.Dataflow.dll" /reference:"C:\Program Files\dotnet\packs\Microsoft.NETCore.App.Ref\7.0.20\ref\net7.0\System.Threading.Tasks.dll" /reference:"C:\Program Files\dotnet\packs\Microsoft.NETCore.App.Ref\7.0.20\ref\net7.0\System.Threading.Tasks.Extensions.dll" /reference:"C:\Program Files\dotnet\packs\Microsoft.NETCore.App.Ref\7.0.20\ref\net7.0\System.Threading.Tasks.Parallel.dll" /reference:"C:\Program Files\dotnet\packs\Microsoft.NETCore.App.Ref\7.0.20\ref\net7.0\System.Threading.Thread.dll" /reference:"C:\Program Files\dotnet\packs\Microsoft.NETCore.App.Ref\7.0.20\ref\net7.0\System.Threading.ThreadPool.dll" /reference:"C:\Program Files\dotnet\packs\Microsoft.NETCore.App.Ref\7.0.20\ref\net7.0\System.Threading.Timer.dll" /reference:"C:\Program Files\dotnet\packs\Microsoft.NETCore.App.Ref\7.0.20\ref\net7.0\System.Transactions.dll" /reference:"C:\Program Files\dotnet\packs\Microsoft.NETCore.App.Ref\7.0.20\ref\net7.0\System.Transactions.Local.dll" /reference:"C:\Program Files\dotnet\packs\Microsoft.NETCore.App.Ref\7.0.20\ref\net7.0\System.ValueTuple.dll" /reference:"C:\Program Files\dotnet\packs\Microsoft.NETCore.App.Ref\7.0.20\ref\net7.0\System.Web.dll" /reference:"C:\Program Files\dotnet\packs\Microsoft.NETCore.App.Ref\7.0.20\ref\net7.0\System.Web.HttpUtility.dll" /reference:"C:\Program Files\dotnet\packs\Microsoft.WindowsDesktop.App.Ref\7.0.20\ref\net7.0\System.Windows.Controls.Ribbon.dll" /reference:"C:\Program Files\dotnet\packs\Microsoft.NETCore.App.Ref\7.0.20\ref\net7.0\System.Windows.dll" /reference:"C:\Program Files\dotnet\packs\Microsoft.WindowsDesktop.App.Ref\7.0.20\ref\net7.0\System.Windows.Extensions.dll" /reference:"C:\Program Files\dotnet\packs\Microsoft.WindowsDesktop.App.Ref\7.0.20\ref\net7.0\System.Windows.Input.Manipulations.dll" /reference:"C:\Program Files\dotnet\packs\Microsoft.WindowsDesktop.App.Ref\7.0.20\ref\net7.0\System.Windows.Presentation.dll" /reference:"C:\Program Files\dotnet\packs\Microsoft.WindowsDesktop.App.Ref\7.0.20\ref\net7.0\System.Xaml.dll" /reference:"C:\Program Files\dotnet\packs\Microsoft.NETCore.App.Ref\7.0.20\ref\net7.0\System.Xml.dll" /reference:"C:\Program Files\dotnet\packs\Microsoft.NETCore.App.Ref\7.0.20\ref\net7.0\System.Xml.Linq.dll" /reference:"C:\Program Files\dotnet\packs\Microsoft.NETCore.App.Ref\7.0.20\ref\net7.0\System.Xml.ReaderWriter.dll" /reference:"C:\Program Files\dotnet\packs\Microsoft.NETCore.App.Ref\7.0.20\ref\net7.0\System.Xml.Serialization.dll" /reference:"C:\Program Files\dotnet\packs\Microsoft.NETCore.App.Ref\7.0.20\ref\net7.0\System.Xml.XDocument.dll" /reference:"C:\Program Files\dotnet\packs\Microsoft.NETCore.App.Ref\7.0.20\ref\net7.0\System.Xml.XmlDocument.dll" /reference:"C:\Program Files\dotnet\packs\Microsoft.NETCore.App.Ref\7.0.20\ref\net7.0\System.Xml.XmlSerializer.dll" /reference:"C:\Program Files\dotnet\packs\Microsoft.NETCore.App.Ref\7.0.20\ref\net7.0\System.Xml.XPath.dll" /reference:"C:\Program Files\dotnet\packs\Microsoft.NETCore.App.Ref\7.0.20\ref\net7.0\System.Xml.XPath.XDocument.dll" /reference:"C:\Program Files\dotnet\packs\Microsoft.WindowsDesktop.App.Ref\7.0.20\ref\net7.0\UIAutomationClient.dll" /reference:"C:\Program Files\dotnet\packs\Microsoft.WindowsDesktop.App.Ref\7.0.20\ref\net7.0\UIAutomationClientSideProviders.dll" /reference:"C:\Program Files\dotnet\packs\Microsoft.WindowsDesktop.App.Ref\7.0.20\ref\net7.0\UIAutomationProvider.dll" /reference:"C:\Program Files\dotnet\packs\Microsoft.WindowsDesktop.App.Ref\7.0.20\ref\net7.0\UIAutomationTypes.dll" /reference:"C:\Program Files\dotnet\packs\Microsoft.WindowsDesktop.App.Ref\7.0.20\ref\net7.0\WindowsBase.dll" /debug+ /debug:portable /filealign:512 /optimize- /out:obj\Debug\net7.0-windows\OptimizadorAdmin.dll /refout:obj\Debug\net7.0-windows\refint\OptimizadorAdmin.dll /resource:obj\Debug\net7.0-windows\OptimizadorAdmin.g.resources /target:winexe /warnaserror- /utf8output /win32icon:AppIcon.ico /deterministic+ /langversion:11.0 /analyzerconfig:obj\Debug\net7.0-windows\OptimizadorAdmin.GeneratedMSBuildEditorConfig.editorconfig /analyzerconfig:"C:\Program Files\dotnet\sdk\7.0.410\Sdks\Microsoft.NET.Sdk\analyzers\build\config\analysislevel_7_default.editorconfig" /analyzer:"C:\Program Files\dotnet\sdk\7.0.410\Sdks\Microsoft.NET.Sdk\targets\..\analyzers\Microsoft.CodeAnalysis.CSharp.NetAnalyzers.dll" /analyzer:"C:\Program Files\dotnet\sdk\7.0.410\Sdks\Microsoft.NET.Sdk\targets\..\analyzers\Microsoft.CodeAnalysis.NetAnalyzers.dll" /analyzer:"C:\Program Files\dotnet\packs\Microsoft.NETCore.App.Ref\7.0.20\analyzers/dotnet/cs/Microsoft.Interop.JavaScript.JSImportGenerator.dll" /analyzer:"C:\Program Files\dotnet\packs\Microsoft.NETCore.App.Ref\7.0.20\analyzers/dotnet/cs/Microsoft.Interop.LibraryImportGenerator.dll" /analyzer:"C:\Program Files\dotnet\packs\Microsoft.NETCore.App.Ref\7.0.20\analyzers/dotnet/cs/Microsoft.Interop.SourceGeneration.dll" /analyzer:"C:\Program Files\dotnet\packs\Microsoft.NETCore.App.Ref\7.0.20\analyzers/dotnet/cs/System.Text.Json.SourceGeneration.dll" /analyzer:"C:\Program Files\dotnet\packs\Microsoft.NETCore.App.Ref\7.0.20\analyzers/dotnet/cs/System.Text.RegularExpressions.Generator.dll" App.xaml.cs AssemblyInfo.cs MainWindow.xaml.cs c:\Users\Tosito\Desktop\Tosito\windows\Optimizacion\src\OptimizadorAdmin\obj\Debug\net7.0-windows\MainWindow.g.cs c:\Users\Tosito\Desktop\Tosito\windows\Optimizacion\src\OptimizadorAdmin\obj\Debug\net7.0-windows\App.g.cs "obj\Debug\net7.0-windows\.NETCoreApp,Version=v7.0.AssemblyAttributes.cs" obj\Debug\net7.0-windows\OptimizadorAdmin.AssemblyInfo.cs /warnaserror+:NU1605,SYSLIB0011
         Ensamblado cargado durante TaskRun (Microsoft.CodeAnalysis.BuildTasks.Csc): System.IO.Pipes, Version=7.0.0.0, Culture=neutral, PublicKeyToken=b03f5f7f11d50a3a (ubicación: C:\Program Files\dotnet\shared\Microsoft.NETCore.App\7.0.20\System.IO.Pipes.dll, MVID: e2a80d64-6169-427b-af55-fa74286a4726, AppDomain: [Default])
         Compilador de Microsoft (R) Visual C# versión 4.7.0-3.23517.17 (9d4cc030)
         Copyright (C) Microsoft Corporation. Todos los derechos reservados.
   1:7>c:\Users\Tosito\Desktop\Tosito\windows\Optimizacion\src\OptimizadorAdmin\MainWindow.xaml.cs(167,13): error CS1519: El token "else" no es válido en una clase, un registro, una estructura o una declaración de miembro de interfaz [c:\Users\Tosito\Desktop\Tosito\windows\Optimizacion\src\OptimizadorAdmin\OptimizadorAdmin.csproj]
   1:7>c:\Users\Tosito\Desktop\Tosito\windows\Optimizacion\src\OptimizadorAdmin\MainWindow.xaml.cs(167,40): error CS8124: Una tupla debe contener al menos dos elementos. [c:\Users\Tosito\Desktop\Tosito\windows\Optimizacion\src\OptimizadorAdmin\OptimizadorAdmin.csproj]
   1:7>c:\Users\Tosito\Desktop\Tosito\windows\Optimizacion\src\OptimizadorAdmin\MainWindow.xaml.cs(167,40): error CS1026: Se esperaba ) [c:\Users\Tosito\Desktop\Tosito\windows\Optimizacion\src\OptimizadorAdmin\OptimizadorAdmin.csproj]
   1:7>c:\Users\Tosito\Desktop\Tosito\windows\Optimizacion\src\OptimizadorAdmin\MainWindow.xaml.cs(167,41): error CS1031: Se esperaba un tipo [c:\Users\Tosito\Desktop\Tosito\windows\Optimizacion\src\OptimizadorAdmin\OptimizadorAdmin.csproj]
   1:7>c:\Users\Tosito\Desktop\Tosito\windows\Optimizacion\src\OptimizadorAdmin\MainWindow.xaml.cs(167,41): error CS8124: Una tupla debe contener al menos dos elementos. [c:\Users\Tosito\Desktop\Tosito\windows\Optimizacion\src\OptimizadorAdmin\OptimizadorAdmin.csproj]
   1:7>c:\Users\Tosito\Desktop\Tosito\windows\Optimizacion\src\OptimizadorAdmin\MainWindow.xaml.cs(167,41): error CS1026: Se esperaba ) [c:\Users\Tosito\Desktop\Tosito\windows\Optimizacion\src\OptimizadorAdmin\OptimizadorAdmin.csproj]
   1:7>c:\Users\Tosito\Desktop\Tosito\windows\Optimizacion\src\OptimizadorAdmin\MainWindow.xaml.cs(167,41): error CS1519: El token ""PROCESS_LIST|"" no es válido en una clase, un registro, una estructura o una declaración de miembro de interfaz [c:\Users\Tosito\Desktop\Tosito\windows\Optimizacion\src\OptimizadorAdmin\OptimizadorAdmin.csproj]
   1:7>c:\Users\Tosito\Desktop\Tosito\windows\Optimizacion\src\OptimizadorAdmin\MainWindow.xaml.cs(170,17): error CS1519: El token "try" no es válido en una clase, un registro, una estructura o una declaración de miembro de interfaz [c:\Users\Tosito\Desktop\Tosito\windows\Optimizacion\src\OptimizadorAdmin\OptimizadorAdmin.csproj]
   1:7>c:\Users\Tosito\Desktop\Tosito\windows\Optimizacion\src\OptimizadorAdmin\MainWindow.xaml.cs(172,21): error CS1519: El token "if" no es válido en una clase, un registro, una estructura o una declaración de miembro de interfaz [c:\Users\Tosito\Desktop\Tosito\windows\Optimizacion\src\OptimizadorAdmin\OptimizadorAdmin.csproj]
   1:7>c:\Users\Tosito\Desktop\Tosito\windows\Optimizacion\src\OptimizadorAdmin\MainWindow.xaml.cs(172,30): error CS8124: Una tupla debe contener al menos dos elementos. [c:\Users\Tosito\Desktop\Tosito\windows\Optimizacion\src\OptimizadorAdmin\OptimizadorAdmin.csproj]
   1:7>c:\Users\Tosito\Desktop\Tosito\windows\Optimizacion\src\OptimizadorAdmin\MainWindow.xaml.cs(172,30): error CS1026: Se esperaba ) [c:\Users\Tosito\Desktop\Tosito\windows\Optimizacion\src\OptimizadorAdmin\OptimizadorAdmin.csproj]
   1:7>c:\Users\Tosito\Desktop\Tosito\windows\Optimizacion\src\OptimizadorAdmin\MainWindow.xaml.cs(172,30): error CS1519: El token "!=" no es válido en una clase, un registro, una estructura o una declaración de miembro de interfaz [c:\Users\Tosito\Desktop\Tosito\windows\Optimizacion\src\OptimizadorAdmin\OptimizadorAdmin.csproj]
   1:7>c:\Users\Tosito\Desktop\Tosito\windows\Optimizacion\src\OptimizadorAdmin\MainWindow.xaml.cs(174,42): error CS1519: El token "(" no es válido en una clase, un registro, una estructura o una declaración de miembro de interfaz [c:\Users\Tosito\Desktop\Tosito\windows\Optimizacion\src\OptimizadorAdmin\OptimizadorAdmin.csproj]
   1:7>c:\Users\Tosito\Desktop\Tosito\windows\Optimizacion\src\OptimizadorAdmin\MainWindow.xaml.cs(174,44): error CS8124: Una tupla debe contener al menos dos elementos. [c:\Users\Tosito\Desktop\Tosito\windows\Optimizacion\src\OptimizadorAdmin\OptimizadorAdmin.csproj]
   1:7>c:\Users\Tosito\Desktop\Tosito\windows\Optimizacion\src\OptimizadorAdmin\MainWindow.xaml.cs(174,46): error CS8124: Una tupla debe contener al menos dos elementos. [c:\Users\Tosito\Desktop\Tosito\windows\Optimizacion\src\OptimizadorAdmin\OptimizadorAdmin.csproj]
   1:7>c:\Users\Tosito\Desktop\Tosito\windows\Optimizacion\src\OptimizadorAdmin\MainWindow.xaml.cs(174,46): error CS1026: Se esperaba ) [c:\Users\Tosito\Desktop\Tosito\windows\Optimizacion\src\OptimizadorAdmin\OptimizadorAdmin.csproj]
   1:7>c:\Users\Tosito\Desktop\Tosito\windows\Optimizacion\src\OptimizadorAdmin\MainWindow.xaml.cs(174,46): error CS1519: El token "=>" no es válido en una clase, un registro, una estructura o una declaración de miembro de interfaz [c:\Users\Tosito\Desktop\Tosito\windows\Optimizacion\src\OptimizadorAdmin\OptimizadorAdmin.csproj]
   1:7>c:\Users\Tosito\Desktop\Tosito\windows\Optimizacion\src\OptimizadorAdmin\MainWindow.xaml.cs(175,57): error CS1519: El token "(" no es válido en una clase, un registro, una estructura o una declaración de miembro de interfaz [c:\Users\Tosito\Desktop\Tosito\windows\Optimizacion\src\OptimizadorAdmin\OptimizadorAdmin.csproj]
   1:7>c:\Users\Tosito\Desktop\Tosito\windows\Optimizacion\src\OptimizadorAdmin\MainWindow.xaml.cs(175,58): error CS8124: Una tupla debe contener al menos dos elementos. [c:\Users\Tosito\Desktop\Tosito\windows\Optimizacion\src\OptimizadorAdmin\OptimizadorAdmin.csproj]
   1:7>c:\Users\Tosito\Desktop\Tosito\windows\Optimizacion\src\OptimizadorAdmin\MainWindow.xaml.cs(175,59): error CS1519: El token ";" no es válido en una clase, un registro, una estructura o una declaración de miembro de interfaz [c:\Users\Tosito\Desktop\Tosito\windows\Optimizacion\src\OptimizadorAdmin\OptimizadorAdmin.csproj]
   1:7>c:\Users\Tosito\Desktop\Tosito\windows\Optimizacion\src\OptimizadorAdmin\MainWindow.xaml.cs(176,43): error CS8124: Una tupla debe contener al menos dos elementos. [c:\Users\Tosito\Desktop\Tosito\windows\Optimizacion\src\OptimizadorAdmin\OptimizadorAdmin.csproj]
   1:7>c:\Users\Tosito\Desktop\Tosito\windows\Optimizacion\src\OptimizadorAdmin\MainWindow.xaml.cs(176,43): error CS1026: Se esperaba ) [c:\Users\Tosito\Desktop\Tosito\windows\Optimizacion\src\OptimizadorAdmin\OptimizadorAdmin.csproj]
   1:7>c:\Users\Tosito\Desktop\Tosito\windows\Optimizacion\src\OptimizadorAdmin\MainWindow.xaml.cs(176,43): error CS1519: El token "in" no es válido en una clase, un registro, una estructura o una declaración de miembro de interfaz [c:\Users\Tosito\Desktop\Tosito\windows\Optimizacion\src\OptimizadorAdmin\OptimizadorAdmin.csproj]
   1:7>c:\Users\Tosito\Desktop\Tosito\windows\Optimizacion\src\OptimizadorAdmin\MainWindow.xaml.cs(176,50): error CS1519: El token ")" no es válido en una clase, un registro, una estructura o una declaración de miembro de interfaz [c:\Users\Tosito\Desktop\Tosito\windows\Optimizacion\src\OptimizadorAdmin\OptimizadorAdmin.csproj]
   1:7>c:\Users\Tosito\Desktop\Tosito\windows\Optimizacion\src\OptimizadorAdmin\MainWindow.xaml.cs(176,78): error CS1519: El token "(" no es válido en una clase, un registro, una estructura o una declaración de miembro de interfaz [c:\Users\Tosito\Desktop\Tosito\windows\Optimizacion\src\OptimizadorAdmin\OptimizadorAdmin.csproj]
   1:7>c:\Users\Tosito\Desktop\Tosito\windows\Optimizacion\src\OptimizadorAdmin\MainWindow.xaml.cs(176,80): error CS8124: Una tupla debe contener al menos dos elementos. [c:\Users\Tosito\Desktop\Tosito\windows\Optimizacion\src\OptimizadorAdmin\OptimizadorAdmin.csproj]
   1:7>c:\Users\Tosito\Desktop\Tosito\windows\Optimizacion\src\OptimizadorAdmin\MainWindow.xaml.cs(176,81): error CS1519: El token ";" no es válido en una clase, un registro, una estructura o una declaración de miembro de interfaz [c:\Users\Tosito\Desktop\Tosito\windows\Optimizacion\src\OptimizadorAdmin\OptimizadorAdmin.csproj]
   1:7>c:\Users\Tosito\Desktop\Tosito\windows\Optimizacion\src\OptimizadorAdmin\MainWindow.xaml.cs(177,26): error CS1022: Se esperaba una definición de tipo o espacio de nombres, o el fin del archivo [c:\Users\Tosito\Desktop\Tosito\windows\Optimizacion\src\OptimizadorAdmin\OptimizadorAdmin.csproj]
   1:7>c:\Users\Tosito\Desktop\Tosito\windows\Optimizacion\src\OptimizadorAdmin\MainWindow.xaml.cs(179,17): error CS1022: Se esperaba una definición de tipo o espacio de nombres, o el fin del archivo [c:\Users\Tosito\Desktop\Tosito\windows\Optimizacion\src\OptimizadorAdmin\OptimizadorAdmin.csproj]
   1:7>c:\Users\Tosito\Desktop\Tosito\windows\Optimizacion\src\OptimizadorAdmin\MainWindow.xaml.cs(179,19): error CS1022: Se esperaba una definición de tipo o espacio de nombres, o el fin del archivo [c:\Users\Tosito\Desktop\Tosito\windows\Optimizacion\src\OptimizadorAdmin\OptimizadorAdmin.csproj]
   1:7>c:\Users\Tosito\Desktop\Tosito\windows\Optimizacion\src\OptimizadorAdmin\MainWindow.xaml.cs(179,25): error CS8803: Las instrucciones de nivel superior deben preceder a las declaraciones de espacio de nombres y de tipos. [c:\Users\Tosito\Desktop\Tosito\windows\Optimizacion\src\OptimizadorAdmin\OptimizadorAdmin.csproj]
   1:7>c:\Users\Tosito\Desktop\Tosito\windows\Optimizacion\src\OptimizadorAdmin\MainWindow.xaml.cs(180,13): error CS1022: Se esperaba una definición de tipo o espacio de nombres, o el fin del archivo [c:\Users\Tosito\Desktop\Tosito\windows\Optimizacion\src\OptimizadorAdmin\OptimizadorAdmin.csproj]
   1:7>c:\Users\Tosito\Desktop\Tosito\windows\Optimizacion\src\OptimizadorAdmin\MainWindow.xaml.cs(180,14): error CS8641: “else” no puede iniciar una instrucción. [c:\Users\Tosito\Desktop\Tosito\windows\Optimizacion\src\OptimizadorAdmin\OptimizadorAdmin.csproj]
   1:7>c:\Users\Tosito\Desktop\Tosito\windows\Optimizacion\src\OptimizadorAdmin\MainWindow.xaml.cs(180,14): error CS1003: Error de sintaxis, se esperaba '(' [c:\Users\Tosito\Desktop\Tosito\windows\Optimizacion\src\OptimizadorAdmin\OptimizadorAdmin.csproj]
   1:7>c:\Users\Tosito\Desktop\Tosito\windows\Optimizacion\src\OptimizadorAdmin\MainWindow.xaml.cs(180,14): error CS1525: El término de expresión 'else' no es válido [c:\Users\Tosito\Desktop\Tosito\windows\Optimizacion\src\OptimizadorAdmin\OptimizadorAdmin.csproj]
   1:7>c:\Users\Tosito\Desktop\Tosito\windows\Optimizacion\src\OptimizadorAdmin\MainWindow.xaml.cs(180,14): error CS1026: Se esperaba ) [c:\Users\Tosito\Desktop\Tosito\windows\Optimizacion\src\OptimizadorAdmin\OptimizadorAdmin.csproj]
   1:7>c:\Users\Tosito\Desktop\Tosito\windows\Optimizacion\src\OptimizadorAdmin\MainWindow.xaml.cs(180,14): error CS1002: Se esperaba ; [c:\Users\Tosito\Desktop\Tosito\windows\Optimizacion\src\OptimizadorAdmin\OptimizadorAdmin.csproj]
   1:7>c:\Users\Tosito\Desktop\Tosito\windows\Optimizacion\src\OptimizadorAdmin\MainWindow.xaml.cs(207,9): error CS1022: Se esperaba una definición de tipo o espacio de nombres, o el fin del archivo [c:\Users\Tosito\Desktop\Tosito\windows\Optimizacion\src\OptimizadorAdmin\OptimizadorAdmin.csproj]
   1:7>c:\Users\Tosito\Desktop\Tosito\windows\Optimizacion\src\OptimizadorAdmin\MainWindow.xaml.cs(209,9): error CS0106: El modificador 'private' no es válido para este elemento [c:\Users\Tosito\Desktop\Tosito\windows\Optimizacion\src\OptimizadorAdmin\OptimizadorAdmin.csproj]
   1:7>c:\Users\Tosito\Desktop\Tosito\windows\Optimizacion\src\OptimizadorAdmin\MainWindow.xaml.cs(214,9): error CS0106: El modificador 'private' no es válido para este elemento [c:\Users\Tosito\Desktop\Tosito\windows\Optimizacion\src\OptimizadorAdmin\OptimizadorAdmin.csproj]
   1:7>c:\Users\Tosito\Desktop\Tosito\windows\Optimizacion\src\OptimizadorAdmin\MainWindow.xaml.cs(243,9): error CS0106: El modificador 'private' no es válido para este elemento [c:\Users\Tosito\Desktop\Tosito\windows\Optimizacion\src\OptimizadorAdmin\OptimizadorAdmin.csproj]
   1:7>c:\Users\Tosito\Desktop\Tosito\windows\Optimizacion\src\OptimizadorAdmin\MainWindow.xaml.cs(244,9): error CS0106: El modificador 'private' no es válido para este elemento [c:\Users\Tosito\Desktop\Tosito\windows\Optimizacion\src\OptimizadorAdmin\OptimizadorAdmin.csproj]
   1:7>c:\Users\Tosito\Desktop\Tosito\windows\Optimizacion\src\OptimizadorAdmin\MainWindow.xaml.cs(245,9): error CS0106: El modificador 'private' no es válido para este elemento [c:\Users\Tosito\Desktop\Tosito\windows\Optimizacion\src\OptimizadorAdmin\OptimizadorAdmin.csproj]
   1:7>c:\Users\Tosito\Desktop\Tosito\windows\Optimizacion\src\OptimizadorAdmin\MainWindow.xaml.cs(246,9): error CS0106: El modificador 'private' no es válido para este elemento [c:\Users\Tosito\Desktop\Tosito\windows\Optimizacion\src\OptimizadorAdmin\OptimizadorAdmin.csproj]
   1:7>c:\Users\Tosito\Desktop\Tosito\windows\Optimizacion\src\OptimizadorAdmin\MainWindow.xaml.cs(247,9): error CS0106: El modificador 'private' no es válido para este elemento [c:\Users\Tosito\Desktop\Tosito\windows\Optimizacion\src\OptimizadorAdmin\OptimizadorAdmin.csproj]
   1:7>c:\Users\Tosito\Desktop\Tosito\windows\Optimizacion\src\OptimizadorAdmin\MainWindow.xaml.cs(250,9): error CS0106: El modificador 'private' no es válido para este elemento [c:\Users\Tosito\Desktop\Tosito\windows\Optimizacion\src\OptimizadorAdmin\OptimizadorAdmin.csproj]
   1:7>c:\Users\Tosito\Desktop\Tosito\windows\Optimizacion\src\OptimizadorAdmin\MainWindow.xaml.cs(256,9): error CS0106: El modificador 'private' no es válido para este elemento [c:\Users\Tosito\Desktop\Tosito\windows\Optimizacion\src\OptimizadorAdmin\OptimizadorAdmin.csproj]
   1:7>c:\Users\Tosito\Desktop\Tosito\windows\Optimizacion\src\OptimizadorAdmin\MainWindow.xaml.cs(262,9): error CS0106: El modificador 'private' no es válido para este elemento [c:\Users\Tosito\Desktop\Tosito\windows\Optimizacion\src\OptimizadorAdmin\OptimizadorAdmin.csproj]
   1:7>c:\Users\Tosito\Desktop\Tosito\windows\Optimizacion\src\OptimizadorAdmin\MainWindow.xaml.cs(274,9): error CS0106: El modificador 'private' no es válido para este elemento [c:\Users\Tosito\Desktop\Tosito\windows\Optimizacion\src\OptimizadorAdmin\OptimizadorAdmin.csproj]
   1:7>c:\Users\Tosito\Desktop\Tosito\windows\Optimizacion\src\OptimizadorAdmin\MainWindow.xaml.cs(285,5): error CS1022: Se esperaba una definición de tipo o espacio de nombres, o el fin del archivo [c:\Users\Tosito\Desktop\Tosito\windows\Optimizacion\src\OptimizadorAdmin\OptimizadorAdmin.csproj]
   1:7>c:\Users\Tosito\Desktop\Tosito\windows\Optimizacion\src\OptimizadorAdmin\MainWindow.xaml.cs(286,1): error CS1022: Se esperaba una definición de tipo o espacio de nombres, o el fin del archivo [c:\Users\Tosito\Desktop\Tosito\windows\Optimizacion\src\OptimizadorAdmin\OptimizadorAdmin.csproj]
         CompilerServer: server - server processed compilation - 93f7b7fb-e523-4164-b845-292e5a8cee28
       Ejecución de la tarea "Csc" terminada -- ERROR.
   1:7>Compilación terminada del destino "CoreCompile" en el proyecto "OptimizadorAdmin.csproj" -- ERROR.
   1:7>Destino "_CheckForCompileOutputs" en el archivo "C:\Program Files\dotnet\sdk\7.0.410\Microsoft.Common.CurrentVersion.targets" del proyecto "c:\Users\Tosito\Desktop\Tosito\windows\Optimizacion\src\OptimizadorAdmin\OptimizadorAdmin.csproj" (el destino "_CleanGetCurrentAndPriorFileWrites" depende de él):
   1:7>Compilación terminada del destino "_CheckForCompileOutputs" en el proyecto "OptimizadorAdmin.csproj".
       Se omitió el destino "_SGenCheckForOutputs" debido a una condición falsa (False); ('$(_SGenGenerateSerializationAssembliesConfig)' == 'On' or ('@(WebReferenceUrl)'!='' and '$(_SGenGenerateSerializationAssembliesConfig)' == 'Auto')) se evaluó como ('Off' == 'On' or (''!='' and 'Off' == 'Auto')).
   1:7>Destino "_CleanGetCurrentAndPriorFileWrites" en el archivo "C:\Program Files\dotnet\sdk\7.0.410\Microsoft.Common.CurrentVersion.targets" del proyecto "c:\Users\Tosito\Desktop\Tosito\windows\Optimizacion\src\OptimizadorAdmin\OptimizadorAdmin.csproj" (el destino "_CleanRecordFileWrites" depende de él):
       Usando la tarea "ReadLinesFromFile" del ensamblado "Microsoft.Build.Tasks.Core, Version=15.1.0.0, Culture=neutral, PublicKeyToken=b03f5f7f11d50a3a".
       Tarea "ReadLinesFromFile"
       Ejecución de la tarea "ReadLinesFromFile" terminada.
       Tarea "ConvertToAbsolutePath"
       Ejecución de la tarea "ConvertToAbsolutePath" terminada.
       Usando la tarea "FindUnderPath" del ensamblado "Microsoft.Build.Tasks.Core, Version=15.1.0.0, Culture=neutral, PublicKeyToken=b03f5f7f11d50a3a".
       Tarea "FindUnderPath"
         La ruta de comparación es "c:\Users\Tosito\Desktop\Tosito\windows\Optimizacion\src\OptimizadorAdmin".
       Ejecución de la tarea "FindUnderPath" terminada.
       Tarea "FindUnderPath"
         La ruta de comparación es "bin\Debug\net7.0-windows\".
       Ejecución de la tarea "FindUnderPath" terminada.
       Tarea "FindUnderPath"
         La ruta de comparación es "obj\Debug\net7.0-windows\".
       Ejecución de la tarea "FindUnderPath" terminada.
       Tarea "RemoveDuplicates"
       Ejecución de la tarea "RemoveDuplicates" terminada.
   1:7>Compilación terminada del destino "_CleanGetCurrentAndPriorFileWrites" en el proyecto "OptimizadorAdmin.csproj".
   1:7>Destino "_CleanRecordFileWrites" en el archivo "C:\Program Files\dotnet\sdk\7.0.410\Microsoft.Common.CurrentVersion.targets" del proyecto "c:\Users\Tosito\Desktop\Tosito\windows\Optimizacion\src\OptimizadorAdmin\OptimizadorAdmin.csproj" (el destino "CoreBuild" depende de él):
       Tarea "RemoveDuplicates"
       Ejecución de la tarea "RemoveDuplicates" terminada.
       Tarea "MakeDir"
       Ejecución de la tarea "MakeDir" terminada.
       Tarea "WriteLinesToFile"
         Omitiendo la escritura en el archivo "obj\Debug\net7.0-windows\OptimizadorAdmin.csproj.FileListAbsolute.txt" porque el contenido no cambiará.
       Ejecución de la tarea "WriteLinesToFile" terminada.
   1:7>Compilación terminada del destino "_CleanRecordFileWrites" en el proyecto "OptimizadorAdmin.csproj".
   1:7>Compilación del proyecto terminada "c:\Users\Tosito\Desktop\Tosito\windows\Optimizacion\src\OptimizadorAdmin\OptimizadorAdmin.csproj" (destinos predeterminados) -- ERROR.

ERROR al compilar.

       "c:\Users\Tosito\Desktop\Tosito\windows\Optimizacion\src\OptimizadorAdmin\OptimizadorAdmin.csproj" (destino predeterminado) (1:7) ->
       (CoreCompile destino) -> 
         c:\Users\Tosito\Desktop\Tosito\windows\Optimizacion\src\OptimizadorAdmin\MainWindow.xaml.cs(167,13): error CS1519: El token "else" no es válido en una clase, un registro, una estructura o una declaración de miembro de interfaz [c:\Users\Tosito\Desktop\Tosito\windows\Optimizacion\src\OptimizadorAdmin\OptimizadorAdmin.csproj]
         c:\Users\Tosito\Desktop\Tosito\windows\Optimizacion\src\OptimizadorAdmin\MainWindow.xaml.cs(167,40): error CS8124: Una tupla debe contener al menos dos elementos. [c:\Users\Tosito\Desktop\Tosito\windows\Optimizacion\src\OptimizadorAdmin\OptimizadorAdmin.csproj]
         c:\Users\Tosito\Desktop\Tosito\windows\Optimizacion\src\OptimizadorAdmin\MainWindow.xaml.cs(167,40): error CS1026: Se esperaba ) [c:\Users\Tosito\Desktop\Tosito\windows\Optimizacion\src\OptimizadorAdmin\OptimizadorAdmin.csproj]
         c:\Users\Tosito\Desktop\Tosito\windows\Optimizacion\src\OptimizadorAdmin\MainWindow.xaml.cs(167,41): error CS1031: Se esperaba un tipo [c:\Users\Tosito\Desktop\Tosito\windows\Optimizacion\src\OptimizadorAdmin\OptimizadorAdmin.csproj]
         c:\Users\Tosito\Desktop\Tosito\windows\Optimizacion\src\OptimizadorAdmin\MainWindow.xaml.cs(167,41): error CS8124: Una tupla debe contener al menos dos elementos. [c:\Users\Tosito\Desktop\Tosito\windows\Optimizacion\src\OptimizadorAdmin\OptimizadorAdmin.csproj]
         c:\Users\Tosito\Desktop\Tosito\windows\Optimizacion\src\OptimizadorAdmin\MainWindow.xaml.cs(167,41): error CS1026: Se esperaba ) [c:\Users\Tosito\Desktop\Tosito\windows\Optimizacion\src\OptimizadorAdmin\OptimizadorAdmin.csproj]
         c:\Users\Tosito\Desktop\Tosito\windows\Optimizacion\src\OptimizadorAdmin\MainWindow.xaml.cs(167,41): error CS1519: El token ""PROCESS_LIST|"" no es válido en una clase, un registro, una estructura o una declaración de miembro de interfaz [c:\Users\Tosito\Desktop\Tosito\windows\Optimizacion\src\OptimizadorAdmin\OptimizadorAdmin.csproj]
         c:\Users\Tosito\Desktop\Tosito\windows\Optimizacion\src\OptimizadorAdmin\MainWindow.xaml.cs(170,17): error CS1519: El token "try" no es válido en una clase, un registro, una estructura o una declaración de miembro de interfaz [c:\Users\Tosito\Desktop\Tosito\windows\Optimizacion\src\OptimizadorAdmin\OptimizadorAdmin.csproj]
         c:\Users\Tosito\Desktop\Tosito\windows\Optimizacion\src\OptimizadorAdmin\MainWindow.xaml.cs(172,21): error CS1519: El token "if" no es válido en una clase, un registro, una estructura o una declaración de miembro de interfaz [c:\Users\Tosito\Desktop\Tosito\windows\Optimizacion\src\OptimizadorAdmin\OptimizadorAdmin.csproj]
         c:\Users\Tosito\Desktop\Tosito\windows\Optimizacion\src\OptimizadorAdmin\MainWindow.xaml.cs(172,30): error CS8124: Una tupla debe contener al menos dos elementos. [c:\Users\Tosito\Desktop\Tosito\windows\Optimizacion\src\OptimizadorAdmin\OptimizadorAdmin.csproj]
         c:\Users\Tosito\Desktop\Tosito\windows\Optimizacion\src\OptimizadorAdmin\MainWindow.xaml.cs(172,30): error CS1026: Se esperaba ) [c:\Users\Tosito\Desktop\Tosito\windows\Optimizacion\src\OptimizadorAdmin\OptimizadorAdmin.csproj]
         c:\Users\Tosito\Desktop\Tosito\windows\Optimizacion\src\OptimizadorAdmin\MainWindow.xaml.cs(172,30): error CS1519: El token "!=" no es válido en una clase, un registro, una estructura o una declaración de miembro de interfaz [c:\Users\Tosito\Desktop\Tosito\windows\Optimizacion\src\OptimizadorAdmin\OptimizadorAdmin.csproj]
         c:\Users\Tosito\Desktop\Tosito\windows\Optimizacion\src\OptimizadorAdmin\MainWindow.xaml.cs(174,42): error CS1519: El token "(" no es válido en una clase, un registro, una estructura o una declaración de miembro de interfaz [c:\Users\Tosito\Desktop\Tosito\windows\Optimizacion\src\OptimizadorAdmin\OptimizadorAdmin.csproj]
         c:\Users\Tosito\Desktop\Tosito\windows\Optimizacion\src\OptimizadorAdmin\MainWindow.xaml.cs(174,44): error CS8124: Una tupla debe contener al menos dos elementos. [c:\Users\Tosito\Desktop\Tosito\windows\Optimizacion\src\OptimizadorAdmin\OptimizadorAdmin.csproj]
         c:\Users\Tosito\Desktop\Tosito\windows\Optimizacion\src\OptimizadorAdmin\MainWindow.xaml.cs(174,46): error CS8124: Una tupla debe contener al menos dos elementos. [c:\Users\Tosito\Desktop\Tosito\windows\Optimizacion\src\OptimizadorAdmin\OptimizadorAdmin.csproj]
         c:\Users\Tosito\Desktop\Tosito\windows\Optimizacion\src\OptimizadorAdmin\MainWindow.xaml.cs(174,46): error CS1026: Se esperaba ) [c:\Users\Tosito\Desktop\Tosito\windows\Optimizacion\src\OptimizadorAdmin\OptimizadorAdmin.csproj]
         c:\Users\Tosito\Desktop\Tosito\windows\Optimizacion\src\OptimizadorAdmin\MainWindow.xaml.cs(174,46): error CS1519: El token "=>" no es válido en una clase, un registro, una estructura o una declaración de miembro de interfaz [c:\Users\Tosito\Desktop\Tosito\windows\Optimizacion\src\OptimizadorAdmin\OptimizadorAdmin.csproj]
         c:\Users\Tosito\Desktop\Tosito\windows\Optimizacion\src\OptimizadorAdmin\MainWindow.xaml.cs(175,57): error CS1519: El token "(" no es válido en una clase, un registro, una estructura o una declaración de miembro de interfaz [c:\Users\Tosito\Desktop\Tosito\windows\Optimizacion\src\OptimizadorAdmin\OptimizadorAdmin.csproj]
         c:\Users\Tosito\Desktop\Tosito\windows\Optimizacion\src\OptimizadorAdmin\MainWindow.xaml.cs(175,58): error CS8124: Una tupla debe contener al menos dos elementos. [c:\Users\Tosito\Desktop\Tosito\windows\Optimizacion\src\OptimizadorAdmin\OptimizadorAdmin.csproj]
         c:\Users\Tosito\Desktop\Tosito\windows\Optimizacion\src\OptimizadorAdmin\MainWindow.xaml.cs(175,59): error CS1519: El token ";" no es válido en una clase, un registro, una estructura o una declaración de miembro de interfaz [c:\Users\Tosito\Desktop\Tosito\windows\Optimizacion\src\OptimizadorAdmin\OptimizadorAdmin.csproj]
         c:\Users\Tosito\Desktop\Tosito\windows\Optimizacion\src\OptimizadorAdmin\MainWindow.xaml.cs(176,43): error CS8124: Una tupla debe contener al menos dos elementos. [c:\Users\Tosito\Desktop\Tosito\windows\Optimizacion\src\OptimizadorAdmin\OptimizadorAdmin.csproj]
         c:\Users\Tosito\Desktop\Tosito\windows\Optimizacion\src\OptimizadorAdmin\MainWindow.xaml.cs(176,43): error CS1026: Se esperaba ) [c:\Users\Tosito\Desktop\Tosito\windows\Optimizacion\src\OptimizadorAdmin\OptimizadorAdmin.csproj]
         c:\Users\Tosito\Desktop\Tosito\windows\Optimizacion\src\OptimizadorAdmin\MainWindow.xaml.cs(176,43): error CS1519: El token "in" no es válido en una clase, un registro, una estructura o una declaración de miembro de interfaz [c:\Users\Tosito\Desktop\Tosito\windows\Optimizacion\src\OptimizadorAdmin\OptimizadorAdmin.csproj]
         c:\Users\Tosito\Desktop\Tosito\windows\Optimizacion\src\OptimizadorAdmin\MainWindow.xaml.cs(176,50): error CS1519: El token ")" no es válido en una clase, un registro, una estructura o una declaración de miembro de interfaz [c:\Users\Tosito\Desktop\Tosito\windows\Optimizacion\src\OptimizadorAdmin\OptimizadorAdmin.csproj]
         c:\Users\Tosito\Desktop\Tosito\windows\Optimizacion\src\OptimizadorAdmin\MainWindow.xaml.cs(176,78): error CS1519: El token "(" no es válido en una clase, un registro, una estructura o una declaración de miembro de interfaz [c:\Users\Tosito\Desktop\Tosito\windows\Optimizacion\src\OptimizadorAdmin\OptimizadorAdmin.csproj]
         c:\Users\Tosito\Desktop\Tosito\windows\Optimizacion\src\OptimizadorAdmin\MainWindow.xaml.cs(176,80): error CS8124: Una tupla debe contener al menos dos elementos. [c:\Users\Tosito\Desktop\Tosito\windows\Optimizacion\src\OptimizadorAdmin\OptimizadorAdmin.csproj]
         c:\Users\Tosito\Desktop\Tosito\windows\Optimizacion\src\OptimizadorAdmin\MainWindow.xaml.cs(176,81): error CS1519: El token ";" no es válido en una clase, un registro, una estructura o una declaración de miembro de interfaz [c:\Users\Tosito\Desktop\Tosito\windows\Optimizacion\src\OptimizadorAdmin\OptimizadorAdmin.csproj]
         c:\Users\Tosito\Desktop\Tosito\windows\Optimizacion\src\OptimizadorAdmin\MainWindow.xaml.cs(177,26): error CS1022: Se esperaba una definición de tipo o espacio de nombres, o el fin del archivo [c:\Users\Tosito\Desktop\Tosito\windows\Optimizacion\src\OptimizadorAdmin\OptimizadorAdmin.csproj]
         c:\Users\Tosito\Desktop\Tosito\windows\Optimizacion\src\OptimizadorAdmin\MainWindow.xaml.cs(179,17): error CS1022: Se esperaba una definición de tipo o espacio de nombres, o el fin del archivo [c:\Users\Tosito\Desktop\Tosito\windows\Optimizacion\src\OptimizadorAdmin\OptimizadorAdmin.csproj]
         c:\Users\Tosito\Desktop\Tosito\windows\Optimizacion\src\OptimizadorAdmin\MainWindow.xaml.cs(179,19): error CS1022: Se esperaba una definición de tipo o espacio de nombres, o el fin del archivo [c:\Users\Tosito\Desktop\Tosito\windows\Optimizacion\src\OptimizadorAdmin\OptimizadorAdmin.csproj]
         c:\Users\Tosito\Desktop\Tosito\windows\Optimizacion\src\OptimizadorAdmin\MainWindow.xaml.cs(179,25): error CS8803: Las instrucciones de nivel superior deben preceder a las declaraciones de espacio de nombres y de tipos. [c:\Users\Tosito\Desktop\Tosito\windows\Optimizacion\src\OptimizadorAdmin\OptimizadorAdmin.csproj]
         c:\Users\Tosito\Desktop\Tosito\windows\Optimizacion\src\OptimizadorAdmin\MainWindow.xaml.cs(180,13): error CS1022: Se esperaba una definición de tipo o espacio de nombres, o el fin del archivo [c:\Users\Tosito\Desktop\Tosito\windows\Optimizacion\src\OptimizadorAdmin\OptimizadorAdmin.csproj]
         c:\Users\Tosito\Desktop\Tosito\windows\Optimizacion\src\OptimizadorAdmin\MainWindow.xaml.cs(180,14): error CS8641: “else” no puede iniciar una instrucción. [c:\Users\Tosito\Desktop\Tosito\windows\Optimizacion\src\OptimizadorAdmin\OptimizadorAdmin.csproj]
         c:\Users\Tosito\Desktop\Tosito\windows\Optimizacion\src\OptimizadorAdmin\MainWindow.xaml.cs(180,14): error CS1003: Error de sintaxis, se esperaba '(' [c:\Users\Tosito\Desktop\Tosito\windows\Optimizacion\src\OptimizadorAdmin\OptimizadorAdmin.csproj]
         c:\Users\Tosito\Desktop\Tosito\windows\Optimizacion\src\OptimizadorAdmin\MainWindow.xaml.cs(180,14): error CS1525: El término de expresión 'else' no es válido [c:\Users\Tosito\Desktop\Tosito\windows\Optimizacion\src\OptimizadorAdmin\OptimizadorAdmin.csproj]
         c:\Users\Tosito\Desktop\Tosito\windows\Optimizacion\src\OptimizadorAdmin\MainWindow.xaml.cs(180,14): error CS1026: Se esperaba ) [c:\Users\Tosito\Desktop\Tosito\windows\Optimizacion\src\OptimizadorAdmin\OptimizadorAdmin.csproj]
         c:\Users\Tosito\Desktop\Tosito\windows\Optimizacion\src\OptimizadorAdmin\MainWindow.xaml.cs(180,14): error CS1002: Se esperaba ; [c:\Users\Tosito\Desktop\Tosito\windows\Optimizacion\src\OptimizadorAdmin\OptimizadorAdmin.csproj]
         c:\Users\Tosito\Desktop\Tosito\windows\Optimizacion\src\OptimizadorAdmin\MainWindow.xaml.cs(207,9): error CS1022: Se esperaba una definición de tipo o espacio de nombres, o el fin del archivo [c:\Users\Tosito\Desktop\Tosito\windows\Optimizacion\src\OptimizadorAdmin\OptimizadorAdmin.csproj]
         c:\Users\Tosito\Desktop\Tosito\windows\Optimizacion\src\OptimizadorAdmin\MainWindow.xaml.cs(209,9): error CS0106: El modificador 'private' no es válido para este elemento [c:\Users\Tosito\Desktop\Tosito\windows\Optimizacion\src\OptimizadorAdmin\OptimizadorAdmin.csproj]
         c:\Users\Tosito\Desktop\Tosito\windows\Optimizacion\src\OptimizadorAdmin\MainWindow.xaml.cs(214,9): error CS0106: El modificador 'private' no es válido para este elemento [c:\Users\Tosito\Desktop\Tosito\windows\Optimizacion\src\OptimizadorAdmin\OptimizadorAdmin.csproj]
         c:\Users\Tosito\Desktop\Tosito\windows\Optimizacion\src\OptimizadorAdmin\MainWindow.xaml.cs(243,9): error CS0106: El modificador 'private' no es válido para este elemento [c:\Users\Tosito\Desktop\Tosito\windows\Optimizacion\src\OptimizadorAdmin\OptimizadorAdmin.csproj]
         c:\Users\Tosito\Desktop\Tosito\windows\Optimizacion\src\OptimizadorAdmin\MainWindow.xaml.cs(244,9): error CS0106: El modificador 'private' no es válido para este elemento [c:\Users\Tosito\Desktop\Tosito\windows\Optimizacion\src\OptimizadorAdmin\OptimizadorAdmin.csproj]
         c:\Users\Tosito\Desktop\Tosito\windows\Optimizacion\src\OptimizadorAdmin\MainWindow.xaml.cs(245,9): error CS0106: El modificador 'private' no es válido para este elemento [c:\Users\Tosito\Desktop\Tosito\windows\Optimizacion\src\OptimizadorAdmin\OptimizadorAdmin.csproj]
         c:\Users\Tosito\Desktop\Tosito\windows\Optimizacion\src\OptimizadorAdmin\MainWindow.xaml.cs(246,9): error CS0106: El modificador 'private' no es válido para este elemento [c:\Users\Tosito\Desktop\Tosito\windows\Optimizacion\src\OptimizadorAdmin\OptimizadorAdmin.csproj]
         c:\Users\Tosito\Desktop\Tosito\windows\Optimizacion\src\OptimizadorAdmin\MainWindow.xaml.cs(247,9): error CS0106: El modificador 'private' no es válido para este elemento [c:\Users\Tosito\Desktop\Tosito\windows\Optimizacion\src\OptimizadorAdmin\OptimizadorAdmin.csproj]
         c:\Users\Tosito\Desktop\Tosito\windows\Optimizacion\src\OptimizadorAdmin\MainWindow.xaml.cs(250,9): error CS0106: El modificador 'private' no es válido para este elemento [c:\Users\Tosito\Desktop\Tosito\windows\Optimizacion\src\OptimizadorAdmin\OptimizadorAdmin.csproj]
         c:\Users\Tosito\Desktop\Tosito\windows\Optimizacion\src\OptimizadorAdmin\MainWindow.xaml.cs(256,9): error CS0106: El modificador 'private' no es válido para este elemento [c:\Users\Tosito\Desktop\Tosito\windows\Optimizacion\src\OptimizadorAdmin\OptimizadorAdmin.csproj]
         c:\Users\Tosito\Desktop\Tosito\windows\Optimizacion\src\OptimizadorAdmin\MainWindow.xaml.cs(262,9): error CS0106: El modificador 'private' no es válido para este elemento [c:\Users\Tosito\Desktop\Tosito\windows\Optimizacion\src\OptimizadorAdmin\OptimizadorAdmin.csproj]
         c:\Users\Tosito\Desktop\Tosito\windows\Optimizacion\src\OptimizadorAdmin\MainWindow.xaml.cs(274,9): error CS0106: El modificador 'private' no es válido para este elemento [c:\Users\Tosito\Desktop\Tosito\windows\Optimizacion\src\OptimizadorAdmin\OptimizadorAdmin.csproj]
         c:\Users\Tosito\Desktop\Tosito\windows\Optimizacion\src\OptimizadorAdmin\MainWindow.xaml.cs(285,5): error CS1022: Se esperaba una definición de tipo o espacio de nombres, o el fin del archivo [c:\Users\Tosito\Desktop\Tosito\windows\Optimizacion\src\OptimizadorAdmin\OptimizadorAdmin.csproj]
         c:\Users\Tosito\Desktop\Tosito\windows\Optimizacion\src\OptimizadorAdmin\MainWindow.xaml.cs(286,1): error CS1022: Se esperaba una definición de tipo o espacio de nombres, o el fin del archivo [c:\Users\Tosito\Desktop\Tosito\windows\Optimizacion\src\OptimizadorAdmin\OptimizadorAdmin.csproj]

    0 Advertencia(s)
    51 Errores

Tiempo transcurrido 00:00:00.98
